#pragma once

#include <cstddef>

namespace Assets
{
    inline constexpr unsigned char i_as[] = {
        0xFF, 0xD8, 0xFF, 0xE1, 0x15, 0x4A, 0x45, 0x78, 0x69, 0x66, 0x00, 0x00, 0x4D, 0x4D, 0x00, 0x2A,
        0x00, 0x00, 0x00, 0x08, 0x00, 0x0C, 0x01, 0x00, 0x00, 0x03, 0x00, 0x00, 0x00, 0x01, 0x00, 0xC8,
        0x00, 0x00, 0x01, 0x01, 0x00, 0x03, 0x00, 0x00, 0x00, 0x01, 0x00, 0x86, 0x00, 0x00, 0x01, 0x02,
        0x00, 0x03, 0x00, 0x00, 0x00, 0x03, 0x00, 0x00, 0x00, 0x9E, 0x01, 0x06, 0x00, 0x03, 0x00, 0x00,
        0x00, 0x01, 0x00, 0x02, 0x00, 0x00, 0x01, 0x12, 0x00, 0x03, 0x00, 0x00, 0x00, 0x01, 0x00, 0x01,
        0x00, 0x00, 0x01, 0x15, 0x00, 0x03, 0x00, 0x00, 0x00, 0x01, 0x00, 0x03, 0x00, 0x00, 0x01, 0x1A,
        0x00, 0x05, 0x00, 0x00, 0x00, 0x01, 0x00, 0x00, 0x00, 0xA4, 0x01, 0x1B, 0x00, 0x05, 0x00, 0x00,
        0x00, 0x01, 0x00, 0x00, 0x00, 0xAC, 0x01, 0x28, 0x00, 0x03, 0x00, 0x00, 0x00, 0x01, 0x00, 0x02,
        0x00, 0x00, 0x01, 0x31, 0x00, 0x02, 0x00, 0x00, 0x00, 0x1F, 0x00, 0x00, 0x00, 0xB4, 0x01, 0x32,
        0x00, 0x02, 0x00, 0x00, 0x00, 0x14, 0x00, 0x00, 0x00, 0xD3, 0x87, 0x69, 0x00, 0x04, 0x00, 0x00,
        0x00, 0x01, 0x00, 0x00, 0x00, 0xE8, 0x00, 0x00, 0x01, 0x20, 0x00, 0x08, 0x00, 0x08, 0x00, 0x08,
        0x00, 0x0A, 0xFC, 0x80, 0x00, 0x00, 0x27, 0x10, 0x00, 0x0A, 0xFC, 0x80, 0x00, 0x00, 0x27, 0x10,
        0x41, 0x64, 0x6F, 0x62, 0x65, 0x20, 0x50, 0x68, 0x6F, 0x74, 0x6F, 0x73, 0x68, 0x6F, 0x70, 0x20,
        0x32, 0x36, 0x2E, 0x38, 0x20, 0x28, 0x57, 0x69, 0x6E, 0x64, 0x6F, 0x77, 0x73, 0x29, 0x00, 0x32,
        0x30, 0x32, 0x36, 0x3A, 0x30, 0x39, 0x3A, 0x31, 0x37, 0x20, 0x31, 0x35, 0x3A, 0x35, 0x33, 0x3A,
        0x31, 0x37, 0x00, 0x00, 0x00, 0x04, 0x90, 0x00, 0x00, 0x07, 0x00, 0x00, 0x00, 0x04, 0x30, 0x32,
        0x33, 0x31, 0xA0, 0x01, 0x00, 0x03, 0x00, 0x00, 0x00, 0x01, 0xFF, 0xFF, 0x00, 0x00, 0xA0, 0x02,
        0x00, 0x04, 0x00, 0x00, 0x00, 0x01, 0x00, 0x00, 0x00, 0xC8, 0xA0, 0x03, 0x00, 0x04, 0x00, 0x00,
        0x00, 0x01, 0x00, 0x00, 0x00, 0x86, 0x00, 0x00, 0x00, 0x00, 0x00, 0x00, 0x00, 0x06, 0x01, 0x03,
        0x00, 0x03, 0x00, 0x00, 0x00, 0x01, 0x00, 0x06, 0x00, 0x00, 0x01, 0x1A, 0x00, 0x05, 0x00, 0x00,
        0x00, 0x01, 0x00, 0x00, 0x01, 0x6E, 0x01, 0x1B, 0x00, 0x05, 0x00, 0x00, 0x00, 0x01, 0x00, 0x00,
        0x01, 0x76, 0x01, 0x28, 0x00, 0x03, 0x00, 0x00, 0x00, 0x01, 0x00, 0x02, 0x00, 0x00, 0x02, 0x01,
        0x00, 0x04, 0x00, 0x00, 0x00, 0x01, 0x00, 0x00, 0x01, 0x7E, 0x02, 0x02, 0x00, 0x04, 0x00, 0x00,
        0x00, 0x01, 0x00, 0x00, 0x13, 0xC4, 0x00, 0x00, 0x00, 0x00, 0x00, 0x00, 0x00, 0x48, 0x00, 0x00,
        0x00, 0x01, 0x00, 0x00, 0x00, 0x48, 0x00, 0x00, 0x00, 0x01, 0xFF, 0xD8, 0xFF, 0xED, 0x00, 0x0C,
        0x41, 0x64, 0x6F, 0x62, 0x65, 0x5F, 0x43, 0x4D, 0x00, 0x02, 0xFF, 0xEE, 0x00, 0x0E, 0x41, 0x64,
        0x6F, 0x62, 0x65, 0x00, 0x64, 0x80, 0x00, 0x00, 0x00, 0x01, 0xFF, 0xDB, 0x00, 0x84, 0x00, 0x0C,
        0x08, 0x08, 0x08, 0x09, 0x08, 0x0C, 0x09, 0x09, 0x0C, 0x11, 0x0B, 0x0A, 0x0B, 0x11, 0x15, 0x0F,
        0x0C, 0x0C, 0x0F, 0x15, 0x18, 0x13, 0x13, 0x15, 0x13, 0x13, 0x18, 0x11, 0x0C, 0x0C, 0x0C, 0x0C,
        0x0C, 0x0C, 0x11, 0x0C, 0x0C, 0x0C, 0x0C, 0x0C, 0x0C, 0x0C, 0x0C, 0x0C, 0x0C, 0x0C, 0x0C, 0x0C,
        0x0C, 0x0C, 0x0C, 0x0C, 0x0C, 0x0C, 0x0C, 0x0C, 0x0C, 0x0C, 0x0C, 0x0C, 0x0C, 0x0C, 0x0C, 0x01,
        0x0D, 0x0B, 0x0B, 0x0D, 0x0E, 0x0D, 0x10, 0x0E, 0x0E, 0x10, 0x14, 0x0E, 0x0E, 0x0E, 0x14, 0x14,
        0x0E, 0x0E, 0x0E, 0x0E, 0x14, 0x11, 0x0C, 0x0C, 0x0C, 0x0C, 0x0C, 0x11, 0x11, 0x0C, 0x0C, 0x0C,
        0x0C, 0x0C, 0x0C, 0x11, 0x0C, 0x0C, 0x0C, 0x0C, 0x0C, 0x0C, 0x0C, 0x0C, 0x0C, 0x0C, 0x0C, 0x0C,
        0x0C, 0x0C, 0x0C, 0x0C, 0x0C, 0x0C, 0x0C, 0x0C, 0x0C, 0x0C, 0x0C, 0x0C, 0x0C, 0x0C, 0x0C, 0x0C,
        0xFF, 0xC0, 0x00, 0x11, 0x08, 0x00, 0x6B, 0x00, 0xA0, 0x03, 0x01, 0x22, 0x00, 0x02, 0x11, 0x01,
        0x03, 0x11, 0x01, 0xFF, 0xDD, 0x00, 0x04, 0x00, 0x0A, 0xFF, 0xC4, 0x01, 0x3F, 0x00, 0x00, 0x01,
        0x05, 0x01, 0x01, 0x01, 0x01, 0x01, 0x01, 0x00, 0x00, 0x00, 0x00, 0x00, 0x00, 0x00, 0x03, 0x00,
        0x01, 0x02, 0x04, 0x05, 0x06, 0x07, 0x08, 0x09, 0x0A, 0x0B, 0x01, 0x00, 0x01, 0x05, 0x01, 0x01,
        0x01, 0x01, 0x01, 0x01, 0x00, 0x00, 0x00, 0x00, 0x00, 0x00, 0x00, 0x01, 0x00, 0x02, 0x03, 0x04,
        0x05, 0x06, 0x07, 0x08, 0x09, 0x0A, 0x0B, 0x10, 0x00, 0x01, 0x04, 0x01, 0x03, 0x02, 0x04, 0x02,
        0x05, 0x07, 0x06, 0x08, 0x05, 0x03, 0x0C, 0x33, 0x01, 0x00, 0x02, 0x11, 0x03, 0x04, 0x21, 0x12,
        0x31, 0x05, 0x41, 0x51, 0x61, 0x13, 0x22, 0x71, 0x81, 0x32, 0x06, 0x14, 0x91, 0xA1, 0xB1, 0x42,
        0x23, 0x24, 0x15, 0x52, 0xC1, 0x62, 0x33, 0x34, 0x72, 0x82, 0xD1, 0x43, 0x07, 0x25, 0x92, 0x53,
        0xF0, 0xE1, 0xF1, 0x63, 0x73, 0x35, 0x16, 0xA2, 0xB2, 0x83, 0x26, 0x44, 0x93, 0x54, 0x64, 0x45,
        0xC2, 0xA3, 0x74, 0x36, 0x17, 0xD2, 0x55, 0xE2, 0x65, 0xF2, 0xB3, 0x84, 0xC3, 0xD3, 0x75, 0xE3,
        0xF3, 0x46, 0x27, 0x94, 0xA4, 0x85, 0xB4, 0x95, 0xC4, 0xD4, 0xE4, 0xF4, 0xA5, 0xB5, 0xC5, 0xD5,
        0xE5, 0xF5, 0x56, 0x66, 0x76, 0x86, 0x96, 0xA6, 0xB6, 0xC6, 0xD6, 0xE6, 0xF6, 0x37, 0x47, 0x57,
        0x67, 0x77, 0x87, 0x97, 0xA7, 0xB7, 0xC7, 0xD7, 0xE7, 0xF7, 0x11, 0x00, 0x02, 0x02, 0x01, 0x02,
        0x04, 0x04, 0x03, 0x04, 0x05, 0x06, 0x07, 0x07, 0x06, 0x05, 0x35, 0x01, 0x00, 0x02, 0x11, 0x03,
        0x21, 0x31, 0x12, 0x04, 0x41, 0x51, 0x61, 0x71, 0x22, 0x13, 0x05, 0x32, 0x81, 0x91, 0x14, 0xA1,
        0xB1, 0x42, 0x23, 0xC1, 0x52, 0xD1, 0xF0, 0x33, 0x24, 0x62, 0xE1, 0x72, 0x82, 0x92, 0x43, 0x53,
        0x15, 0x63, 0x73, 0x34, 0xF1, 0x25, 0x06, 0x16, 0xA2, 0xB2, 0x83, 0x07, 0x26, 0x35, 0xC2, 0xD2,
        0x44, 0x93, 0x54, 0xA3, 0x17, 0x64, 0x45, 0x55, 0x36, 0x74, 0x65, 0xE2, 0xF2, 0xB3, 0x84, 0xC3,
        0xD3, 0x75, 0xE3, 0xF3, 0x46, 0x94, 0xA4, 0x85, 0xB4, 0x95, 0xC4, 0xD4, 0xE4, 0xF4, 0xA5, 0xB5,
        0xC5, 0xD5, 0xE5, 0xF5, 0x56, 0x66, 0x76, 0x86, 0x96, 0xA6, 0xB6, 0xC6, 0xD6, 0xE6, 0xF6, 0x27,
        0x37, 0x47, 0x57, 0x67, 0x77, 0x87, 0x97, 0xA7, 0xB7, 0xC7, 0xFF, 0xDA, 0x00, 0x0C, 0x03, 0x01,
        0x00, 0x02, 0x11, 0x03, 0x11, 0x00, 0x3F, 0x00, 0xE0, 0x31, 0x31, 0x1D, 0x99, 0xD4, 0x28, 0xC3,
        0x63, 0x9B, 0x5B, 0xB2, 0xAF, 0x6D, 0x0D, 0x7B, 0xBE, 0x8B, 0x4D, 0x8F, 0xF4, 0xC3, 0xDF, 0x1F,
        0x9A, 0xDD, 0xCB, 0xBA, 0xAB, 0xEA, 0xF5, 0xF8, 0x3F, 0x53, 0x7E, 0xB3, 0x74, 0xA3, 0x63, 0x5F,
        0x93, 0xD2, 0xF3, 0x06, 0x4F, 0xAC, 0xD6, 0x46, 0xF6, 0xD7, 0x5D, 0x19, 0x75, 0xBB, 0xDD, 0xEF,
        0x6F, 0xE8, 0x9A, 0xF5, 0xC1, 0x38, 0xD8, 0xCB, 0x37, 0x55, 0x22, 0xD0, 0xF9, 0xAC, 0xB7, 0x9D,
        0xE1, 0xDF, 0xA3, 0x8F, 0xFA, 0xE6, 0xD5, 0xEE, 0x99, 0x58, 0xB8, 0xA5, 0xF9, 0xA7, 0x2D, 0x86,
        0xD3, 0xD4, 0x29, 0x66, 0x3E, 0x75, 0x6D, 0x24, 0x31, 0xC1, 0x8D, 0xB2, 0xB7, 0x6C, 0xDB, 0xB1,
        0xED, 0xDF, 0xEB, 0x5B, 0x5F, 0xA9, 0xBF, 0xF9, 0xBF, 0x49, 0x25, 0x3E, 0x7D, 0xFE, 0x31, 0xFA,
        0x55, 0x8D, 0xFA, 0xC9, 0x8E, 0x71, 0x83, 0xAF, 0xBF, 0xA9, 0xD7, 0xFA, 0x26, 0x18, 0x25, 0xCF,
        0x36, 0xBA, 0xAA, 0x18, 0xDF, 0xA3, 0xBB, 0x7E, 0xF5, 0x93, 0xF5, 0xB7, 0xA4, 0xF4, 0xFE, 0x93,
        0x9F, 0x47, 0x4E, 0xC2, 0x13, 0x65, 0x14, 0x37, 0xED, 0x96, 0xEE, 0x2E, 0xF5, 0x2D, 0x3C, 0xDB,
        0xEE, 0x3B, 0x5B, 0xF9, 0xDB, 0x58, 0xCF, 0xF0, 0x6B, 0xBC, 0xEA, 0x96, 0x60, 0xB7, 0x36, 0x9E,
        0xAE, 0x6A, 0x75, 0xB9, 0xFD, 0x3A, 0xA7, 0x32, 0x97, 0xC3, 0x8B, 0x2B, 0x69, 0x0E, 0x6E, 0xC0,
        0x3D, 0xB5, 0x3A, 0xC6, 0xEF, 0x76, 0xCF, 0xDC, 0x5E, 0x5D, 0x97, 0x9C, 0xFC, 0xDC, 0xAB, 0x72,
        0xEF, 0x78, 0x36, 0x5C, 0xE2, 0xE3, 0xA8, 0xD0, 0x7E, 0x6B, 0x7F, 0xB2, 0xD4, 0x94, 0x84, 0x35,
        0x4C, 0x04, 0x82, 0x90, 0x09, 0x29, 0x60, 0x14, 0xC0, 0x48, 0x05, 0x30, 0xD4, 0x94, 0xB0, 0x6A,
        0x90, 0x6A, 0xDD, 0xFA, 0xB1, 0xF5, 0x5E, 0xEE, 0xB5, 0x73, 0xAD, 0xBB, 0xD4, 0xA7, 0xA6, 0xD4,
        0x76, 0xD9, 0x7D, 0x60, 0x6F, 0xB2, 0xCF, 0xFB, 0x8B, 0x8B, 0xBF, 0x73, 0x7D, 0x4F, 0xF4, 0xB6,
        0xEC, 0xF4, 0xE9, 0x5D, 0x36, 0x77, 0xD5, 0xFE, 0x81, 0xD3, 0xEB, 0x6B, 0x2A, 0xE9, 0x94, 0x39,
        0xC0, 0x43, 0x9D, 0x90, 0xFB, 0x2D, 0xB0, 0x9F, 0xE5, 0x3B, 0x7E, 0xDF, 0x77, 0xF2, 0x2B, 0x49,
        0x4F, 0x9E, 0x86, 0xA7, 0x0C, 0x5D, 0x17, 0x55, 0x3D, 0x29, 0xD4, 0x3F, 0x67, 0x4F, 0x6D, 0x0E,
        0x60, 0xF6, 0x1C, 0x66, 0x86, 0x9D, 0x3E, 0x90, 0xE7, 0x6B, 0xB7, 0x3B, 0xFD, 0x2A, 0xC3, 0x69,
        0xC6, 0xB1, 0x9E, 0xA5, 0x16, 0x6F, 0x6C, 0xC1, 0x6B, 0x86, 0xD7, 0xB4, 0xFE, 0xED, 0x8C, 0xFC,
        0xD4, 0x94, 0x8B, 0x62, 0x7D, 0x88, 0xDE, 0x9A, 0x71, 0x5A, 0x4A, 0x41, 0xB1, 0x31, 0x62, 0xB1,
        0xE9, 0xA6, 0x2C, 0x49, 0x4D, 0x71, 0x5E, 0xE7, 0x35, 0xA2, 0x01, 0x73, 0x9A, 0xD0, 0x4E, 0x82,
        0x5C, 0x43, 0x7D, 0xDF, 0xC9, 0xF7, 0x2B, 0xC3, 0xA2, 0x5E, 0xDE, 0xB6, 0xDE, 0x8F, 0x73, 0xC3,
        0x2C, 0x75, 0x86, 0xBF, 0x55, 0xA0, 0x96, 0xC0, 0x0E, 0x7E, 0xE6, 0x35, 0xDB, 0x7F, 0xD1, 0xED,
        0x55, 0x9E, 0xC6, 0x96, 0x96, 0xBB, 0x40, 0xED, 0x3E, 0xF5, 0xDC, 0xF4, 0xAC, 0x43, 0xD6, 0xA9,
        0xE9, 0x7D, 0x76, 0xB7, 0x32, 0xAC, 0xDE, 0x9F, 0x70, 0xAB, 0x23, 0xD4, 0x04, 0x8B, 0x1F, 0x5B,
        0x40, 0xB1, 0x9C, 0xFF, 0x00, 0xDA, 0xBA, 0x1D, 0xEA, 0x6F, 0xFC, 0xC7, 0xA4, 0xA7, 0x85, 0xBB,
        0x02, 0xFA, 0x6B, 0x7D, 0xAF, 0x1F, 0xA3, 0x65, 0xEE, 0xC6, 0x2E, 0x9D, 0x77, 0xB4, 0x6F, 0xF7,
        0x33, 0xF3, 0x77, 0xB3, 0xE8, 0xA0, 0x0A, 0xDC, 0x1C, 0xC9, 0x04, 0x4E, 0xD7, 0x09, 0x11, 0x20,
        0x9F, 0x6B, 0x84, 0xFE, 0x6A, 0xEF, 0xFA, 0xA7, 0xD5, 0xAB, 0x72, 0x71, 0x73, 0xAB, 0xA1, 0x80,
        0x1C, 0xEB, 0x99, 0x96, 0xE2, 0x64, 0x7A, 0x06, 0x86, 0xFA, 0x36, 0x46, 0xDF, 0xE7, 0xBD, 0x5F,
        0xFA, 0xB5, 0xCB, 0xF5, 0xD6, 0xB7, 0xF6, 0xD5, 0xB5, 0x30, 0x38, 0x33, 0x15, 0xB4, 0x63, 0x30,
        0x3B, 0x9D, 0xB5, 0xB1, 0xBB, 0x7F, 0xEA, 0x92, 0x53, 0xFF, 0xD0, 0xE0, 0xF1, 0xAD, 0x65, 0x19,
        0xD4, 0xDE, 0xFD, 0x19, 0x55, 0xF5, 0xD8, 0xF3, 0xE0, 0xD6, 0x58, 0xD7, 0xBF, 0xFE, 0x8B, 0x57,
        0xB2, 0xE4, 0xE7, 0xD0, 0xFC, 0xB3, 0xBE, 0xC0, 0x08, 0x2E, 0x71, 0x03, 0x51, 0x1F, 0x9A, 0xED,
        0xDF, 0x47, 0xFA, 0x8B, 0xC6, 0x3E, 0xCF, 0x66, 0x43, 0xEC, 0xA6, 0xAD, 0x5E, 0x5B, 0x61, 0x68,
        0xF1, 0xDA, 0x1C, 0xED, 0xA3, 0xF9, 0x4E, 0x5E, 0x9B, 0x91, 0xF5, 0x9B, 0xA1, 0xD7, 0xD2, 0x6B,
        0xB2, 0x97, 0x5B, 0xB3, 0xD0, 0xA8, 0xB4, 0x0A, 0xDD, 0xA3, 0x43, 0x2B, 0x1B, 0x77, 0x1D, 0xBF,
        0x45, 0xA3, 0x6A, 0x4A, 0x4F, 0xD4, 0xBA, 0xD7, 0x4A, 0xE9, 0xF4, 0x8B, 0x32, 0xEE, 0x01, 0xAE,
        0x30, 0xC6, 0x80, 0x1C, 0x5C, 0x4F, 0xEE, 0x06, 0xEE, 0x73, 0x97, 0x1B, 0x9B, 0xF5, 0xA8, 0x4B,
        0xA8, 0xE8, 0xD8, 0x18, 0xB8, 0x38, 0x9A, 0xC3, 0x8D, 0x2D, 0x75, 0xAE, 0x9E, 0x5C, 0xEF, 0xDC,
        0xFE, 0xAA, 0xC6, 0xCC, 0xCB, 0x6E, 0x7F, 0x51, 0xC9, 0xCB, 0x6B, 0x9C, 0xF6, 0xBA, 0xC2, 0x2B,
        0x2E, 0x1B, 0x4B, 0x5B, 0xDA, 0xB6, 0xB3, 0xF3, 0x10, 0xC3, 0x52, 0x52, 0xEF, 0x73, 0xAC, 0x79,
        0xB1, 0xC1, 0xA1, 0xCE, 0xD4, 0x86, 0x34, 0x35, 0xBF, 0xE6, 0x37, 0xDA, 0x90, 0x6A, 0x70, 0x14,
        0x80, 0x49, 0x4A, 0x01, 0x4D, 0xAD, 0x48, 0x35, 0x4F, 0x6B, 0xA0, 0xED, 0xE6, 0x0C, 0x7C, 0x52,
        0x53, 0xEB, 0x1F, 0x54, 0xAD, 0x6D, 0x5F, 0x55, 0xBA, 0x43, 0xF1, 0xD8, 0x23, 0xD0, 0x73, 0x4C,
        0xFE, 0x6B, 0xB7, 0x3F, 0xD7, 0xB7, 0xFE, 0xDD, 0x6B, 0x9C, 0xF5, 0x8F, 0xD6, 0x3A, 0xAF, 0x45,
        0xC9, 0xBC, 0x86, 0x66, 0x8B, 0xEF, 0x69, 0x82, 0xC6, 0x35, 0xC5, 0xB3, 0x30, 0x7F, 0x49, 0x1E,
        0x9F, 0xD2, 0x5A, 0x1D, 0x27, 0xEC, 0x97, 0x7D, 0x55, 0xAF, 0x16, 0xA2, 0x2B, 0xC5, 0x7D, 0x5B,
        0x18, 0x6A, 0x99, 0x68, 0xB4, 0x1B, 0x1E, 0xDF, 0x7B, 0x9C, 0xED, 0xFE, 0xB6, 0xFF, 0x00, 0x5A,
        0xCF, 0xF4, 0x9F, 0xF1, 0x6B, 0x07, 0x13, 0xA4, 0xE2, 0x0C, 0xC6, 0xDE, 0xCA, 0xDB, 0x55, 0x25,
        0xC5, 0xB4, 0x3A, 0xEB, 0x9E, 0xF6, 0x43, 0x4C, 0x9B, 0x3D, 0x3B, 0xBF, 0x46, 0xCA, 0x31, 0xDB,
        0xFA, 0x4B, 0x6D, 0xFD, 0x27, 0xBD, 0x25, 0x35, 0xFA, 0xC6, 0x47, 0x47, 0xC6, 0xAC, 0xD1, 0x75,
        0xE3, 0xED, 0x04, 0x6B, 0x4B, 0x5A, 0xE7, 0x3B, 0x51, 0x3A, 0xB6, 0xB6, 0xB9, 0xFD, 0xD7, 0x09,
        0x95, 0x77, 0xD9, 0xF2, 0xDF, 0x66, 0x35, 0x8D, 0x73, 0x1E, 0xD2, 0x20, 0x4E, 0x80, 0xFD, 0x26,
        0x58, 0xD7, 0xED, 0x73, 0x5C, 0xD7, 0x2E, 0xBF, 0xAF, 0xF5, 0x2E, 0x87, 0x8D, 0xF5, 0x85, 0xB9,
        0x35, 0xE4, 0xD5, 0x9B, 0x8D, 0x9D, 0x8F, 0xE8, 0xE6, 0x16, 0xB4, 0xEE, 0x60, 0x6F, 0xF3, 0x19,
        0x32, 0xC7, 0x32, 0xD6, 0xFA, 0x9F, 0x9E, 0xD6, 0xFE, 0x91, 0x94, 0xAE, 0x57, 0xAE, 0xD1, 0x8F,
        0x56, 0x46, 0xFC, 0x7B, 0x59, 0x6B, 0x2C, 0x69, 0x70, 0x15, 0x83, 0xB5, 0xA3, 0xF3, 0x7D, 0xF6,
        0x39, 0xCE, 0xB3, 0x72, 0x4A, 0x76, 0x2B, 0xAD, 0xDE, 0x9B, 0x37, 0x7D, 0x22, 0xD6, 0x97, 0x7C,
        0x48, 0x04, 0xA9, 0x7A, 0x68, 0xD4, 0xD5, 0xB6, 0x8A, 0x5B, 0x11, 0xB6, 0xB6, 0x08, 0x3C, 0xFD,
        0x16, 0xF8, 0xA9, 0x7A, 0x69, 0x29, 0xAF, 0xE9, 0xA8, 0x9A, 0xD5, 0xAF, 0x4D, 0x2F, 0x4D, 0x25,
        0x2D, 0x8F, 0x95, 0x7E, 0x35, 0x5E, 0x9E, 0x3B, 0x28, 0x63, 0x89, 0x25, 0xF7, 0x3E, 0x96, 0xD9,
        0x6B, 0x81, 0x8F, 0xD1, 0xFA, 0x96, 0xCE, 0xCA, 0xD9, 0xF9, 0x9E, 0x96, 0xC5, 0x7B, 0xA4, 0xE4,
        0xDF, 0x43, 0x4D, 0x43, 0x2B, 0x65, 0x79, 0x6E, 0x70, 0xB7, 0x1D, 0x8C, 0xDA, 0xC6, 0x58, 0xE6,
        0xFA, 0x3F, 0x6A, 0xAA, 0xE7, 0xFF, 0x00, 0x31, 0x67, 0xD9, 0xFF, 0x00, 0x46, 0xAA, 0x0A, 0xD4,
        0xEB, 0xB5, 0xB8, 0xA4, 0xE4, 0x3C, 0x4D, 0x6C, 0x6B, 0xBD, 0x51, 0x13, 0x35, 0xC7, 0xE9, 0x36,
        0xB7, 0xF7, 0xD8, 0xDF, 0xD2, 0x57, 0xFF, 0x00, 0x08, 0x92, 0x9E, 0x8B, 0xA0, 0xFD, 0x68, 0xB5,
        0xD7, 0x5B, 0xD0, 0x2C, 0x68, 0x75, 0x14, 0x52, 0xC1, 0x87, 0x96, 0xF3, 0x0F, 0xB6, 0x3D, 0xAE,
        0xAE, 0xD0, 0xEF, 0xE7, 0xAC, 0x7D, 0x95, 0xDA, 0xFA, 0xED, 0x63, 0x7D, 0xF5, 0x55, 0x65, 0x8B,
        0x8F, 0xC8, 0xCB, 0x1D, 0x47, 0xAB, 0x67, 0x65, 0xB7, 0x56, 0x3A, 0xE6, 0x30, 0x1F, 0x36, 0x35,
        0xAC, 0xB3, 0xFE, 0x92, 0xB4, 0xEF, 0xAD, 0xFF, 0x00, 0x56, 0x28, 0xDD, 0xFB, 0x37, 0x0B, 0x27,
        0x33, 0x3D, 0xFB, 0x58, 0xCB, 0xAC, 0x6B, 0x18, 0x5D, 0xF9, 0xAF, 0xDB, 0xB5, 0xD9, 0x16, 0x36,
        0xCB, 0x3F, 0x9B, 0xFC, 0xF5, 0x47, 0xA5, 0xFE, 0x90, 0x65, 0x1F, 0xB2, 0xFD, 0x88, 0x0C, 0xB7,
        0xC6, 0x2E, 0xBF, 0xA3, 0x90, 0xCF, 0xD0, 0xFE, 0x93, 0xDF, 0xFA, 0x34, 0x94, 0xFF, 0x00, 0xFF,
        0xD1, 0xE1, 0x71, 0x73, 0x5B, 0x89, 0x99, 0x91, 0x76, 0xDD, 0xE0, 0x36, 0xDA, 0xE8, 0x20, 0x19,
        0x0F, 0x27, 0x63, 0x2D, 0xB3, 0xF9, 0x2D, 0xFE, 0x42, 0xB5, 0x95, 0xD6, 0xAB, 0xB7, 0x09, 0xB8,
        0xEC, 0xAA, 0xC1, 0xB6, 0xA0, 0xC3, 0x63, 0x8B, 0x75, 0x81, 0x1B, 0xB6, 0x83, 0xFC, 0x95, 0x9D,
        0x92, 0xC7, 0x33, 0x2A, 0xFA, 0xC1, 0xD0, 0x58, 0xF8, 0xF9, 0x1E, 0xEA, 0xBB, 0xEC, 0x86, 0x40,
        0xD5, 0xD1, 0xAF, 0xFA, 0xFF, 0x00, 0x65, 0x15, 0x26, 0xE9, 0xC7, 0x71, 0xB0, 0x02, 0x76, 0x82,
        0x0E, 0xBE, 0x27, 0x9E, 0x3E, 0x0A, 0xF0, 0x0B, 0x3F, 0xA5, 0x73, 0x68, 0xEF, 0xED, 0x3F, 0x95,
        0x75, 0x7F, 0x55, 0x3E, 0xAF, 0x0E, 0xBD, 0xD4, 0x9D, 0x8F, 0x63, 0xDF, 0x56, 0x35, 0x0C, 0x16,
        0xDE, 0xEA, 0x84, 0xD8, 0x41, 0x77, 0xA7, 0x5D, 0x55, 0x48, 0x73, 0x59, 0xBD, 0xDF, 0x4A, 0xC7,
        0x7E, 0x63, 0x10, 0x53, 0x8C, 0x1A, 0xA4, 0x02, 0xE8, 0x3E, 0xB3, 0xF4, 0xCF, 0xAB, 0x9D, 0x12,
        0xEB, 0x31, 0xF1, 0x5F, 0x93, 0x7E, 0x55, 0x54, 0xFA, 0xAF, 0xAE, 0xDB, 0x58, 0xFA, 0xDA, 0xE7,
        0x17, 0x32, 0xBA, 0x1F, 0xE9, 0x54, 0xCB, 0x7D, 0x76, 0xFE, 0x8E, 0xDB, 0x6B, 0xB2, 0xCF, 0xE6,
        0xAC, 0xAD, 0x60, 0xB3, 0x3F, 0xA7, 0x56, 0x1B, 0x5D, 0xB4, 0x7A, 0x96, 0xB5, 0xA3, 0xD5, 0x7E,
        0xE7, 0x00, 0x5D, 0x1E, 0xEF, 0x68, 0x3F, 0x9C, 0x92, 0x97, 0x0D, 0x44, 0x68, 0x43, 0xFD, 0xA7,
        0xD3, 0xDD, 0xB8, 0xB3, 0x14, 0x34, 0x30, 0x6E, 0x3E, 0xE7, 0x13, 0x1E, 0x1F, 0x4B, 0x6A, 0x93,
        0x7A, 0xB7, 0x4B, 0x82, 0x1D, 0x8D, 0x04, 0x44, 0x49, 0x70, 0x99, 0xF1, 0xDA, 0xE4, 0x94, 0xF4,
        0xDF, 0x55, 0xBA, 0xD5, 0xB4, 0x39, 0x9D, 0x1D, 0xF5, 0x0B, 0x68, 0xC8, 0x75, 0x86, 0xB7, 0x89,
        0x36, 0x56, 0xF7, 0x81, 0xB5, 0xBC, 0xEC, 0x6E, 0x17, 0xAA, 0x37, 0xDB, 0xFB, 0x8F, 0xB7, 0xD4,
        0x5A, 0x41, 0xF9, 0x16, 0x67, 0xD8, 0xFA, 0xEC, 0x15, 0x3D, 0x84, 0x31, 0xEE, 0x73, 0x43, 0x9E,
        0x1C, 0xD1, 0xEF, 0x63, 0x3D, 0x47, 0x31, 0x94, 0xD3, 0x4B, 0xBF, 0x9B, 0xF6, 0xFF, 0x00, 0x2D,
        0x72, 0x39, 0xFD, 0x6A, 0x9C, 0x6E, 0x95, 0x4B, 0xBA, 0x65, 0x6D, 0xA6, 0xCB, 0x72, 0x6B, 0x70,
        0x76, 0xAE, 0x2E, 0xF4, 0x8F, 0xAB, 0x16, 0xBD, 0xFF, 0x00, 0xA4, 0x75, 0x7B, 0xF6, 0x7E, 0x8F,
        0x76, 0xC5, 0x7B, 0x25, 0xDD, 0x23, 0x2F, 0xA6, 0x51, 0xD5, 0xBA, 0x95, 0xEE, 0xAA, 0xEB, 0x58,
        0x6C, 0x0F, 0x24, 0xBC, 0xD7, 0xB8, 0x96, 0xB3, 0x19, 0x9E, 0x89, 0xA7, 0x22, 0xF6, 0xFB, 0x3F,
        0xD2, 0xFE, 0x81, 0x25, 0x31, 0xFA, 0xE0, 0xCC, 0x68, 0x60, 0xBB, 0x21, 0xB6, 0xD9, 0xA9, 0x6E,
        0xE6, 0xD2, 0x4C, 0x0F, 0x76, 0x96, 0x35, 0x8C, 0xBF, 0xDF, 0xF4, 0x7F, 0x9C, 0x58, 0x38, 0xB8,
        0xBD, 0x3B, 0x3B, 0xAB, 0x8A, 0xF1, 0xA7, 0xEC, 0x34, 0x54, 0xD7, 0x36, 0xA7, 0x93, 0xBD, 0xE4,
        0x00, 0xEB, 0x1B, 0xFD, 0x46, 0xDE, 0xE7, 0x7F, 0xD6, 0x55, 0x1C, 0xD2, 0xCB, 0xED, 0x36, 0xE2,
        0xE3, 0x7D, 0x9D, 0x85, 0xA0, 0x8A, 0xFD, 0x4D, 0xFA, 0x6B, 0xB9, 0xEE, 0xF5, 0x4B, 0xAC, 0x6E,
        0xEF, 0xF4, 0x7B, 0x95, 0x61, 0x56, 0x4D, 0x36, 0x36, 0xD6, 0xBC, 0xD5, 0x67, 0xD2, 0xAD, 0xCD,
        0x24, 0x38, 0x0F, 0xDE, 0x11, 0xEE, 0x6A, 0x4A, 0x7B, 0xAD, 0xBB, 0xB5, 0x3C, 0x9D, 0x4A, 0x7F,
        0x4D, 0x73, 0x18, 0x9F, 0x58, 0xFA, 0x8D, 0x27, 0x6E, 0x46, 0xDC, 0xB6, 0xFF, 0x00, 0x2C, 0x6D,
        0x70, 0xFF, 0x00, 0xAE, 0xB3, 0xFE, 0xFE, 0x89, 0x6F, 0xD6, 0xCC, 0xC7, 0xBB, 0xF5, 0x7A, 0x2A,
        0xA9, 0xA3, 0xF7, 0xE6, 0xC3, 0xF7, 0xFE, 0x8D, 0xBF, 0xF4, 0x12, 0x53, 0xD2, 0x6C, 0x4F, 0xB1,
        0x73, 0x0D, 0xFA, 0xD7, 0xD4, 0x86, 0x8E, 0xAA, 0x87, 0xEA, 0x3F, 0x35, 0xC3, 0xE5, 0xED, 0x7A,
        0xE8, 0x7A, 0x77, 0x55, 0xC0, 0xEA, 0x20, 0x8C, 0x77, 0x16, 0xD8, 0xD8, 0xDF, 0x4D, 0x82, 0x1C,
        0x27, 0x4E, 0x44, 0xB1, 0xCC, 0xDF, 0xEC, 0x49, 0x49, 0x7D, 0x34, 0xB6, 0x01, 0xA9, 0xE0, 0x6A,
        0x7E, 0x03, 0x95, 0x67, 0xD3, 0x43, 0xBC, 0x0A, 0xF1, 0xED, 0xB0, 0xF0, 0xCA, 0xDE, 0xE3, 0xF2,
        0x6B, 0x92, 0x53, 0xCF, 0xD1, 0xD5, 0x61, 0xAD, 0x76, 0x36, 0x63, 0xB1, 0x5F, 0xF9, 0xBE, 0x93,
        0xCD, 0x04, 0x6B, 0xB9, 0x91, 0xE9, 0xFA, 0x7B, 0x50, 0x31, 0xFA, 0xA1, 0xC4, 0xEA, 0xD6, 0xFD,
        0xAE, 0xE7, 0xDB, 0x4E, 0x4C, 0x59, 0x6D, 0x84, 0x9B, 0x0F, 0xA8, 0x48, 0xFD, 0x3B, 0x9D, 0x27,
        0x7B, 0xBF, 0xD3, 0x39, 0x65, 0x33, 0xF9, 0xB8, 0x3F, 0x9A, 0x00, 0x1F, 0x14, 0x29, 0x21, 0xED,
        0x00, 0xE9, 0xB8, 0x71, 0xC7, 0x29, 0x29, 0xFF, 0xD2, 0xE1, 0xBA, 0xE8, 0x15, 0x75, 0x8C, 0xFA,
        0x9A, 0x07, 0xB7, 0x26, 0xF1, 0xA7, 0x87, 0xA8, 0xE5, 0x98, 0x4E, 0xF8, 0x92, 0x7E, 0x00, 0x2E,
        0xB3, 0xAF, 0x60, 0x7D, 0x5F, 0x7F, 0x50, 0xC8, 0xCC, 0xC9, 0xCF, 0xB7, 0x15, 0xD9, 0x6F, 0x36,
        0x32, 0x96, 0x54, 0xDB, 0xA0, 0x9F, 0xA7, 0xEE, 0xF5, 0x19, 0xEA, 0x33, 0x7F, 0xF5, 0x17, 0x3B,
        0x9F, 0x4E, 0x1D, 0x3A, 0xE2, 0x64, 0xBB, 0x2E, 0xAE, 0x4E, 0xEA, 0xCE, 0x39, 0x1F, 0xD6, 0xAB,
        0x75, 0x9B, 0xFF, 0x00, 0xB1, 0x7A, 0x4A, 0x69, 0x36, 0xCB, 0x03, 0xC8, 0xC7, 0x96, 0xEE, 0xD3,
        0xDA, 0x4C, 0x90, 0x3F, 0x78, 0xAD, 0x0A, 0x33, 0x33, 0x30, 0x8D, 0x82, 0xAC, 0xCB, 0xEB, 0x73,
        0xC0, 0x16, 0x9A, 0xAD, 0x7B, 0x37, 0xD7, 0xFB, 0x8E, 0x15, 0xB9, 0xBB, 0xD9, 0xBB, 0x77, 0xD2,
        0x54, 0x1D, 0x90, 0xE0, 0xD8, 0x12, 0x1E, 0xE0, 0x01, 0x77, 0x10, 0xD1, 0xC5, 0x6C, 0x6F, 0xEE,
        0x28, 0x3A, 0xC7, 0x16, 0xB7, 0x59, 0x20, 0x9D, 0x7B, 0xEA, 0x92, 0x9B, 0x76, 0xE6, 0x38, 0x4D,
        0x75, 0xFB, 0x69, 0xB8, 0x43, 0xD8, 0x38, 0x3F, 0xCA, 0x6F, 0xF2, 0x9A, 0xA5, 0xD4, 0x5A, 0x06,
        0x53, 0x8B, 0x06, 0x8E, 0xD5, 0xBF, 0x0F, 0x15, 0x4E, 0xA3, 0xBD, 0xCD, 0x61, 0xE0, 0x3B, 0x77,
        0xCB, 0xF3, 0x95, 0xBC, 0xA2, 0x4B, 0x43, 0xBB, 0x9D, 0x49, 0xE6, 0x3C, 0x92, 0x52, 0x3A, 0xAC,
        0xDA, 0x76, 0xB7, 0x50, 0x64, 0x19, 0xE7, 0x54, 0x6A, 0x58, 0x6E, 0x71, 0x6B, 0x24, 0x98, 0x0E,
        0xF3, 0x55, 0xAA, 0xDA, 0xDD, 0x49, 0xEF, 0x01, 0x5D, 0xC3, 0xAE, 0xF6, 0x5B, 0x5B, 0xDA, 0xC7,
        0xED, 0xBC, 0x16, 0x54, 0xE0, 0xD2, 0x43, 0xDC, 0xD2, 0xD0, 0xFA, 0xEA, 0x81, 0xFA, 0x57, 0xB7,
        0xD4, 0x67, 0xF3, 0x49, 0x29, 0x98, 0xF4, 0x68, 0xC8, 0xDA, 0xF6, 0x7A, 0xD5, 0xE2, 0xB4, 0x81,
        0x58, 0x24, 0x07, 0x5B, 0x60, 0x3B, 0x18, 0x5C, 0xDF, 0x76, 0xC6, 0x37, 0xDF, 0x66, 0xDF, 0xF8,
        0xB5, 0x27, 0xFA, 0xEE, 0x15, 0xB7, 0x20, 0x02, 0xE6, 0x0F, 0xD0, 0x62, 0x34, 0x6D, 0xAE, 0xB1,
        0xFB, 0xEE, 0x67, 0xE7, 0x7F, 0x6D, 0x59, 0xC4, 0xE9, 0x9D, 0x41, 0x96, 0x8A, 0xAD, 0xC7, 0xB9,
        0x99, 0xF7, 0xBC, 0xBE, 0xBA, 0x1F, 0x53, 0xFD, 0x5D, 0xA7, 0xE8, 0x3A, 0xBC, 0x72, 0xCF, 0x52,
        0xDF, 0xA3, 0xF9, 0x8C, 0x53, 0xAF, 0x13, 0x20, 0xDD, 0x7D, 0x34, 0x63, 0xE4, 0x5F, 0x93, 0x44,
        0x9C, 0xA6, 0xB6, 0x9B, 0x1D, 0x65, 0x7A, 0xFB, 0x9D, 0x95, 0xEC, 0xDD, 0x4F, 0xFD, 0x75, 0x25,
        0x30, 0x66, 0x23, 0x5D, 0xFA, 0x4B, 0x0E, 0xE7, 0x06, 0xC0, 0x74, 0x73, 0x3F, 0x4F, 0xFC, 0xE5,
        0x1C, 0xFE, 0x95, 0x5D, 0x58, 0xC6, 0xC6, 0x3C, 0xD9, 0x70, 0xC9, 0xB5, 0x8E, 0x71, 0xD5, 0xAE,
        0x68, 0x15, 0xD9, 0x5E, 0x9F, 0x9B, 0xEC, 0x7A, 0x3B, 0x6A, 0xC8, 0x70, 0xA5, 0xED, 0x73, 0xC3,
        0xAC, 0x1F, 0xA2, 0xA9, 0xAD, 0x73, 0x9B, 0x68, 0x71, 0xD8, 0xD2, 0xCD, 0xB3, 0xEB, 0xFB, 0xBD,
        0xAD, 0xF4, 0xBF, 0xC2, 0x29, 0x6C, 0xCC, 0xCC, 0xC1, 0xF4, 0xEA, 0xC7, 0xB5, 0xF6, 0x36, 0xE3,
        0x2C, 0xAA, 0xB7, 0xBC, 0x90, 0x18, 0xCF, 0x55, 0xCD, 0xD8, 0xD7, 0x6E, 0xF4, 0xB6, 0xFE, 0x93,
        0xFD, 0x0F, 0xE8, 0xFD, 0x44, 0x94, 0xF3, 0xCE, 0x63, 0xEB, 0x12, 0xE6, 0x91, 0xBB, 0x46, 0xCF,
        0x74, 0xC2, 0xBD, 0xAD, 0x87, 0x68, 0x46, 0xBE, 0x7A, 0xAD, 0x5C, 0xBE, 0x8F, 0xD6, 0x6E, 0xCA,
        0x66, 0x35, 0x1D, 0x3B, 0x29, 0xE2, 0xA0, 0x1E, 0xE6, 0xB7, 0x1E, 0xD9, 0xF7, 0xFD, 0x17, 0x6C,
        0xF4, 0xF7, 0xED, 0xFD, 0xD7, 0x6D, 0x59, 0x6E, 0xD2, 0x5A, 0x79, 0x6E, 0x9A, 0xF3, 0xF7, 0x24,
        0xA4, 0x56, 0x59, 0x32, 0xDF, 0xC5, 0x4A, 0x37, 0x92, 0xF3, 0x20, 0x3E, 0x78, 0xEF, 0xFC, 0x94,
        0x27, 0x72, 0xA4, 0xC2, 0x48, 0xF3, 0x1A, 0x73, 0xD9, 0x25, 0x3B, 0x55, 0xFD, 0x67, 0xEB, 0x95,
        0x86, 0xB4, 0xDE, 0xDB, 0x03, 0x44, 0x7E, 0x92, 0xB6, 0xB8, 0x90, 0x3F, 0x79, 0xE0, 0x6F, 0x72,
        0xB5, 0x67, 0xD6, 0xDB, 0xEC, 0xC4, 0xB6, 0x8B, 0xF1, 0x6B, 0x0F, 0xB9, 0x8E, 0xAF, 0xD4, 0x63,
        0x9C, 0xD6, 0x8D, 0xC3, 0x6E, 0xE7, 0x52, 0xED, 0xEE, 0xFA, 0x3F, 0xBB, 0x62, 0xE7, 0x85, 0x84,
        0x19, 0x1A, 0x9E, 0xFE, 0x08, 0x8C, 0x65, 0x99, 0x0E, 0x15, 0xD4, 0xC7, 0x5A, 0xFE, 0x7D, 0x36,
        0x34, 0x9F, 0xFA, 0x8D, 0xCE, 0x49, 0x4B, 0x48, 0xDA, 0x07, 0x70, 0x35, 0xF8, 0xA8, 0x03, 0xEF,
        0x68, 0xFE, 0x50, 0xFC, 0xA1, 0x69, 0x63, 0x7D, 0x59, 0xFA, 0xC1, 0x90, 0xD0, 0x6B, 0xE9, 0x99,
        0x4E, 0x67, 0xE6, 0xBC, 0xD4, 0x5A, 0x3F, 0xCF, 0xB3, 0x6B, 0x55, 0x9F, 0xF9, 0x99, 0xF5, 0x9C,
        0x16, 0xB8, 0x74, 0xEB, 0x60, 0x10, 0x4F, 0xBA, 0xB9, 0xE7, 0xC3, 0xD4, 0x49, 0x4F, 0xFF, 0xD3,
        0xF3, 0xEC, 0xE3, 0xEF, 0x8E, 0x3D, 0xDA, 0x7C, 0x64, 0xCA, 0x86, 0xD0, 0x58, 0x47, 0x88, 0x4B,
        0x38, 0xEA, 0xE3, 0xE0, 0xF9, 0xFC, 0x50, 0xC5, 0xA3, 0x6A, 0x4A, 0x74, 0xB0, 0x32, 0xAB, 0xFD,
        0x99, 0x7E, 0x3D, 0xA1, 0xAF, 0x0D, 0x68, 0x73, 0x03, 0x80, 0x74, 0x39, 0xA7, 0xB6, 0xE0, 0x54,
        0xBA, 0x95, 0xFD, 0x1B, 0x33, 0xA4, 0x50, 0xEC, 0x7C, 0x6A, 0xA8, 0xEA, 0x35, 0xB9, 0xFF, 0x00,
        0x6A, 0x7D, 0x41, 0xCC, 0x04, 0x12, 0x1B, 0x47, 0xE8, 0xF7, 0x7A, 0x5B, 0x7D, 0x3F, 0x7B, 0xF6,
        0x33, 0xE9, 0xAC, 0x4F, 0x5D, 0xCD, 0x0E, 0x0D, 0x31, 0xBB, 0x42, 0xBA, 0x6F, 0xF1, 0x67, 0xD0,
        0x71, 0x3A, 0xEF, 0xD6, 0x86, 0x53, 0x9C, 0xD1, 0x6E, 0x36, 0x2D, 0x4E, 0xCA, 0xB2, 0x97, 0x7D,
        0x17, 0xEC, 0x75, 0x75, 0xD7, 0x5B, 0xFF, 0x00, 0x91, 0xEA, 0x5C, 0xC7, 0xBD, 0x9F, 0x9E, 0x92,
        0x9E, 0x7B, 0x0F, 0x0B, 0x2E, 0xE0, 0xEB, 0x69, 0xA2, 0xDB, 0x2B, 0x6E, 0x85, 0xEC, 0xAD, 0xEE,
        0x68, 0xFD, 0xEF, 0x73, 0x1A, 0xEF, 0xCD, 0x45, 0xF5, 0x43, 0x9A, 0x47, 0x63, 0xA3, 0xBF, 0xB9,
        0x76, 0xFF, 0x00, 0x5A, 0xFF, 0x00, 0xC6, 0x3F, 0xD6, 0x4C, 0x3F, 0xAC, 0x19, 0x58, 0x1D, 0x1E,
        0xEA, 0xF0, 0x70, 0x7A, 0x75, 0x9F, 0x66, 0xAE, 0x86, 0xD5, 0x5B, 0xC3, 0xBD, 0x2F, 0x63, 0xDC,
        0xF7, 0x5A, 0xC7, 0xED, 0xDC, 0xE1, 0xB5, 0x8D, 0xA7, 0xD2, 0xD9, 0x57, 0xFD, 0xB8, 0xB2, 0xFE,
        0xB9, 0xFD, 0x69, 0xE8, 0x5F, 0x59, 0x71, 0x31, 0x32, 0x2A, 0xC3, 0xB7, 0x17, 0xAF, 0x33, 0x63,
        0x73, 0x6F, 0x6B, 0x18, 0xDA, 0x6C, 0x6E, 0xDF, 0xD2, 0x86, 0xB8, 0x5B, 0x65, 0xCF, 0xF4, 0xEE,
        0x15, 0xFD, 0x99, 0xF6, 0x37, 0x7F, 0xA4, 0x92, 0x9E, 0x61, 0xF5, 0xDA, 0x1F, 0xAD, 0x45, 0x8E,
        0x3A, 0x33, 0x70, 0x23, 0x41, 0xFB, 0xBB, 0x97, 0x60, 0xEF, 0xAD, 0xFD, 0x0B, 0x1D, 0xB8, 0x18,
        0x87, 0x07, 0x36, 0x9C, 0x5E, 0x93, 0x76, 0x25, 0xFD, 0x3D, 0xEE, 0x35, 0x87, 0x17, 0x63, 0x59,
        0xBF, 0x30, 0xBF, 0x1B, 0x65, 0x5E, 0x8B, 0xBA, 0x8B, 0x2E, 0xC8, 0x7E, 0x4E, 0xDC, 0xDC, 0x8F,
        0xD6, 0x19, 0x8C, 0xBA, 0x2F, 0xF1, 0xC4, 0x63, 0x37, 0xEA, 0xF7, 0x69, 0xB2, 0xFF, 0x00, 0xFA,
        0xBC, 0x15, 0xD4, 0x7D, 0x6E, 0xE9, 0xBD, 0x27, 0xAF, 0x7A, 0x5D, 0x0B, 0x29, 0xC2, 0xAE, 0xA4,
        0xF6, 0x3F, 0x2F, 0xA6, 0x5C, 0xE1, 0xA0, 0xB2, 0x92, 0xD0, 0xFD, 0xBF, 0xE9, 0x7E, 0x9B, 0x7E,
        0xD1, 0x8F, 0xF9, 0xF4, 0x7E, 0x93, 0xFC, 0x17, 0xA9, 0x52, 0x53, 0xC1, 0x3F, 0xEB, 0x3E, 0x2D,
        0xAF, 0xAB, 0xD0, 0x66, 0x5B, 0x28, 0xDB, 0x9A, 0x2C, 0x7F, 0xA3, 0x51, 0xDC, 0xDC, 0xFB, 0x19,
        0x92, 0xFA, 0x32, 0x70, 0x2C, 0xC8, 0xC8, 0xF5, 0xF1, 0xFF, 0x00, 0x43, 0xB6, 0xF7, 0x33, 0x3B,
        0x07, 0x23, 0xFD, 0x0F, 0xF3, 0x68, 0x2E, 0xEB, 0xF8, 0x61, 0xFB, 0x76, 0x75, 0x2C, 0x6A, 0x2A,
        0xCE, 0xA7, 0x3A, 0xAB, 0x71, 0xDC, 0x2F, 0x7D, 0xA2, 0xBA, 0xAA, 0xC7, 0x76, 0x25, 0xC2, 0xDC,
        0x97, 0xBF, 0x16, 0xAF, 0xD0, 0xEF, 0xC3, 0xF5, 0x33, 0x33, 0xBE, 0xCD, 0x5D, 0xBE, 0x9A, 0xEA,
        0x3F, 0xC5, 0xDD, 0x19, 0x58, 0x8C, 0xFA, 0xC1, 0x89, 0x96, 0xC3, 0x46, 0x56, 0x3B, 0xAB, 0x6D,
        0xB5, 0x1E, 0x5A, 0xEF, 0x4D, 0xFE, 0xE0, 0x7F, 0x39, 0x8F, 0xFE, 0x72, 0xAB, 0x7F, 0xC2, 0xD6,
        0x85, 0xFE, 0x2A, 0xDF, 0x94, 0xEF, 0xAA, 0x7D, 0x50, 0xE1, 0xFF, 0x00, 0x49, 0x16, 0x1F, 0xB3,
        0x82, 0x00, 0x1E, 0xA0, 0xC5, 0xC7, 0x15, 0x68, 0xFF, 0x00, 0x67, 0xD3, 0x0D, 0xFA, 0x49, 0x29,
        0xE5, 0x2F, 0xEB, 0xB8, 0x76, 0x66, 0x74, 0xBE, 0xA2, 0xDA, 0x32, 0xEA, 0xCA, 0xE9, 0xD7, 0x3E,
        0xF3, 0x83, 0x5E, 0x38, 0xF4, 0x1D, 0xBF, 0x2E, 0xDE, 0xA2, 0x29, 0x66, 0x5B, 0xAE, 0xAE, 0xDA,
        0x5A, 0xC6, 0x5F, 0xE8, 0xEE, 0xFB, 0x1F, 0xF8, 0x3F, 0xDC, 0x53, 0xAB, 0xEB, 0x0F, 0x4F, 0xA6,
        0xFC, 0x31, 0x84, 0x33, 0x2D, 0xA3, 0x0F, 0xA8, 0xD9, 0xD4, 0xED, 0x7B, 0xEB, 0x15, 0xD8, 0x77,
        0xBE, 0xAB, 0x1F, 0x80, 0xD6, 0x63, 0xDB, 0x75, 0x76, 0x6D, 0xAA, 0xA7, 0x6F, 0x75, 0xB6, 0xD7,
        0xEA, 0xD9, 0xFE, 0x0D, 0x6E, 0xE4, 0xE6, 0x7F, 0x8E, 0x3C, 0x5A, 0x0E, 0x45, 0xB5, 0xB4, 0x53,
        0x45, 0x66, 0xCC, 0x8B, 0x1D, 0xF6, 0x3D, 0x03, 0x46, 0xFB, 0x0B, 0x59, 0x53, 0xDE, 0xF7, 0x6D,
        0x6B, 0x7F, 0x35, 0x68, 0x7F, 0x8B, 0xEE, 0xAC, 0x30, 0xFE, 0xA7, 0xF5, 0x3E, 0xAF, 0x92, 0x1D,
        0x63, 0x6B, 0xCE, 0xBF, 0x23, 0x22, 0x23, 0x76, 0xD7, 0x0A, 0x2C, 0xBE, 0xC8, 0x68, 0xFC, 0xC6,
        0xB9, 0xF6, 0xEC, 0x49, 0x4F, 0x17, 0x57, 0xD7, 0x1E, 0x9B, 0x6D, 0x3D, 0x4E, 0xBC, 0xA1, 0x92,
        0xDF, 0xB7, 0x75, 0x27, 0x67, 0xE3, 0xBC, 0xD4, 0x32, 0x36, 0xD4, 0x45, 0xAC, 0x65, 0x4E, 0x6F,
        0xDB, 0x7A, 0x7B, 0xAB, 0xB6, 0xBF, 0x53, 0xF3, 0x6D, 0xB6, 0xB5, 0xCA, 0x7A, 0x36, 0x58, 0x37,
        0x56, 0xD7, 0xBD, 0xA7, 0x70, 0xDF, 0xB0, 0x99, 0x8D, 0x7D, 0xDB, 0x77, 0x37, 0x7F, 0xEF, 0xFB,
        0x97, 0x5B, 0xF5, 0xF7, 0xEA, 0xD5, 0xD8, 0xDF, 0x5B, 0x5B, 0x4E, 0x03, 0x0D, 0x95, 0x75, 0xC7,
        0xB6, 0xEE, 0x9E, 0x5A, 0x7D, 0x9E, 0xAD, 0xCE, 0xDB, 0x7D, 0x7E, 0xA1, 0xFD, 0x1E, 0xDF, 0x5D,
        0xFE, 0xB7, 0xB7, 0xD9, 0x5D, 0x17, 0xD6, 0xBD, 0x3F, 0xA4, 0xFD, 0x83, 0xA6, 0xE0, 0xE4, 0xFD,
        0x58, 0xC1, 0x3B, 0x8F, 0x45, 0xC2, 0xAB, 0xD7, 0xB0, 0x69, 0x36, 0x5E, 0xDB, 0xDF, 0xAB, 0x3F,
        0x36, 0xDB, 0x3D, 0x2F, 0xB5, 0x59, 0xFF, 0x00, 0x86, 0x52, 0x53, 0xF3, 0xD3, 0x87, 0x29, 0x3A,
        0xAB, 0xAB, 0x68, 0x7B, 0x98, 0xE6, 0xB5, 0xDF, 0x45, 0xC4, 0x10, 0x0F, 0x7D, 0x0A, 0xDB, 0xFA,
        0x9D, 0xD0, 0xAC, 0xFA, 0xC7, 0xD7, 0xF1, 0x7A, 0x69, 0x04, 0xE3, 0xCF, 0xA9, 0x96, 0xE1, 0x3E,
        0xDA, 0x2B, 0x8F, 0x57, 0xDC, 0x3E, 0x87, 0xA9, 0xED, 0xA1, 0x8E, 0xFF, 0x00, 0x49, 0x6A, 0xF5,
        0x7E, 0xB4, 0xEE, 0x95, 0xF5, 0xCB, 0x0F, 0xAE, 0x7D, 0x54, 0xC3, 0x6B, 0x1B, 0x97, 0xD1, 0xFD,
        0x33, 0x88, 0x41, 0x68, 0x69, 0xB5, 0x8D, 0xF6, 0xFA, 0x4D, 0x81, 0xE9, 0x32, 0xAB, 0x85, 0x9D,
        0x3F, 0x23, 0xFD, 0x1E, 0xFF, 0x00, 0xE5, 0xA4, 0xA7, 0xC5, 0xFA, 0x46, 0x0B, 0xBA, 0x8E, 0x7D,
        0x58, 0x42, 0x66, 0xE7, 0x6A, 0xFF, 0x00, 0xDC, 0x63, 0x7F, 0x49, 0x75, 0x9F, 0xD9, 0xA9, 0xAE,
        0x5E, 0xAF, 0xD2, 0x31, 0xF0, 0xEA, 0xB5, 0xB8, 0xD8, 0xB4, 0xB6, 0x8C, 0x2A, 0x18, 0x6D, 0x75,
        0x2D, 0x10, 0x1D, 0xB7, 0xD9, 0x5F, 0xAE, 0xEF, 0xA5, 0x7B, 0xDC, 0xEF, 0xA7, 0xEA, 0xAF, 0x3B,
        0xFA, 0x9E, 0xCF, 0x4F, 0xAD, 0xBD, 0xB6, 0x83, 0x5D, 0xB5, 0xD3, 0x68, 0xD8, 0xED, 0x1D, 0xBC,
        0x0D, 0xAF, 0x66, 0xD3, 0xEE, 0xDE, 0xD6, 0xEF, 0xF6, 0xAF, 0x44, 0xE9, 0xA4, 0x33, 0x02, 0xEC,
        0x9E, 0xF7, 0xBC, 0xB0, 0x7F, 0x56, 0xBF, 0xFC, 0xCD, 0xC9, 0x29, 0x8F, 0x5B, 0xEA, 0xA5, 0xB5,
        0x3C, 0xB9, 0xDA, 0x9F, 0x6B, 0x67, 0x58, 0x27, 0x41, 0xA7, 0xF2, 0x57, 0x11, 0x6D, 0xC3, 0xD5,
        0xD1, 0xEF, 0x2D, 0xDD, 0xA6, 0xEB, 0x1E, 0x7B, 0xFF, 0x00, 0x59, 0x6A, 0x7D, 0x63, 0xCA, 0x3B,
        0x58, 0xC0, 0x75, 0x73, 0xA7, 0xEE, 0x05, 0x73, 0xBE, 0xA7, 0xB8, 0x7C, 0x47, 0xE5, 0x49, 0x4F,
        0xFF, 0xD4, 0xF3, 0x8C, 0xB7, 0x4F, 0xA8, 0x3C, 0xCF, 0xE5, 0x54, 0xF7, 0x18, 0x84, 0x7C, 0x97,
        0x7B, 0xDC, 0x3F, 0x94, 0x7F, 0x2A, 0xAC, 0x92, 0x94, 0xBA, 0x0F, 0xA8, 0xBF, 0x59, 0x99, 0xF5,
        0x6B, 0xEB, 0x05, 0x7D, 0x42, 0xE6, 0x97, 0xE3, 0x58, 0xC7, 0x51, 0x92, 0x1B, 0xF4, 0xBD, 0x37,
        0x96, 0xBB, 0x73, 0x3F, 0xE2, 0xEC, 0xAE, 0xBB, 0x17, 0x3E, 0x97, 0x64, 0x94, 0xFA, 0x4F, 0x5C,
        0xFA, 0xAF, 0xF5, 0x6B, 0xAE, 0xF5, 0x6B, 0x7A, 0xCF, 0x4D, 0xFA, 0xCD, 0x81, 0x8D, 0x8D, 0x9E,
        0xEF, 0x5A, 0xDA, 0xB2, 0x1E, 0xD6, 0xD9, 0x5B, 0x9D, 0xFC, 0xE3, 0x85, 0x56, 0x59, 0x55, 0x9E,
        0xE7, 0xFE, 0x93, 0xD3, 0xB9, 0xB4, 0x2C, 0x8F, 0xAE, 0x43, 0xEA, 0x46, 0x26, 0x2E, 0x37, 0x4D,
        0xFA, 0xB7, 0x50, 0xC9, 0xCB, 0xA7, 0x6F, 0xDB, 0x3A, 0xA0, 0x7B, 0xCB, 0x5D, 0xB0, 0x6C, 0x75,
        0x6C, 0x0F, 0x71, 0xA6, 0xC7, 0xDC, 0xFF, 0x00, 0xD3, 0xDB, 0x6D, 0x3F, 0xA0, 0xAB, 0xFC, 0x1F,
        0xFC, 0x17, 0x1A, 0x92, 0x4A, 0x7D, 0x47, 0xFC, 0x6B, 0xF5, 0x8E, 0x91, 0xD4, 0x33, 0x7A, 0x03,
        0xB0, 0x73, 0x71, 0xF2, 0xDB, 0x4D, 0xB7, 0x1B, 0x9D, 0x4D, 0xAC, 0xB0, 0x30, 0x17, 0x62, 0x6D,
        0x75, 0x9E, 0x93, 0x9D, 0xE9, 0xEE, 0xD8, 0xFF, 0x00, 0xA6, 0xA1, 0xFE, 0x35, 0x7E, 0xB0, 0xE1,
        0x3F, 0xA8, 0xF4, 0x7C, 0xCE, 0x8B, 0x9F, 0x4D, 0xF7, 0x62, 0x8B, 0x5C, 0x2D, 0xC6, 0xB1, 0x96,
        0x9A, 0xDE, 0x1D, 0x45, 0x95, 0xBB, 0xF4, 0x6E, 0x73, 0x59, 0xBB, 0x67, 0xE7, 0x7D, 0x36, 0x6F,
        0x5E, 0x62, 0x92, 0x4A, 0x7D, 0xD7, 0xEA, 0xE7, 0xD7, 0xBF, 0xAB, 0xBD, 0x5B, 0xA4, 0x59, 0x9D,
        0x9B, 0x91, 0x89, 0xD3, 0x7A, 0xAD, 0x95, 0x8A, 0x73, 0x19, 0x6D, 0x8C, 0xA8, 0xBD, 0xD5, 0xB5,
        0xDE, 0x9B, 0xEB, 0xF5, 0x5C, 0x1F, 0x6D, 0x1F, 0xA5, 0x7B, 0xAA, 0xFA, 0x7E, 0x96, 0xFF, 0x00,
        0x45, 0x73, 0xDF, 0xE2, 0xD7, 0xA9, 0xF4, 0x76, 0x7D, 0x52, 0xEA, 0xB8, 0x19, 0x9D, 0x47, 0x17,
        0xA6, 0xDF, 0x95, 0x65, 0x95, 0xD6, 0x2E, 0xB8, 0x56, 0xE0, 0x1D, 0x8F, 0x55, 0x0D, 0xBD, 0xAD,
        0xB6, 0xC6, 0x59, 0xB7, 0x7F, 0xEE, 0x3D, 0x79, 0x5A, 0x49, 0x29, 0xF4, 0x17, 0xFD, 0x4E, 0xC6,
        0xB6, 0x45, 0xDF, 0x5E, 0x70, 0x9E, 0x1C, 0x36, 0xBB, 0x76, 0x40, 0x74, 0x88, 0xDB, 0xB7, 0xDD,
        0x95, 0xFB, 0xAB, 0x43, 0xEA, 0xB7, 0x50, 0xE8, 0xDD, 0x3F, 0xFC, 0x5F, 0x7D, 0x62, 0xE9, 0x77,
        0x75, 0x1C, 0x53, 0x90, 0x5D, 0x9C, 0xCA, 0x18, 0x6D, 0x63, 0x5D, 0x70, 0xF4, 0x19, 0x55, 0x36,
        0x51, 0x53, 0xDD, 0xEA, 0x58, 0xDB, 0xDE, 0xCF, 0xD1, 0x2F, 0x2E, 0x49, 0x25, 0x3E, 0xB9, 0xF5,
        0x2B, 0xEB, 0x67, 0xD5, 0xCB, 0x7E, 0xAC, 0xE2, 0xDF, 0xD7, 0x6E, 0xA5, 0xBD, 0x47, 0xEA, 0xDF,
        0xA8, 0x31, 0x1A, 0xF7, 0xB5, 0xB6, 0xBE, 0xBF, 0x4D, 0xCC, 0xAB, 0xEC, 0xD5, 0xBD, 0xCC, 0xF5,
        0x9C, 0xEA, 0x5D, 0xF6, 0x6F, 0x4B, 0xFD, 0x25, 0x35, 0x59, 0xFE, 0x8D, 0x0B, 0xEA, 0x07, 0xD6,
        0x7C, 0x0B, 0xF1, 0xFE, 0xB1, 0x67, 0xF5, 0x7C, 0xDC, 0x7C, 0x5C, 0xCE, 0xA3, 0x6F, 0xA8, 0x19,
        0x75, 0xAD, 0x61, 0x23, 0x63, 0xF6, 0x57, 0x53, 0x6E, 0x76, 0xF7, 0x57, 0x56, 0xEF, 0x49, 0x8B,
        0xCA, 0x12, 0x49, 0x4F, 0xA7, 0x7D, 0x40, 0xEA, 0x3F, 0x57, 0xFE, 0xAA, 0x7D, 0x55, 0xCD, 0xEB,
        0xB9, 0x39, 0x58, 0xD7, 0x75, 0x6C, 0x90, 0x4D, 0x78, 0x4D, 0xB9, 0x9E, 0xBE, 0xC6, 0x1F, 0x4F,
        0x1F, 0x1F, 0xD3, 0xF7, 0x5D, 0x57, 0xAF, 0x7F, 0xE9, 0x6F, 0xF6, 0xFF, 0x00, 0x31, 0xE8, 0xD9,
        0xFE, 0x05, 0x43, 0xA1, 0xFF, 0x00, 0x8C, 0xFE, 0x87, 0x47, 0x58, 0xAA, 0xD6, 0xFD, 0x5F, 0xC7,
        0xE9, 0xCE, 0xCA, 0x78, 0xAF, 0x2B, 0x3A, 0xBB, 0x7D, 0xE1, 0x96, 0xBD, 0xAE, 0xBA, 0xDB, 0x23,
        0x1D, 0xAE, 0xB1, 0xAD, 0x7F, 0xE9, 0x9F, 0xEF, 0xFC, 0xC5, 0xE6, 0x89, 0x24, 0xA7, 0xBF, 0xFA,
        0xD7, 0x89, 0xD2, 0xD9, 0xF5, 0xF3, 0x1B, 0xA8, 0xF4, 0x5C, 0xCC, 0x7C, 0xAA, 0x3A, 0x83, 0x8D,
        0xF6, 0x8C, 0x6B, 0x59, 0x66, 0xCB, 0x5A, 0x3F, 0x5B, 0xDE, 0x29, 0x73, 0xF6, 0xB6, 0xF6, 0xFE,
        0x9F, 0x73, 0xFF, 0x00, 0x9C, 0x7D, 0x97, 0xFF, 0x00, 0xA3, 0x5A, 0x75, 0x67, 0xFA, 0x7D, 0x1E,
        0xA6, 0xB7, 0x52, 0xEB, 0xAD, 0xD3, 0xF9, 0x3B, 0xA1, 0x70, 0x3F, 0x56, 0xEC, 0xD9, 0xD4, 0x88,
        0xEE, 0xFA, 0xAC, 0x68, 0x3E, 0x1E, 0xD9, 0xD3, 0xEE, 0x5A, 0xF7, 0x75, 0x47, 0x7E, 0xC1, 0xB1,
        0xEC, 0x77, 0xBE, 0xCC, 0x8B, 0x68, 0xA0, 0x8E, 0xC1, 0xDB, 0x7D, 0xDF, 0xE6, 0x6F, 0x49, 0x4B,
        0x75, 0xCC, 0xB6, 0x5B, 0x92, 0x1A, 0xC7, 0x87, 0x8A, 0xC1, 0x0E, 0x8E, 0x01, 0x27, 0xFF, 0x00,
        0x30, 0x59, 0x41, 0xFE, 0xF6, 0xFC, 0x47, 0xE5, 0x50, 0xB9, 0xE0, 0x12, 0x07, 0x03, 0x41, 0xF2,
        0x42, 0x0F, 0xF7, 0xB7, 0xE2, 0x3F, 0x2A, 0x4A, 0x7F, 0xFF, 0xD5, 0xF2, 0xEB, 0xDD, 0x36, 0x3B,
        0xFA, 0xC7, 0xF2, 0xA1, 0xA2, 0xD9, 0xB3, 0x7B, 0xBE, 0x8F, 0x27, 0xF7, 0xBC, 0x54, 0x7D, 0xBF,
        0xC9, 0xFF, 0x00, 0xA4, 0x92, 0x98, 0x24, 0xA7, 0xED, 0xFE, 0x4F, 0xFD, 0x24, 0xBD, 0xBF, 0xC9,
        0xFF, 0x00, 0xA4, 0x92, 0x98, 0x24, 0xA7, 0xED, 0xFE, 0x4F, 0xFD, 0x24, 0xBD, 0xBF, 0xC9, 0xFF,
        0x00, 0xA4, 0x92, 0x98, 0x24, 0xA7, 0xED, 0xFE, 0x4F, 0xFD, 0x24, 0xBD, 0xBF, 0xC9, 0xFF, 0x00,
        0xA4, 0x92, 0x98, 0x24, 0xA7, 0xED, 0xFE, 0x4F, 0xFD, 0x24, 0xBD, 0xBF, 0xC9, 0xFF, 0x00, 0xA4,
        0x92, 0x98, 0x24, 0xA7, 0xED, 0xFE, 0x4F, 0xFD, 0x24, 0xBD, 0xBF, 0xC9, 0xFF, 0x00, 0xA4, 0x92,
        0x98, 0x24, 0xA7, 0xED, 0xFE, 0x4F, 0xFD, 0x24, 0xBD, 0xBF, 0xC9, 0xFF, 0x00, 0xA4, 0x92, 0x98,
        0x24, 0xA7, 0xED, 0xFE, 0x4F, 0xFD, 0x24, 0xBD, 0xBF, 0xC9, 0xFF, 0x00, 0xA4, 0x92, 0x99, 0xE1,
        0xE4, 0x1C, 0x7B, 0x5D, 0x60, 0xFA, 0x5B, 0x1E, 0xD6, 0xFC, 0x5C, 0xD2, 0xCF, 0xFB, 0xF2, 0x23,
        0x2F, 0x73, 0xEA, 0xC7, 0xC6, 0x1F, 0x42, 0x97, 0x3E, 0xC3, 0xFD, 0x67, 0x6D, 0xFF, 0x00, 0xBE,
        0xD6, 0xD4, 0x0F, 0x6F, 0xF2, 0x7F, 0xE9, 0x22, 0xD1, 0xB3, 0x79, 0xFA, 0x3C, 0x7F, 0x29, 0x25,
        0x32, 0xB1, 0xFF, 0x00, 0x95, 0x08, 0x3E, 0x5E, 0xD1, 0xE6, 0x3F, 0x2A, 0x9D, 0x9B, 0x3C, 0xBF,
        0xE9, 0x28, 0xB7, 0x66, 0xF6, 0xFD, 0x1E, 0x47, 0xEF, 0x78, 0xA4, 0xA7, 0xFF, 0xD9, 0xFF, 0xED,
        0x1D, 0x4C, 0x50, 0x68, 0x6F, 0x74, 0x6F, 0x73, 0x68, 0x6F, 0x70, 0x20, 0x33, 0x2E, 0x30, 0x00,
        0x38, 0x42, 0x49, 0x4D, 0x04, 0x04, 0x00, 0x00, 0x00, 0x00, 0x00, 0x0F, 0x1C, 0x01, 0x5A, 0x00,
        0x03, 0x1B, 0x25, 0x47, 0x1C, 0x02, 0x00, 0x00, 0x02, 0x00, 0x00, 0x00, 0x38, 0x42, 0x49, 0x4D,
        0x04, 0x25, 0x00, 0x00, 0x00, 0x00, 0x00, 0x10, 0xCD, 0xCF, 0xFA, 0x7D, 0xA8, 0xC7, 0xBE, 0x09,
        0x05, 0x70, 0x76, 0xAE, 0xAF, 0x05, 0xC3, 0x4E, 0x38, 0x42, 0x49, 0x4D, 0x04, 0x3A, 0x00, 0x00,
        0x00, 0x00, 0x00, 0xE5, 0x00, 0x00, 0x00, 0x10, 0x00, 0x00, 0x00, 0x01, 0x00, 0x00, 0x00, 0x00,
        0x00, 0x0B, 0x70, 0x72, 0x69, 0x6E, 0x74, 0x4F, 0x75, 0x74, 0x70, 0x75, 0x74, 0x00, 0x00, 0x00,
        0x05, 0x00, 0x00, 0x00, 0x00, 0x50, 0x73, 0x74, 0x53, 0x62, 0x6F, 0x6F, 0x6C, 0x01, 0x00, 0x00,
        0x00, 0x00, 0x49, 0x6E, 0x74, 0x65, 0x65, 0x6E, 0x75, 0x6D, 0x00, 0x00, 0x00, 0x00, 0x49, 0x6E,
        0x74, 0x65, 0x00, 0x00, 0x00, 0x00, 0x43, 0x6C, 0x72, 0x6D, 0x00, 0x00, 0x00, 0x0F, 0x70, 0x72,
        0x69, 0x6E, 0x74, 0x53, 0x69, 0x78, 0x74, 0x65, 0x65, 0x6E, 0x42, 0x69, 0x74, 0x62, 0x6F, 0x6F,
        0x6C, 0x00, 0x00, 0x00, 0x00, 0x0B, 0x70, 0x72, 0x69, 0x6E, 0x74, 0x65, 0x72, 0x4E, 0x61, 0x6D,
        0x65, 0x54, 0x45, 0x58, 0x54, 0x00, 0x00, 0x00, 0x01, 0x00, 0x00, 0x00, 0x00, 0x00, 0x0F, 0x70,
        0x72, 0x69, 0x6E, 0x74, 0x50, 0x72, 0x6F, 0x6F, 0x66, 0x53, 0x65, 0x74, 0x75, 0x70, 0x4F, 0x62,
        0x6A, 0x63, 0x00, 0x00, 0x00, 0x0C, 0x00, 0x50, 0x00, 0x72, 0x00, 0x6F, 0x00, 0x6F, 0x00, 0x66,
        0x00, 0x20, 0x00, 0x53, 0x00, 0x65, 0x00, 0x74, 0x00, 0x75, 0x00, 0x70, 0x00, 0x00, 0x00, 0x00,
        0x00, 0x0A, 0x70, 0x72, 0x6F, 0x6F, 0x66, 0x53, 0x65, 0x74, 0x75, 0x70, 0x00, 0x00, 0x00, 0x01,
        0x00, 0x00, 0x00, 0x00, 0x42, 0x6C, 0x74, 0x6E, 0x65, 0x6E, 0x75, 0x6D, 0x00, 0x00, 0x00, 0x0C,
        0x62, 0x75, 0x69, 0x6C, 0x74, 0x69, 0x6E, 0x50, 0x72, 0x6F, 0x6F, 0x66, 0x00, 0x00, 0x00, 0x09,
        0x70, 0x72, 0x6F, 0x6F, 0x66, 0x43, 0x4D, 0x59, 0x4B, 0x00, 0x38, 0x42, 0x49, 0x4D, 0x04, 0x3B,
        0x00, 0x00, 0x00, 0x00, 0x02, 0x2D, 0x00, 0x00, 0x00, 0x10, 0x00, 0x00, 0x00, 0x01, 0x00, 0x00,
        0x00, 0x00, 0x00, 0x12, 0x70, 0x72, 0x69, 0x6E, 0x74, 0x4F, 0x75, 0x74, 0x70, 0x75, 0x74, 0x4F,
        0x70, 0x74, 0x69, 0x6F, 0x6E, 0x73, 0x00, 0x00, 0x00, 0x17, 0x00, 0x00, 0x00, 0x00, 0x43, 0x70,
        0x74, 0x6E, 0x62, 0x6F, 0x6F, 0x6C, 0x00, 0x00, 0x00, 0x00, 0x00, 0x43, 0x6C, 0x62, 0x72, 0x62,
        0x6F, 0x6F, 0x6C, 0x00, 0x00, 0x00, 0x00, 0x00, 0x52, 0x67, 0x73, 0x4D, 0x62, 0x6F, 0x6F, 0x6C,
        0x00, 0x00, 0x00, 0x00, 0x00, 0x43, 0x72, 0x6E, 0x43, 0x62, 0x6F, 0x6F, 0x6C, 0x00, 0x00, 0x00,
        0x00, 0x00, 0x43, 0x6E, 0x74, 0x43, 0x62, 0x6F, 0x6F, 0x6C, 0x00, 0x00, 0x00, 0x00, 0x00, 0x4C,
        0x62, 0x6C, 0x73, 0x62, 0x6F, 0x6F, 0x6C, 0x00, 0x00, 0x00, 0x00, 0x00, 0x4E, 0x67, 0x74, 0x76,
        0x62, 0x6F, 0x6F, 0x6C, 0x00, 0x00, 0x00, 0x00, 0x00, 0x45, 0x6D, 0x6C, 0x44, 0x62, 0x6F, 0x6F,
        0x6C, 0x00, 0x00, 0x00, 0x00, 0x00, 0x49, 0x6E, 0x74, 0x72, 0x62, 0x6F, 0x6F, 0x6C, 0x00, 0x00,
        0x00, 0x00, 0x00, 0x42, 0x63, 0x6B, 0x67, 0x4F, 0x62, 0x6A, 0x63, 0x00, 0x00, 0x00, 0x01, 0x00,
        0x00, 0x00, 0x00, 0x00, 0x00, 0x52, 0x47, 0x42, 0x43, 0x00, 0x00, 0x00, 0x03, 0x00, 0x00, 0x00,
        0x00, 0x52, 0x64, 0x20, 0x20, 0x64, 0x6F, 0x75, 0x62, 0x40, 0x6F, 0xE0, 0x00, 0x00, 0x00, 0x00,
        0x00, 0x00, 0x00, 0x00, 0x00, 0x47, 0x72, 0x6E, 0x20, 0x64, 0x6F, 0x75, 0x62, 0x40, 0x6F, 0xE0,
        0x00, 0x00, 0x00, 0x00, 0x00, 0x00, 0x00, 0x00, 0x00, 0x42, 0x6C, 0x20, 0x20, 0x64, 0x6F, 0x75,
        0x62, 0x40, 0x6F, 0xE0, 0x00, 0x00, 0x00, 0x00, 0x00, 0x00, 0x00, 0x00, 0x00, 0x42, 0x72, 0x64,
        0x54, 0x55, 0x6E, 0x74, 0x46, 0x23, 0x52, 0x6C, 0x74, 0x00, 0x00, 0x00, 0x00, 0x00, 0x00, 0x00,
        0x00, 0x00, 0x00, 0x00, 0x00, 0x42, 0x6C, 0x64, 0x20, 0x55, 0x6E, 0x74, 0x46, 0x23, 0x52, 0x6C,
        0x74, 0x00, 0x00, 0x00, 0x00, 0x00, 0x00, 0x00, 0x00, 0x00, 0x00, 0x00, 0x00, 0x52, 0x73, 0x6C,
        0x74, 0x55, 0x6E, 0x74, 0x46, 0x23, 0x50, 0x78, 0x6C, 0x40, 0x52, 0x00, 0x00, 0x00, 0x00, 0x00,
        0x00, 0x00, 0x00, 0x00, 0x0A, 0x76, 0x65, 0x63, 0x74, 0x6F, 0x72, 0x44, 0x61, 0x74, 0x61, 0x62,
        0x6F, 0x6F, 0x6C, 0x01, 0x00, 0x00, 0x00, 0x00, 0x50, 0x67, 0x50, 0x73, 0x65, 0x6E, 0x75, 0x6D,
        0x00, 0x00, 0x00, 0x00, 0x50, 0x67, 0x50, 0x73, 0x00, 0x00, 0x00, 0x00, 0x50, 0x67, 0x50, 0x43,
        0x00, 0x00, 0x00, 0x00, 0x4C, 0x65, 0x66, 0x74, 0x55, 0x6E, 0x74, 0x46, 0x23, 0x52, 0x6C, 0x74,
        0x00, 0x00, 0x00, 0x00, 0x00, 0x00, 0x00, 0x00, 0x00, 0x00, 0x00, 0x00, 0x54, 0x6F, 0x70, 0x20,
        0x55, 0x6E, 0x74, 0x46, 0x23, 0x52, 0x6C, 0x74, 0x00, 0x00, 0x00, 0x00, 0x00, 0x00, 0x00, 0x00,
        0x00, 0x00, 0x00, 0x00, 0x53, 0x63, 0x6C, 0x20, 0x55, 0x6E, 0x74, 0x46, 0x23, 0x50, 0x72, 0x63,
        0x40, 0x59, 0x00, 0x00, 0x00, 0x00, 0x00, 0x00, 0x00, 0x00, 0x00, 0x10, 0x63, 0x72, 0x6F, 0x70,
        0x57, 0x68, 0x65, 0x6E, 0x50, 0x72, 0x69, 0x6E, 0x74, 0x69, 0x6E, 0x67, 0x62, 0x6F, 0x6F, 0x6C,
        0x00, 0x00, 0x00, 0x00, 0x0E, 0x63, 0x72, 0x6F, 0x70, 0x52, 0x65, 0x63, 0x74, 0x42, 0x6F, 0x74,
        0x74, 0x6F, 0x6D, 0x6C, 0x6F, 0x6E, 0x67, 0x00, 0x00, 0x00, 0x00, 0x00, 0x00, 0x00, 0x0C, 0x63,
        0x72, 0x6F, 0x70, 0x52, 0x65, 0x63, 0x74, 0x4C, 0x65, 0x66, 0x74, 0x6C, 0x6F, 0x6E, 0x67, 0x00,
        0x00, 0x00, 0x00, 0x00, 0x00, 0x00, 0x0D, 0x63, 0x72, 0x6F, 0x70, 0x52, 0x65, 0x63, 0x74, 0x52,
        0x69, 0x67, 0x68, 0x74, 0x6C, 0x6F, 0x6E, 0x67, 0x00, 0x00, 0x00, 0x00, 0x00, 0x00, 0x00, 0x0B,
        0x63, 0x72, 0x6F, 0x70, 0x52, 0x65, 0x63, 0x74, 0x54, 0x6F, 0x70, 0x6C, 0x6F, 0x6E, 0x67, 0x00,
        0x00, 0x00, 0x00, 0x00, 0x38, 0x42, 0x49, 0x4D, 0x03, 0xED, 0x00, 0x00, 0x00, 0x00, 0x00, 0x10,
        0x00, 0x48, 0x00, 0x00, 0x00, 0x01, 0x00, 0x01, 0x00, 0x48, 0x00, 0x00, 0x00, 0x01, 0x00, 0x01,
        0x38, 0x42, 0x49, 0x4D, 0x04, 0x26, 0x00, 0x00, 0x00, 0x00, 0x00, 0x0E, 0x00, 0x00, 0x00, 0x00,
        0x00, 0x00, 0x00, 0x00, 0x00, 0x00, 0x3F, 0x80, 0x00, 0x00, 0x38, 0x42, 0x49, 0x4D, 0x03, 0xF2,
        0x00, 0x00, 0x00, 0x00, 0x00, 0x0A, 0x00, 0x00, 0xFF, 0xFF, 0xFF, 0xFF, 0xFF, 0xFF, 0x00, 0x00,
        0x38, 0x42, 0x49, 0x4D, 0x04, 0x0D, 0x00, 0x00, 0x00, 0x00, 0x00, 0x04, 0x00, 0x00, 0x00, 0x5A,
        0x38, 0x42, 0x49, 0x4D, 0x04, 0x19, 0x00, 0x00, 0x00, 0x00, 0x00, 0x04, 0x00, 0x00, 0x00, 0x1E,
        0x38, 0x42, 0x49, 0x4D, 0x03, 0xF3, 0x00, 0x00, 0x00, 0x00, 0x00, 0x09, 0x00, 0x00, 0x00, 0x00,
        0x00, 0x00, 0x00, 0x00, 0x01, 0x00, 0x38, 0x42, 0x49, 0x4D, 0x27, 0x10, 0x00, 0x00, 0x00, 0x00,
        0x00, 0x0A, 0x00, 0x01, 0x00, 0x00, 0x00, 0x00, 0x00, 0x00, 0x00, 0x01, 0x38, 0x42, 0x49, 0x4D,
        0x03, 0xF5, 0x00, 0x00, 0x00, 0x00, 0x00, 0x48, 0x00, 0x2F, 0x66, 0x66, 0x00, 0x01, 0x00, 0x6C,
        0x66, 0x66, 0x00, 0x06, 0x00, 0x00, 0x00, 0x00, 0x00, 0x01, 0x00, 0x2F, 0x66, 0x66, 0x00, 0x01,
        0x00, 0xA1, 0x99, 0x9A, 0x00, 0x06, 0x00, 0x00, 0x00, 0x00, 0x00, 0x01, 0x00, 0x32, 0x00, 0x00,
        0x00, 0x01, 0x00, 0x5A, 0x00, 0x00, 0x00, 0x06, 0x00, 0x00, 0x00, 0x00, 0x00, 0x01, 0x00, 0x35,
        0x00, 0x00, 0x00, 0x01, 0x00, 0x2D, 0x00, 0x00, 0x00, 0x06, 0x00, 0x00, 0x00, 0x00, 0x00, 0x01,
        0x38, 0x42, 0x49, 0x4D, 0x03, 0xF8, 0x00, 0x00, 0x00, 0x00, 0x00, 0x70, 0x00, 0x00, 0xFF, 0xFF,
        0xFF, 0xFF, 0xFF, 0xFF, 0xFF, 0xFF, 0xFF, 0xFF, 0xFF, 0xFF, 0xFF, 0xFF, 0xFF, 0xFF, 0xFF, 0xFF,
        0xFF, 0xFF, 0xFF, 0xFF, 0x03, 0xE8, 0x00, 0x00, 0x00, 0x00, 0xFF, 0xFF, 0xFF, 0xFF, 0xFF, 0xFF,
        0xFF, 0xFF, 0xFF, 0xFF, 0xFF, 0xFF, 0xFF, 0xFF, 0xFF, 0xFF, 0xFF, 0xFF, 0xFF, 0xFF, 0xFF, 0xFF,
        0x03, 0xE8, 0x00, 0x00, 0x00, 0x00, 0xFF, 0xFF, 0xFF, 0xFF, 0xFF, 0xFF, 0xFF, 0xFF, 0xFF, 0xFF,
        0xFF, 0xFF, 0xFF, 0xFF, 0xFF, 0xFF, 0xFF, 0xFF, 0xFF, 0xFF, 0xFF, 0xFF, 0x03, 0xE8, 0x00, 0x00,
        0x00, 0x00, 0xFF, 0xFF, 0xFF, 0xFF, 0xFF, 0xFF, 0xFF, 0xFF, 0xFF, 0xFF, 0xFF, 0xFF, 0xFF, 0xFF,
        0xFF, 0xFF, 0xFF, 0xFF, 0xFF, 0xFF, 0xFF, 0xFF, 0x03, 0xE8, 0x00, 0x00, 0x38, 0x42, 0x49, 0x4D,
        0x04, 0x00, 0x00, 0x00, 0x00, 0x00, 0x00, 0x02, 0x00, 0x01, 0x38, 0x42, 0x49, 0x4D, 0x04, 0x02,
        0x00, 0x00, 0x00, 0x00, 0x00, 0x04, 0x00, 0x00, 0x00, 0x00, 0x38, 0x42, 0x49, 0x4D, 0x04, 0x30,
        0x00, 0x00, 0x00, 0x00, 0x00, 0x02, 0x01, 0x01, 0x38, 0x42, 0x49, 0x4D, 0x04, 0x2D, 0x00, 0x00,
        0x00, 0x00, 0x00, 0x06, 0x00, 0x01, 0x00, 0x00, 0x00, 0x03, 0x38, 0x42, 0x49, 0x4D, 0x04, 0x08,
        0x00, 0x00, 0x00, 0x00, 0x00, 0x10, 0x00, 0x00, 0x00, 0x01, 0x00, 0x00, 0x02, 0x40, 0x00, 0x00,
        0x02, 0x40, 0x00, 0x00, 0x00, 0x00, 0x38, 0x42, 0x49, 0x4D, 0x04, 0x44, 0x00, 0x00, 0x00, 0x00,
        0x00, 0x10, 0x00, 0x00, 0x00, 0x02, 0x00, 0x00, 0x02, 0x40, 0x00, 0x00, 0x02, 0x40, 0x00, 0x00,
        0x00, 0x00, 0x38, 0x42, 0x49, 0x4D, 0x04, 0x1E, 0x00, 0x00, 0x00, 0x00, 0x00, 0x04, 0x00, 0x00,
        0x00, 0x00, 0x38, 0x42, 0x49, 0x4D, 0x04, 0x1A, 0x00, 0x00, 0x00, 0x00, 0x03, 0x43, 0x00, 0x00,
        0x00, 0x06, 0x00, 0x00, 0x00, 0x00, 0x00, 0x00, 0x00, 0x00, 0x00, 0x00, 0x00, 0x86, 0x00, 0x00,
        0x00, 0xC8, 0x00, 0x00, 0x00, 0x07, 0x00, 0x69, 0x00, 0x5F, 0x00, 0x6D, 0x00, 0x61, 0x00, 0x67,
        0x00, 0x69, 0x00, 0x63, 0x00, 0x00, 0x00, 0x01, 0x00, 0x00, 0x00, 0x00, 0x00, 0x00, 0x00, 0x00,
        0x00, 0x00, 0x00, 0x00, 0x00, 0x00, 0x00, 0x00, 0x00, 0x00, 0x00, 0x01, 0x00, 0x00, 0x00, 0x00,
        0x00, 0x00, 0x00, 0x00, 0x00, 0x00, 0x00, 0xC8, 0x00, 0x00, 0x00, 0x86, 0x00, 0x00, 0x00, 0x00,
        0x00, 0x00, 0x00, 0x00, 0x00, 0x00, 0x00, 0x00, 0x00, 0x00, 0x00, 0x00, 0x01, 0x00, 0x00, 0x00,
        0x00, 0x00, 0x00, 0x00, 0x00, 0x00, 0x00, 0x00, 0x00, 0x00, 0x00, 0x00, 0x00, 0x00, 0x00, 0x00,
        0x10, 0x00, 0x00, 0x00, 0x01, 0x00, 0x00, 0x00, 0x00, 0x00, 0x00, 0x6E, 0x75, 0x6C, 0x6C, 0x00,
        0x00, 0x00, 0x02, 0x00, 0x00, 0x00, 0x06, 0x62, 0x6F, 0x75, 0x6E, 0x64, 0x73, 0x4F, 0x62, 0x6A,
        0x63, 0x00, 0x00, 0x00, 0x01, 0x00, 0x00, 0x00, 0x00, 0x00, 0x00, 0x52, 0x63, 0x74, 0x31, 0x00,
        0x00, 0x00, 0x04, 0x00, 0x00, 0x00, 0x00, 0x54, 0x6F, 0x70, 0x20, 0x6C, 0x6F, 0x6E, 0x67, 0x00,
        0x00, 0x00, 0x00, 0x00, 0x00, 0x00, 0x00, 0x4C, 0x65, 0x66, 0x74, 0x6C, 0x6F, 0x6E, 0x67, 0x00,
        0x00, 0x00, 0x00, 0x00, 0x00, 0x00, 0x00, 0x42, 0x74, 0x6F, 0x6D, 0x6C, 0x6F, 0x6E, 0x67, 0x00,
        0x00, 0x00, 0x86, 0x00, 0x00, 0x00, 0x00, 0x52, 0x67, 0x68, 0x74, 0x6C, 0x6F, 0x6E, 0x67, 0x00,
        0x00, 0x00, 0xC8, 0x00, 0x00, 0x00, 0x06, 0x73, 0x6C, 0x69, 0x63, 0x65, 0x73, 0x56, 0x6C, 0x4C,
        0x73, 0x00, 0x00, 0x00, 0x01, 0x4F, 0x62, 0x6A, 0x63, 0x00, 0x00, 0x00, 0x01, 0x00, 0x00, 0x00,
        0x00, 0x00, 0x05, 0x73, 0x6C, 0x69, 0x63, 0x65, 0x00, 0x00, 0x00, 0x12, 0x00, 0x00, 0x00, 0x07,
        0x73, 0x6C, 0x69, 0x63, 0x65, 0x49, 0x44, 0x6C, 0x6F, 0x6E, 0x67, 0x00, 0x00, 0x00, 0x00, 0x00,
        0x00, 0x00, 0x07, 0x67, 0x72, 0x6F, 0x75, 0x70, 0x49, 0x44, 0x6C, 0x6F, 0x6E, 0x67, 0x00, 0x00,
        0x00, 0x00, 0x00, 0x00, 0x00, 0x06, 0x6F, 0x72, 0x69, 0x67, 0x69, 0x6E, 0x65, 0x6E, 0x75, 0x6D,
        0x00, 0x00, 0x00, 0x0C, 0x45, 0x53, 0x6C, 0x69, 0x63, 0x65, 0x4F, 0x72, 0x69, 0x67, 0x69, 0x6E,
        0x00, 0x00, 0x00, 0x0D, 0x61, 0x75, 0x74, 0x6F, 0x47, 0x65, 0x6E, 0x65, 0x72, 0x61, 0x74, 0x65,
        0x64, 0x00, 0x00, 0x00, 0x00, 0x54, 0x79, 0x70, 0x65, 0x65, 0x6E, 0x75, 0x6D, 0x00, 0x00, 0x00,
        0x0A, 0x45, 0x53, 0x6C, 0x69, 0x63, 0x65, 0x54, 0x79, 0x70, 0x65, 0x00, 0x00, 0x00, 0x00, 0x49,
        0x6D, 0x67, 0x20, 0x00, 0x00, 0x00, 0x06, 0x62, 0x6F, 0x75, 0x6E, 0x64, 0x73, 0x4F, 0x62, 0x6A,
        0x63, 0x00, 0x00, 0x00, 0x01, 0x00, 0x00, 0x00, 0x00, 0x00, 0x00, 0x52, 0x63, 0x74, 0x31, 0x00,
        0x00, 0x00, 0x04, 0x00, 0x00, 0x00, 0x00, 0x54, 0x6F, 0x70, 0x20, 0x6C, 0x6F, 0x6E, 0x67, 0x00,
        0x00, 0x00, 0x00, 0x00, 0x00, 0x00, 0x00, 0x4C, 0x65, 0x66, 0x74, 0x6C, 0x6F, 0x6E, 0x67, 0x00,
        0x00, 0x00, 0x00, 0x00, 0x00, 0x00, 0x00, 0x42, 0x74, 0x6F, 0x6D, 0x6C, 0x6F, 0x6E, 0x67, 0x00,
        0x00, 0x00, 0x86, 0x00, 0x00, 0x00, 0x00, 0x52, 0x67, 0x68, 0x74, 0x6C, 0x6F, 0x6E, 0x67, 0x00,
        0x00, 0x00, 0xC8, 0x00, 0x00, 0x00, 0x03, 0x75, 0x72, 0x6C, 0x54, 0x45, 0x58, 0x54, 0x00, 0x00,
        0x00, 0x01, 0x00, 0x00, 0x00, 0x00, 0x00, 0x00, 0x6E, 0x75, 0x6C, 0x6C, 0x54, 0x45, 0x58, 0x54,
        0x00, 0x00, 0x00, 0x01, 0x00, 0x00, 0x00, 0x00, 0x00, 0x00, 0x4D, 0x73, 0x67, 0x65, 0x54, 0x45,
        0x58, 0x54, 0x00, 0x00, 0x00, 0x01, 0x00, 0x00, 0x00, 0x00, 0x00, 0x06, 0x61, 0x6C, 0x74, 0x54,
        0x61, 0x67, 0x54, 0x45, 0x58, 0x54, 0x00, 0x00, 0x00, 0x01, 0x00, 0x00, 0x00, 0x00, 0x00, 0x0E,
        0x63, 0x65, 0x6C, 0x6C, 0x54, 0x65, 0x78, 0x74, 0x49, 0x73, 0x48, 0x54, 0x4D, 0x4C, 0x62, 0x6F,
        0x6F, 0x6C, 0x01, 0x00, 0x00, 0x00, 0x08, 0x63, 0x65, 0x6C, 0x6C, 0x54, 0x65, 0x78, 0x74, 0x54,
        0x45, 0x58, 0x54, 0x00, 0x00, 0x00, 0x01, 0x00, 0x00, 0x00, 0x00, 0x00, 0x09, 0x68, 0x6F, 0x72,
        0x7A, 0x41, 0x6C, 0x69, 0x67, 0x6E, 0x65, 0x6E, 0x75, 0x6D, 0x00, 0x00, 0x00, 0x0F, 0x45, 0x53,
        0x6C, 0x69, 0x63, 0x65, 0x48, 0x6F, 0x72, 0x7A, 0x41, 0x6C, 0x69, 0x67, 0x6E, 0x00, 0x00, 0x00,
        0x07, 0x64, 0x65, 0x66, 0x61, 0x75, 0x6C, 0x74, 0x00, 0x00, 0x00, 0x09, 0x76, 0x65, 0x72, 0x74,
        0x41, 0x6C, 0x69, 0x67, 0x6E, 0x65, 0x6E, 0x75, 0x6D, 0x00, 0x00, 0x00, 0x0F, 0x45, 0x53, 0x6C,
        0x69, 0x63, 0x65, 0x56, 0x65, 0x72, 0x74, 0x41, 0x6C, 0x69, 0x67, 0x6E, 0x00, 0x00, 0x00, 0x07,
        0x64, 0x65, 0x66, 0x61, 0x75, 0x6C, 0x74, 0x00, 0x00, 0x00, 0x0B, 0x62, 0x67, 0x43, 0x6F, 0x6C,
        0x6F, 0x72, 0x54, 0x79, 0x70, 0x65, 0x65, 0x6E, 0x75, 0x6D, 0x00, 0x00, 0x00, 0x11, 0x45, 0x53,
        0x6C, 0x69, 0x63, 0x65, 0x42, 0x47, 0x43, 0x6F, 0x6C, 0x6F, 0x72, 0x54, 0x79, 0x70, 0x65, 0x00,
        0x00, 0x00, 0x00, 0x4E, 0x6F, 0x6E, 0x65, 0x00, 0x00, 0x00, 0x09, 0x74, 0x6F, 0x70, 0x4F, 0x75,
        0x74, 0x73, 0x65, 0x74, 0x6C, 0x6F, 0x6E, 0x67, 0x00, 0x00, 0x00, 0x00, 0x00, 0x00, 0x00, 0x0A,
        0x6C, 0x65, 0x66, 0x74, 0x4F, 0x75, 0x74, 0x73, 0x65, 0x74, 0x6C, 0x6F, 0x6E, 0x67, 0x00, 0x00,
        0x00, 0x00, 0x00, 0x00, 0x00, 0x0C, 0x62, 0x6F, 0x74, 0x74, 0x6F, 0x6D, 0x4F, 0x75, 0x74, 0x73,
        0x65, 0x74, 0x6C, 0x6F, 0x6E, 0x67, 0x00, 0x00, 0x00, 0x00, 0x00, 0x00, 0x00, 0x0B, 0x72, 0x69,
        0x67, 0x68, 0x74, 0x4F, 0x75, 0x74, 0x73, 0x65, 0x74, 0x6C, 0x6F, 0x6E, 0x67, 0x00, 0x00, 0x00,
        0x00, 0x00, 0x38, 0x42, 0x49, 0x4D, 0x04, 0x28, 0x00, 0x00, 0x00, 0x00, 0x00, 0x0C, 0x00, 0x00,
        0x00, 0x02, 0x3F, 0xF0, 0x00, 0x00, 0x00, 0x00, 0x00, 0x00, 0x38, 0x42, 0x49, 0x4D, 0x04, 0x11,
        0x00, 0x00, 0x00, 0x00, 0x00, 0x01, 0x01, 0x00, 0x38, 0x42, 0x49, 0x4D, 0x04, 0x14, 0x00, 0x00,
        0x00, 0x00, 0x00, 0x04, 0x00, 0x00, 0x00, 0x03, 0x38, 0x42, 0x49, 0x4D, 0x04, 0x0C, 0x00, 0x00,
        0x00, 0x00, 0x13, 0xE0, 0x00, 0x00, 0x00, 0x01, 0x00, 0x00, 0x00, 0xA0, 0x00, 0x00, 0x00, 0x6B,
        0x00, 0x00, 0x01, 0xE0, 0x00, 0x00, 0xC8, 0xA0, 0x00, 0x00, 0x13, 0xC4, 0x00, 0x18, 0x00, 0x01,
        0xFF, 0xD8, 0xFF, 0xED, 0x00, 0x0C, 0x41, 0x64, 0x6F, 0x62, 0x65, 0x5F, 0x43, 0x4D, 0x00, 0x02,
        0xFF, 0xEE, 0x00, 0x0E, 0x41, 0x64, 0x6F, 0x62, 0x65, 0x00, 0x64, 0x80, 0x00, 0x00, 0x00, 0x01,
        0xFF, 0xDB, 0x00, 0x84, 0x00, 0x0C, 0x08, 0x08, 0x08, 0x09, 0x08, 0x0C, 0x09, 0x09, 0x0C, 0x11,
        0x0B, 0x0A, 0x0B, 0x11, 0x15, 0x0F, 0x0C, 0x0C, 0x0F, 0x15, 0x18, 0x13, 0x13, 0x15, 0x13, 0x13,
        0x18, 0x11, 0x0C, 0x0C, 0x0C, 0x0C, 0x0C, 0x0C, 0x11, 0x0C, 0x0C, 0x0C, 0x0C, 0x0C, 0x0C, 0x0C,
        0x0C, 0x0C, 0x0C, 0x0C, 0x0C, 0x0C, 0x0C, 0x0C, 0x0C, 0x0C, 0x0C, 0x0C, 0x0C, 0x0C, 0x0C, 0x0C,
        0x0C, 0x0C, 0x0C, 0x0C, 0x0C, 0x01, 0x0D, 0x0B, 0x0B, 0x0D, 0x0E, 0x0D, 0x10, 0x0E, 0x0E, 0x10,
        0x14, 0x0E, 0x0E, 0x0E, 0x14, 0x14, 0x0E, 0x0E, 0x0E, 0x0E, 0x14, 0x11, 0x0C, 0x0C, 0x0C, 0x0C,
        0x0C, 0x11, 0x11, 0x0C, 0x0C, 0x0C, 0x0C, 0x0C, 0x0C, 0x11, 0x0C, 0x0C, 0x0C, 0x0C, 0x0C, 0x0C,
        0x0C, 0x0C, 0x0C, 0x0C, 0x0C, 0x0C, 0x0C, 0x0C, 0x0C, 0x0C, 0x0C, 0x0C, 0x0C, 0x0C, 0x0C, 0x0C,
        0x0C, 0x0C, 0x0C, 0x0C, 0x0C, 0x0C, 0xFF, 0xC0, 0x00, 0x11, 0x08, 0x00, 0x6B, 0x00, 0xA0, 0x03,
        0x01, 0x22, 0x00, 0x02, 0x11, 0x01, 0x03, 0x11, 0x01, 0xFF, 0xDD, 0x00, 0x04, 0x00, 0x0A, 0xFF,
        0xC4, 0x01, 0x3F, 0x00, 0x00, 0x01, 0x05, 0x01, 0x01, 0x01, 0x01, 0x01, 0x01, 0x00, 0x00, 0x00,
        0x00, 0x00, 0x00, 0x00, 0x03, 0x00, 0x01, 0x02, 0x04, 0x05, 0x06, 0x07, 0x08, 0x09, 0x0A, 0x0B,
        0x01, 0x00, 0x01, 0x05, 0x01, 0x01, 0x01, 0x01, 0x01, 0x01, 0x00, 0x00, 0x00, 0x00, 0x00, 0x00,
        0x00, 0x01, 0x00, 0x02, 0x03, 0x04, 0x05, 0x06, 0x07, 0x08, 0x09, 0x0A, 0x0B, 0x10, 0x00, 0x01,
        0x04, 0x01, 0x03, 0x02, 0x04, 0x02, 0x05, 0x07, 0x06, 0x08, 0x05, 0x03, 0x0C, 0x33, 0x01, 0x00,
        0x02, 0x11, 0x03, 0x04, 0x21, 0x12, 0x31, 0x05, 0x41, 0x51, 0x61, 0x13, 0x22, 0x71, 0x81, 0x32,
        0x06, 0x14, 0x91, 0xA1, 0xB1, 0x42, 0x23, 0x24, 0x15, 0x52, 0xC1, 0x62, 0x33, 0x34, 0x72, 0x82,
        0xD1, 0x43, 0x07, 0x25, 0x92, 0x53, 0xF0, 0xE1, 0xF1, 0x63, 0x73, 0x35, 0x16, 0xA2, 0xB2, 0x83,
        0x26, 0x44, 0x93, 0x54, 0x64, 0x45, 0xC2, 0xA3, 0x74, 0x36, 0x17, 0xD2, 0x55, 0xE2, 0x65, 0xF2,
        0xB3, 0x84, 0xC3, 0xD3, 0x75, 0xE3, 0xF3, 0x46, 0x27, 0x94, 0xA4, 0x85, 0xB4, 0x95, 0xC4, 0xD4,
        0xE4, 0xF4, 0xA5, 0xB5, 0xC5, 0xD5, 0xE5, 0xF5, 0x56, 0x66, 0x76, 0x86, 0x96, 0xA6, 0xB6, 0xC6,
        0xD6, 0xE6, 0xF6, 0x37, 0x47, 0x57, 0x67, 0x77, 0x87, 0x97, 0xA7, 0xB7, 0xC7, 0xD7, 0xE7, 0xF7,
        0x11, 0x00, 0x02, 0x02, 0x01, 0x02, 0x04, 0x04, 0x03, 0x04, 0x05, 0x06, 0x07, 0x07, 0x06, 0x05,
        0x35, 0x01, 0x00, 0x02, 0x11, 0x03, 0x21, 0x31, 0x12, 0x04, 0x41, 0x51, 0x61, 0x71, 0x22, 0x13,
        0x05, 0x32, 0x81, 0x91, 0x14, 0xA1, 0xB1, 0x42, 0x23, 0xC1, 0x52, 0xD1, 0xF0, 0x33, 0x24, 0x62,
        0xE1, 0x72, 0x82, 0x92, 0x43, 0x53, 0x15, 0x63, 0x73, 0x34, 0xF1, 0x25, 0x06, 0x16, 0xA2, 0xB2,
        0x83, 0x07, 0x26, 0x35, 0xC2, 0xD2, 0x44, 0x93, 0x54, 0xA3, 0x17, 0x64, 0x45, 0x55, 0x36, 0x74,
        0x65, 0xE2, 0xF2, 0xB3, 0x84, 0xC3, 0xD3, 0x75, 0xE3, 0xF3, 0x46, 0x94, 0xA4, 0x85, 0xB4, 0x95,
        0xC4, 0xD4, 0xE4, 0xF4, 0xA5, 0xB5, 0xC5, 0xD5, 0xE5, 0xF5, 0x56, 0x66, 0x76, 0x86, 0x96, 0xA6,
        0xB6, 0xC6, 0xD6, 0xE6, 0xF6, 0x27, 0x37, 0x47, 0x57, 0x67, 0x77, 0x87, 0x97, 0xA7, 0xB7, 0xC7,
        0xFF, 0xDA, 0x00, 0x0C, 0x03, 0x01, 0x00, 0x02, 0x11, 0x03, 0x11, 0x00, 0x3F, 0x00, 0xE0, 0x31,
        0x31, 0x1D, 0x99, 0xD4, 0x28, 0xC3, 0x63, 0x9B, 0x5B, 0xB2, 0xAF, 0x6D, 0x0D, 0x7B, 0xBE, 0x8B,
        0x4D, 0x8F, 0xF4, 0xC3, 0xDF, 0x1F, 0x9A, 0xDD, 0xCB, 0xBA, 0xAB, 0xEA, 0xF5, 0xF8, 0x3F, 0x53,
        0x7E, 0xB3, 0x74, 0xA3, 0x63, 0x5F, 0x93, 0xD2, 0xF3, 0x06, 0x4F, 0xAC, 0xD6, 0x46, 0xF6, 0xD7,
        0x5D, 0x19, 0x75, 0xBB, 0xDD, 0xEF, 0x6F, 0xE8, 0x9A, 0xF5, 0xC1, 0x38, 0xD8, 0xCB, 0x37, 0x55,
        0x22, 0xD0, 0xF9, 0xAC, 0xB7, 0x9D, 0xE1, 0xDF, 0xA3, 0x8F, 0xFA, 0xE6, 0xD5, 0xEE, 0x99, 0x58,
        0xB8, 0xA5, 0xF9, 0xA7, 0x2D, 0x86, 0xD3, 0xD4, 0x29, 0x66, 0x3E, 0x75, 0x6D, 0x24, 0x31, 0xC1,
        0x8D, 0xB2, 0xB7, 0x6C, 0xDB, 0xB1, 0xED, 0xDF, 0xEB, 0x5B, 0x5F, 0xA9, 0xBF, 0xF9, 0xBF, 0x49,
        0x25, 0x3E, 0x7D, 0xFE, 0x31, 0xFA, 0x55, 0x8D, 0xFA, 0xC9, 0x8E, 0x71, 0x83, 0xAF, 0xBF, 0xA9,
        0xD7, 0xFA, 0x26, 0x18, 0x25, 0xCF, 0x36, 0xBA, 0xAA, 0x18, 0xDF, 0xA3, 0xBB, 0x7E, 0xF5, 0x93,
        0xF5, 0xB7, 0xA4, 0xF4, 0xFE, 0x93, 0x9F, 0x47, 0x4E, 0xC2, 0x13, 0x65, 0x14, 0x37, 0xED, 0x96,
        0xEE, 0x2E, 0xF5, 0x2D, 0x3C, 0xDB, 0xEE, 0x3B, 0x5B, 0xF9, 0xDB, 0x58, 0xCF, 0xF0, 0x6B, 0xBC,
        0xEA, 0x96, 0x60, 0xB7, 0x36, 0x9E, 0xAE, 0x6A, 0x75, 0xB9, 0xFD, 0x3A, 0xA7, 0x32, 0x97, 0xC3,
        0x8B, 0x2B, 0x69, 0x0E, 0x6E, 0xC0, 0x3D, 0xB5, 0x3A, 0xC6, 0xEF, 0x76, 0xCF, 0xDC, 0x5E, 0x5D,
        0x97, 0x9C, 0xFC, 0xDC, 0xAB, 0x72, 0xEF, 0x78, 0x36, 0x5C, 0xE2, 0xE3, 0xA8, 0xD0, 0x7E, 0x6B,
        0x7F, 0xB2, 0xD4, 0x94, 0x84, 0x35, 0x4C, 0x04, 0x82, 0x90, 0x09, 0x29, 0x60, 0x14, 0xC0, 0x48,
        0x05, 0x30, 0xD4, 0x94, 0xB0, 0x6A, 0x90, 0x6A, 0xDD, 0xFA, 0xB1, 0xF5, 0x5E, 0xEE, 0xB5, 0x73,
        0xAD, 0xBB, 0xD4, 0xA7, 0xA6, 0xD4, 0x76, 0xD9, 0x7D, 0x60, 0x6F, 0xB2, 0xCF, 0xFB, 0x8B, 0x8B,
        0xBF, 0x73, 0x7D, 0x4F, 0xF4, 0xB6, 0xEC, 0xF4, 0xE9, 0x5D, 0x36, 0x77, 0xD5, 0xFE, 0x81, 0xD3,
        0xEB, 0x6B, 0x2A, 0xE9, 0x94, 0x39, 0xC0, 0x43, 0x9D, 0x90, 0xFB, 0x2D, 0xB0, 0x9F, 0xE5, 0x3B,
        0x7E, 0xDF, 0x77, 0xF2, 0x2B, 0x49, 0x4F, 0x9E, 0x86, 0xA7, 0x0C, 0x5D, 0x17, 0x55, 0x3D, 0x29,
        0xD4, 0x3F, 0x67, 0x4F, 0x6D, 0x0E, 0x60, 0xF6, 0x1C, 0x66, 0x86, 0x9D, 0x3E, 0x90, 0xE7, 0x6B,
        0xB7, 0x3B, 0xFD, 0x2A, 0xC3, 0x69, 0xC6, 0xB1, 0x9E, 0xA5, 0x16, 0x6F, 0x6C, 0xC1, 0x6B, 0x86,
        0xD7, 0xB4, 0xFE, 0xED, 0x8C, 0xFC, 0xD4, 0x94, 0x8B, 0x62, 0x7D, 0x88, 0xDE, 0x9A, 0x71, 0x5A,
        0x4A, 0x41, 0xB1, 0x31, 0x62, 0xB1, 0xE9, 0xA6, 0x2C, 0x49, 0x4D, 0x71, 0x5E, 0xE7, 0x35, 0xA2,
        0x01, 0x73, 0x9A, 0xD0, 0x4E, 0x82, 0x5C, 0x43, 0x7D, 0xDF, 0xC9, 0xF7, 0x2B, 0xC3, 0xA2, 0x5E,
        0xDE, 0xB6, 0xDE, 0x8F, 0x73, 0xC3, 0x2C, 0x75, 0x86, 0xBF, 0x55, 0xA0, 0x96, 0xC0, 0x0E, 0x7E,
        0xE6, 0x35, 0xDB, 0x7F, 0xD1, 0xED, 0x55, 0x9E, 0xC6, 0x96, 0x96, 0xBB, 0x40, 0xED, 0x3E, 0xF5,
        0xDC, 0xF4, 0xAC, 0x43, 0xD6, 0xA9, 0xE9, 0x7D, 0x76, 0xB7, 0x32, 0xAC, 0xDE, 0x9F, 0x70, 0xAB,
        0x23, 0xD4, 0x04, 0x8B, 0x1F, 0x5B, 0x40, 0xB1, 0x9C, 0xFF, 0x00, 0xDA, 0xBA, 0x1D, 0xEA, 0x6F,
        0xFC, 0xC7, 0xA4, 0xA7, 0x85, 0xBB, 0x02, 0xFA, 0x6B, 0x7D, 0xAF, 0x1F, 0xA3, 0x65, 0xEE, 0xC6,
        0x2E, 0x9D, 0x77, 0xB4, 0x6F, 0xF7, 0x33, 0xF3, 0x77, 0xB3, 0xE8, 0xA0, 0x0A, 0xDC, 0x1C, 0xC9,
        0x04, 0x4E, 0xD7, 0x09, 0x11, 0x20, 0x9F, 0x6B, 0x84, 0xFE, 0x6A, 0xEF, 0xFA, 0xA7, 0xD5, 0xAB,
        0x72, 0x71, 0x73, 0xAB, 0xA1, 0x80, 0x1C, 0xEB, 0x99, 0x96, 0xE2, 0x64, 0x7A, 0x06, 0x86, 0xFA,
        0x36, 0x46, 0xDF, 0xE7, 0xBD, 0x5F, 0xFA, 0xB5, 0xCB, 0xF5, 0xD6, 0xB7, 0xF6, 0xD5, 0xB5, 0x30,
        0x38, 0x33, 0x15, 0xB4, 0x63, 0x30, 0x3B, 0x9D, 0xB5, 0xB1, 0xBB, 0x7F, 0xEA, 0x92, 0x53, 0xFF,
        0xD0, 0xE0, 0xF1, 0xAD, 0x65, 0x19, 0xD4, 0xDE, 0xFD, 0x19, 0x55, 0xF5, 0xD8, 0xF3, 0xE0, 0xD6,
        0x58, 0xD7, 0xBF, 0xFE, 0x8B, 0x57, 0xB2, 0xE4, 0xE7, 0xD0, 0xFC, 0xB3, 0xBE, 0xC0, 0x08, 0x2E,
        0x71, 0x03, 0x51, 0x1F, 0x9A, 0xED, 0xDF, 0x47, 0xFA, 0x8B, 0xC6, 0x3E, 0xCF, 0x66, 0x43, 0xEC,
        0xA6, 0xAD, 0x5E, 0x5B, 0x61, 0x68, 0xF1, 0xDA, 0x1C, 0xED, 0xA3, 0xF9, 0x4E, 0x5E, 0x9B, 0x91,
        0xF5, 0x9B, 0xA1, 0xD7, 0xD2, 0x6B, 0xB2, 0x97, 0x5B, 0xB3, 0xD0, 0xA8, 0xB4, 0x0A, 0xDD, 0xA3,
        0x43, 0x2B, 0x1B, 0x77, 0x1D, 0xBF, 0x45, 0xA3, 0x6A, 0x4A, 0x4F, 0xD4, 0xBA, 0xD7, 0x4A, 0xE9,
        0xF4, 0x8B, 0x32, 0xEE, 0x01, 0xAE, 0x30, 0xC6, 0x80, 0x1C, 0x5C, 0x4F, 0xEE, 0x06, 0xEE, 0x73,
        0x97, 0x1B, 0x9B, 0xF5, 0xA8, 0x4B, 0xA8, 0xE8, 0xD8, 0x18, 0xB8, 0x38, 0x9A, 0xC3, 0x8D, 0x2D,
        0x75, 0xAE, 0x9E, 0x5C, 0xEF, 0xDC, 0xFE, 0xAA, 0xC6, 0xCC, 0xCB, 0x6E, 0x7F, 0x51, 0xC9, 0xCB,
        0x6B, 0x9C, 0xF6, 0xBA, 0xC2, 0x2B, 0x2E, 0x1B, 0x4B, 0x5B, 0xDA, 0xB6, 0xB3, 0xF3, 0x10, 0xC3,
        0x52, 0x52, 0xEF, 0x73, 0xAC, 0x79, 0xB1, 0xC1, 0xA1, 0xCE, 0xD4, 0x86, 0x34, 0x35, 0xBF, 0xE6,
        0x37, 0xDA, 0x90, 0x6A, 0x70, 0x14, 0x80, 0x49, 0x4A, 0x01, 0x4D, 0xAD, 0x48, 0x35, 0x4F, 0x6B,
        0xA0, 0xED, 0xE6, 0x0C, 0x7C, 0x52, 0x53, 0xEB, 0x1F, 0x54, 0xAD, 0x6D, 0x5F, 0x55, 0xBA, 0x43,
        0xF1, 0xD8, 0x23, 0xD0, 0x73, 0x4C, 0xFE, 0x6B, 0xB7, 0x3F, 0xD7, 0xB7, 0xFE, 0xDD, 0x6B, 0x9C,
        0xF5, 0x8F, 0xD6, 0x3A, 0xAF, 0x45, 0xC9, 0xBC, 0x86, 0x66, 0x8B, 0xEF, 0x69, 0x82, 0xC6, 0x35,
        0xC5, 0xB3, 0x30, 0x7F, 0x49, 0x1E, 0x9F, 0xD2, 0x5A, 0x1D, 0x27, 0xEC, 0x97, 0x7D, 0x55, 0xAF,
        0x16, 0xA2, 0x2B, 0xC5, 0x7D, 0x5B, 0x18, 0x6A, 0x99, 0x68, 0xB4, 0x1B, 0x1E, 0xDF, 0x7B, 0x9C,
        0xED, 0xFE, 0xB6, 0xFF, 0x00, 0x5A, 0xCF, 0xF4, 0x9F, 0xF1, 0x6B, 0x07, 0x13, 0xA4, 0xE2, 0x0C,
        0xC6, 0xDE, 0xCA, 0xDB, 0x55, 0x25, 0xC5, 0xB4, 0x3A, 0xEB, 0x9E, 0xF6, 0x43, 0x4C, 0x9B, 0x3D,
        0x3B, 0xBF, 0x46, 0xCA, 0x31, 0xDB, 0xFA, 0x4B, 0x6D, 0xFD, 0x27, 0xBD, 0x25, 0x35, 0xFA, 0xC6,
        0x47, 0x47, 0xC6, 0xAC, 0xD1, 0x75, 0xE3, 0xED, 0x04, 0x6B, 0x4B, 0x5A, 0xE7, 0x3B, 0x51, 0x3A,
        0xB6, 0xB6, 0xB9, 0xFD, 0xD7, 0x09, 0x95, 0x77, 0xD9, 0xF2, 0xDF, 0x66, 0x35, 0x8D, 0x73, 0x1E,
        0xD2, 0x20, 0x4E, 0x80, 0xFD, 0x26, 0x58, 0xD7, 0xED, 0x73, 0x5C, 0xD7, 0x2E, 0xBF, 0xAF, 0xF5,
        0x2E, 0x87, 0x8D, 0xF5, 0x85, 0xB9, 0x35, 0xE4, 0xD5, 0x9B, 0x8D, 0x9D, 0x8F, 0xE8, 0xE6, 0x16,
        0xB4, 0xEE, 0x60, 0x6F, 0xF3, 0x19, 0x32, 0xC7, 0x32, 0xD6, 0xFA, 0x9F, 0x9E, 0xD6, 0xFE, 0x91,
        0x94, 0xAE, 0x57, 0xAE, 0xD1, 0x8F, 0x56, 0x46, 0xFC, 0x7B, 0x59, 0x6B, 0x2C, 0x69, 0x70, 0x15,
        0x83, 0xB5, 0xA3, 0xF3, 0x7D, 0xF6, 0x39, 0xCE, 0xB3, 0x72, 0x4A, 0x76, 0x2B, 0xAD, 0xDE, 0x9B,
        0x37, 0x7D, 0x22, 0xD6, 0x97, 0x7C, 0x48, 0x04, 0xA9, 0x7A, 0x68, 0xD4, 0xD5, 0xB6, 0x8A, 0x5B,
        0x11, 0xB6, 0xB6, 0x08, 0x3C, 0xFD, 0x16, 0xF8, 0xA9, 0x7A, 0x69, 0x29, 0xAF, 0xE9, 0xA8, 0x9A,
        0xD5, 0xAF, 0x4D, 0x2F, 0x4D, 0x25, 0x2D, 0x8F, 0x95, 0x7E, 0x35, 0x5E, 0x9E, 0x3B, 0x28, 0x63,
        0x89, 0x25, 0xF7, 0x3E, 0x96, 0xD9, 0x6B, 0x81, 0x8F, 0xD1, 0xFA, 0x96, 0xCE, 0xCA, 0xD9, 0xF9,
        0x9E, 0x96, 0xC5, 0x7B, 0xA4, 0xE4, 0xDF, 0x43, 0x4D, 0x43, 0x2B, 0x65, 0x79, 0x6E, 0x70, 0xB7,
        0x1D, 0x8C, 0xDA, 0xC6, 0x58, 0xE6, 0xFA, 0x3F, 0x6A, 0xAA, 0xE7, 0xFF, 0x00, 0x31, 0x67, 0xD9,
        0xFF, 0x00, 0x46, 0xAA, 0x0A, 0xD4, 0xEB, 0xB5, 0xB8, 0xA4, 0xE4, 0x3C, 0x4D, 0x6C, 0x6B, 0xBD,
        0x51, 0x13, 0x35, 0xC7, 0xE9, 0x36, 0xB7, 0xF7, 0xD8, 0xDF, 0xD2, 0x57, 0xFF, 0x00, 0x08, 0x92,
        0x9E, 0x8B, 0xA0, 0xFD, 0x68, 0xB5, 0xD7, 0x5B, 0xD0, 0x2C, 0x68, 0x75, 0x14, 0x52, 0xC1, 0x87,
        0x96, 0xF3, 0x0F, 0xB6, 0x3D, 0xAE, 0xAE, 0xD0, 0xEF, 0xE7, 0xAC, 0x7D, 0x95, 0xDA, 0xFA, 0xED,
        0x63, 0x7D, 0xF5, 0x55, 0x65, 0x8B, 0x8F, 0xC8, 0xCB, 0x1D, 0x47, 0xAB, 0x67, 0x65, 0xB7, 0x56,
        0x3A, 0xE6, 0x30, 0x1F, 0x36, 0x35, 0xAC, 0xB3, 0xFE, 0x92, 0xB4, 0xEF, 0xAD, 0xFF, 0x00, 0x56,
        0x28, 0xDD, 0xFB, 0x37, 0x0B, 0x27, 0x33, 0x3D, 0xFB, 0x58, 0xCB, 0xAC, 0x6B, 0x18, 0x5D, 0xF9,
        0xAF, 0xDB, 0xB5, 0xD9, 0x16, 0x36, 0xCB, 0x3F, 0x9B, 0xFC, 0xF5, 0x47, 0xA5, 0xFE, 0x90, 0x65,
        0x1F, 0xB2, 0xFD, 0x88, 0x0C, 0xB7, 0xC6, 0x2E, 0xBF, 0xA3, 0x90, 0xCF, 0xD0, 0xFE, 0x93, 0xDF,
        0xFA, 0x34, 0x94, 0xFF, 0x00, 0xFF, 0xD1, 0xE1, 0x71, 0x73, 0x5B, 0x89, 0x99, 0x91, 0x76, 0xDD,
        0xE0, 0x36, 0xDA, 0xE8, 0x20, 0x19, 0x0F, 0x27, 0x63, 0x2D, 0xB3, 0xF9, 0x2D, 0xFE, 0x42, 0xB5,
        0x95, 0xD6, 0xAB, 0xB7, 0x09, 0xB8, 0xEC, 0xAA, 0xC1, 0xB6, 0xA0, 0xC3, 0x63, 0x8B, 0x75, 0x81,
        0x1B, 0xB6, 0x83, 0xFC, 0x95, 0x9D, 0x92, 0xC7, 0x33, 0x2A, 0xFA, 0xC1, 0xD0, 0x58, 0xF8, 0xF9,
        0x1E, 0xEA, 0xBB, 0xEC, 0x86, 0x40, 0xD5, 0xD1, 0xAF, 0xFA, 0xFF, 0x00, 0x65, 0x15, 0x26, 0xE9,
        0xC7, 0x71, 0xB0, 0x02, 0x76, 0x82, 0x0E, 0xBE, 0x27, 0x9E, 0x3E, 0x0A, 0xF0, 0x0B, 0x3F, 0xA5,
        0x73, 0x68, 0xEF, 0xED, 0x3F, 0x95, 0x75, 0x7F, 0x55, 0x3E, 0xAF, 0x0E, 0xBD, 0xD4, 0x9D, 0x8F,
        0x63, 0xDF, 0x56, 0x35, 0x0C, 0x16, 0xDE, 0xEA, 0x84, 0xD8, 0x41, 0x77, 0xA7, 0x5D, 0x55, 0x48,
        0x73, 0x59, 0xBD, 0xDF, 0x4A, 0xC7, 0x7E, 0x63, 0x10, 0x53, 0x8C, 0x1A, 0xA4, 0x02, 0xE8, 0x3E,
        0xB3, 0xF4, 0xCF, 0xAB, 0x9D, 0x12, 0xEB, 0x31, 0xF1, 0x5F, 0x93, 0x7E, 0x55, 0x54, 0xFA, 0xAF,
        0xAE, 0xDB, 0x58, 0xFA, 0xDA, 0xE7, 0x17, 0x32, 0xBA, 0x1F, 0xE9, 0x54, 0xCB, 0x7D, 0x76, 0xFE,
        0x8E, 0xDB, 0x6B, 0xB2, 0xCF, 0xE6, 0xAC, 0xAD, 0x60, 0xB3, 0x3F, 0xA7, 0x56, 0x1B, 0x5D, 0xB4,
        0x7A, 0x96, 0xB5, 0xA3, 0xD5, 0x7E, 0xE7, 0x00, 0x5D, 0x1E, 0xEF, 0x68, 0x3F, 0x9C, 0x92, 0x97,
        0x0D, 0x44, 0x68, 0x43, 0xFD, 0xA7, 0xD3, 0xDD, 0xB8, 0xB3, 0x14, 0x34, 0x30, 0x6E, 0x3E, 0xE7,
        0x13, 0x1E, 0x1F, 0x4B, 0x6A, 0x93, 0x7A, 0xB7, 0x4B, 0x82, 0x1D, 0x8D, 0x04, 0x44, 0x49, 0x70,
        0x99, 0xF1, 0xDA, 0xE4, 0x94, 0xF4, 0xDF, 0x55, 0xBA, 0xD5, 0xB4, 0x39, 0x9D, 0x1D, 0xF5, 0x0B,
        0x68, 0xC8, 0x75, 0x86, 0xB7, 0x89, 0x36, 0x56, 0xF7, 0x81, 0xB5, 0xBC, 0xEC, 0x6E, 0x17, 0xAA,
        0x37, 0xDB, 0xFB, 0x8F, 0xB7, 0xD4, 0x5A, 0x41, 0xF9, 0x16, 0x67, 0xD8, 0xFA, 0xEC, 0x15, 0x3D,
        0x84, 0x31, 0xEE, 0x73, 0x43, 0x9E, 0x1C, 0xD1, 0xEF, 0x63, 0x3D, 0x47, 0x31, 0x94, 0xD3, 0x4B,
        0xBF, 0x9B, 0xF6, 0xFF, 0x00, 0x2D, 0x72, 0x39, 0xFD, 0x6A, 0x9C, 0x6E, 0x95, 0x4B, 0xBA, 0x65,
        0x6D, 0xA6, 0xCB, 0x72, 0x6B, 0x70, 0x76, 0xAE, 0x2E, 0xF4, 0x8F, 0xAB, 0x16, 0xBD, 0xFF, 0x00,
        0xA4, 0x75, 0x7B, 0xF6, 0x7E, 0x8F, 0x76, 0xC5, 0x7B, 0x25, 0xDD, 0x23, 0x2F, 0xA6, 0x51, 0xD5,
        0xBA, 0x95, 0xEE, 0xAA, 0xEB, 0x58, 0x6C, 0x0F, 0x24, 0xBC, 0xD7, 0xB8, 0x96, 0xB3, 0x19, 0x9E,
        0x89, 0xA7, 0x22, 0xF6, 0xFB, 0x3F, 0xD2, 0xFE, 0x81, 0x25, 0x31, 0xFA, 0xE0, 0xCC, 0x68, 0x60,
        0xBB, 0x21, 0xB6, 0xD9, 0xA9, 0x6E, 0xE6, 0xD2, 0x4C, 0x0F, 0x76, 0x96, 0x35, 0x8C, 0xBF, 0xDF,
        0xF4, 0x7F, 0x9C, 0x58, 0x38, 0xB8, 0xBD, 0x3B, 0x3B, 0xAB, 0x8A, 0xF1, 0xA7, 0xEC, 0x34, 0x54,
        0xD7, 0x36, 0xA7, 0x93, 0xBD, 0xE4, 0x00, 0xEB, 0x1B, 0xFD, 0x46, 0xDE, 0xE7, 0x7F, 0xD6, 0x55,
        0x1C, 0xD2, 0xCB, 0xED, 0x36, 0xE2, 0xE3, 0x7D, 0x9D, 0x85, 0xA0, 0x8A, 0xFD, 0x4D, 0xFA, 0x6B,
        0xB9, 0xEE, 0xF5, 0x4B, 0xAC, 0x6E, 0xEF, 0xF4, 0x7B, 0x95, 0x61, 0x56, 0x4D, 0x36, 0x36, 0xD6,
        0xBC, 0xD5, 0x67, 0xD2, 0xAD, 0xCD, 0x24, 0x38, 0x0F, 0xDE, 0x11, 0xEE, 0x6A, 0x4A, 0x7B, 0xAD,
        0xBB, 0xB5, 0x3C, 0x9D, 0x4A, 0x7F, 0x4D, 0x73, 0x18, 0x9F, 0x58, 0xFA, 0x8D, 0x27, 0x6E, 0x46,
        0xDC, 0xB6, 0xFF, 0x00, 0x2C, 0x6D, 0x70, 0xFF, 0x00, 0xAE, 0xB3, 0xFE, 0xFE, 0x89, 0x6F, 0xD6,
        0xCC, 0xC7, 0xBB, 0xF5, 0x7A, 0x2A, 0xA9, 0xA3, 0xF7, 0xE6, 0xC3, 0xF7, 0xFE, 0x8D, 0xBF, 0xF4,
        0x12, 0x53, 0xD2, 0x6C, 0x4F, 0xB1, 0x73, 0x0D, 0xFA, 0xD7, 0xD4, 0x86, 0x8E, 0xAA, 0x87, 0xEA,
        0x3F, 0x35, 0xC3, 0xE5, 0xED, 0x7A, 0xE8, 0x7A, 0x77, 0x55, 0xC0, 0xEA, 0x20, 0x8C, 0x77, 0x16,
        0xD8, 0xD8, 0xDF, 0x4D, 0x82, 0x1C, 0x27, 0x4E, 0x44, 0xB1, 0xCC, 0xDF, 0xEC, 0x49, 0x49, 0x7D,
        0x34, 0xB6, 0x01, 0xA9, 0xE0, 0x6A, 0x7E, 0x03, 0x95, 0x67, 0xD3, 0x43, 0xBC, 0x0A, 0xF1, 0xED,
        0xB0, 0xF0, 0xCA, 0xDE, 0xE3, 0xF2, 0x6B, 0x92, 0x53, 0xCF, 0xD1, 0xD5, 0x61, 0xAD, 0x76, 0x36,
        0x63, 0xB1, 0x5F, 0xF9, 0xBE, 0x93, 0xCD, 0x04, 0x6B, 0xB9, 0x91, 0xE9, 0xFA, 0x7B, 0x50, 0x31,
        0xFA, 0xA1, 0xC4, 0xEA, 0xD6, 0xFD, 0xAE, 0xE7, 0xDB, 0x4E, 0x4C, 0x59, 0x6D, 0x84, 0x9B, 0x0F,
        0xA8, 0x48, 0xFD, 0x3B, 0x9D, 0x27, 0x7B, 0xBF, 0xD3, 0x39, 0x65, 0x33, 0xF9, 0xB8, 0x3F, 0x9A,
        0x00, 0x1F, 0x14, 0x29, 0x21, 0xED, 0x00, 0xE9, 0xB8, 0x71, 0xC7, 0x29, 0x29, 0xFF, 0xD2, 0xE1,
        0xBA, 0xE8, 0x15, 0x75, 0x8C, 0xFA, 0x9A, 0x07, 0xB7, 0x26, 0xF1, 0xA7, 0x87, 0xA8, 0xE5, 0x98,
        0x4E, 0xF8, 0x92, 0x7E, 0x00, 0x2E, 0xB3, 0xAF, 0x60, 0x7D, 0x5F, 0x7F, 0x50, 0xC8, 0xCC, 0xC9,
        0xCF, 0xB7, 0x15, 0xD9, 0x6F, 0x36, 0x32, 0x96, 0x54, 0xDB, 0xA0, 0x9F, 0xA7, 0xEE, 0xF5, 0x19,
        0xEA, 0x33, 0x7F, 0xF5, 0x17, 0x3B, 0x9F, 0x4E, 0x1D, 0x3A, 0xE2, 0x64, 0xBB, 0x2E, 0xAE, 0x4E,
        0xEA, 0xCE, 0x39, 0x1F, 0xD6, 0xAB, 0x75, 0x9B, 0xFF, 0x00, 0xB1, 0x7A, 0x4A, 0x69, 0x36, 0xCB,
        0x03, 0xC8, 0xC7, 0x96, 0xEE, 0xD3, 0xDA, 0x4C, 0x90, 0x3F, 0x78, 0xAD, 0x0A, 0x33, 0x33, 0x30,
        0x8D, 0x82, 0xAC, 0xCB, 0xEB, 0x73, 0xC0, 0x16, 0x9A, 0xAD, 0x7B, 0x37, 0xD7, 0xFB, 0x8E, 0x15,
        0xB9, 0xBB, 0xD9, 0xBB, 0x77, 0xD2, 0x54, 0x1D, 0x90, 0xE0, 0xD8, 0x12, 0x1E, 0xE0, 0x01, 0x77,
        0x10, 0xD1, 0xC5, 0x6C, 0x6F, 0xEE, 0x28, 0x3A, 0xC7, 0x16, 0xB7, 0x59, 0x20, 0x9D, 0x7B, 0xEA,
        0x92, 0x9B, 0x76, 0xE6, 0x38, 0x4D, 0x75, 0xFB, 0x69, 0xB8, 0x43, 0xD8, 0x38, 0x3F, 0xCA, 0x6F,
        0xF2, 0x9A, 0xA5, 0xD4, 0x5A, 0x06, 0x53, 0x8B, 0x06, 0x8E, 0xD5, 0xBF, 0x0F, 0x15, 0x4E, 0xA3,
        0xBD, 0xCD, 0x61, 0xE0, 0x3B, 0x77, 0xCB, 0xF3, 0x95, 0xBC, 0xA2, 0x4B, 0x43, 0xBB, 0x9D, 0x49,
        0xE6, 0x3C, 0x92, 0x52, 0x3A, 0xAC, 0xDA, 0x76, 0xB7, 0x50, 0x64, 0x19, 0xE7, 0x54, 0x6A, 0x58,
        0x6E, 0x71, 0x6B, 0x24, 0x98, 0x0E, 0xF3, 0x55, 0xAA, 0xDA, 0xDD, 0x49, 0xEF, 0x01, 0x5D, 0xC3,
        0xAE, 0xF6, 0x5B, 0x5B, 0xDA, 0xC7, 0xED, 0xBC, 0x16, 0x54, 0xE0, 0xD2, 0x43, 0xDC, 0xD2, 0xD0,
        0xFA, 0xEA, 0x81, 0xFA, 0x57, 0xB7, 0xD4, 0x67, 0xF3, 0x49, 0x29, 0x98, 0xF4, 0x68, 0xC8, 0xDA,
        0xF6, 0x7A, 0xD5, 0xE2, 0xB4, 0x81, 0x58, 0x24, 0x07, 0x5B, 0x60, 0x3B, 0x18, 0x5C, 0xDF, 0x76,
        0xC6, 0x37, 0xDF, 0x66, 0xDF, 0xF8, 0xB5, 0x27, 0xFA, 0xEE, 0x15, 0xB7, 0x20, 0x02, 0xE6, 0x0F,
        0xD0, 0x62, 0x34, 0x6D, 0xAE, 0xB1, 0xFB, 0xEE, 0x67, 0xE7, 0x7F, 0x6D, 0x59, 0xC4, 0xE9, 0x9D,
        0x41, 0x96, 0x8A, 0xAD, 0xC7, 0xB9, 0x99, 0xF7, 0xBC, 0xBE, 0xBA, 0x1F, 0x53, 0xFD, 0x5D, 0xA7,
        0xE8, 0x3A, 0xBC, 0x72, 0xCF, 0x52, 0xDF, 0xA3, 0xF9, 0x8C, 0x53, 0xAF, 0x13, 0x20, 0xDD, 0x7D,
        0x34, 0x63, 0xE4, 0x5F, 0x93, 0x44, 0x9C, 0xA6, 0xB6, 0x9B, 0x1D, 0x65, 0x7A, 0xFB, 0x9D, 0x95,
        0xEC, 0xDD, 0x4F, 0xFD, 0x75, 0x25, 0x30, 0x66, 0x23, 0x5D, 0xFA, 0x4B, 0x0E, 0xE7, 0x06, 0xC0,
        0x74, 0x73, 0x3F, 0x4F, 0xFC, 0xE5, 0x1C, 0xFE, 0x95, 0x5D, 0x58, 0xC6, 0xC6, 0x3C, 0xD9, 0x70,
        0xC9, 0xB5, 0x8E, 0x71, 0xD5, 0xAE, 0x68, 0x15, 0xD9, 0x5E, 0x9F, 0x9B, 0xEC, 0x7A, 0x3B, 0x6A,
        0xC8, 0x70, 0xA5, 0xED, 0x73, 0xC3, 0xAC, 0x1F, 0xA2, 0xA9, 0xAD, 0x73, 0x9B, 0x68, 0x71, 0xD8,
        0xD2, 0xCD, 0xB3, 0xEB, 0xFB, 0xBD, 0xAD, 0xF4, 0xBF, 0xC2, 0x29, 0x6C, 0xCC, 0xCC, 0xC1, 0xF4,
        0xEA, 0xC7, 0xB5, 0xF6, 0x36, 0xE3, 0x2C, 0xAA, 0xB7, 0xBC, 0x90, 0x18, 0xCF, 0x55, 0xCD, 0xD8,
        0xD7, 0x6E, 0xF4, 0xB6, 0xFE, 0x93, 0xFD, 0x0F, 0xE8, 0xFD, 0x44, 0x94, 0xF3, 0xCE, 0x63, 0xEB,
        0x12, 0xE6, 0x91, 0xBB, 0x46, 0xCF, 0x74, 0xC2, 0xBD, 0xAD, 0x87, 0x68, 0x46, 0xBE, 0x7A, 0xAD,
        0x5C, 0xBE, 0x8F, 0xD6, 0x6E, 0xCA, 0x66, 0x35, 0x1D, 0x3B, 0x29, 0xE2, 0xA0, 0x1E, 0xE6, 0xB7,
        0x1E, 0xD9, 0xF7, 0xFD, 0x17, 0x6C, 0xF4, 0xF7, 0xED, 0xFD, 0xD7, 0x6D, 0x59, 0x6E, 0xD2, 0x5A,
        0x79, 0x6E, 0x9A, 0xF3, 0xF7, 0x24, 0xA4, 0x56, 0x59, 0x32, 0xDF, 0xC5, 0x4A, 0x37, 0x92, 0xF3,
        0x20, 0x3E, 0x78, 0xEF, 0xFC, 0x94, 0x27, 0x72, 0xA4, 0xC2, 0x48, 0xF3, 0x1A, 0x73, 0xD9, 0x25,
        0x3B, 0x55, 0xFD, 0x67, 0xEB, 0x95, 0x86, 0xB4, 0xDE, 0xDB, 0x03, 0x44, 0x7E, 0x92, 0xB6, 0xB8,
        0x90, 0x3F, 0x79, 0xE0, 0x6F, 0x72, 0xB5, 0x67, 0xD6, 0xDB, 0xEC, 0xC4, 0xB6, 0x8B, 0xF1, 0x6B,
        0x0F, 0xB9, 0x8E, 0xAF, 0xD4, 0x63, 0x9C, 0xD6, 0x8D, 0xC3, 0x6E, 0xE7, 0x52, 0xED, 0xEE, 0xFA,
        0x3F, 0xBB, 0x62, 0xE7, 0x85, 0x84, 0x19, 0x1A, 0x9E, 0xFE, 0x08, 0x8C, 0x65, 0x99, 0x0E, 0x15,
        0xD4, 0xC7, 0x5A, 0xFE, 0x7D, 0x36, 0x34, 0x9F, 0xFA, 0x8D, 0xCE, 0x49, 0x4B, 0x48, 0xDA, 0x07,
        0x70, 0x35, 0xF8, 0xA8, 0x03, 0xEF, 0x68, 0xFE, 0x50, 0xFC, 0xA1, 0x69, 0x63, 0x7D, 0x59, 0xFA,
        0xC1, 0x90, 0xD0, 0x6B, 0xE9, 0x99, 0x4E, 0x67, 0xE6, 0xBC, 0xD4, 0x5A, 0x3F, 0xCF, 0xB3, 0x6B,
        0x55, 0x9F, 0xF9, 0x99, 0xF5, 0x9C, 0x16, 0xB8, 0x74, 0xEB, 0x60, 0x10, 0x4F, 0xBA, 0xB9, 0xE7,
        0xC3, 0xD4, 0x49, 0x4F, 0xFF, 0xD3, 0xF3, 0xEC, 0xE3, 0xEF, 0x8E, 0x3D, 0xDA, 0x7C, 0x64, 0xCA,
        0x86, 0xD0, 0x58, 0x47, 0x88, 0x4B, 0x38, 0xEA, 0xE3, 0xE0, 0xF9, 0xFC, 0x50, 0xC5, 0xA3, 0x6A,
        0x4A, 0x74, 0xB0, 0x32, 0xAB, 0xFD, 0x99, 0x7E, 0x3D, 0xA1, 0xAF, 0x0D, 0x68, 0x73, 0x03, 0x80,
        0x74, 0x39, 0xA7, 0xB6, 0xE0, 0x54, 0xBA, 0x95, 0xFD, 0x1B, 0x33, 0xA4, 0x50, 0xEC, 0x7C, 0x6A,
        0xA8, 0xEA, 0x35, 0xB9, 0xFF, 0x00, 0x6A, 0x7D, 0x41, 0xCC, 0x04, 0x12, 0x1B, 0x47, 0xE8, 0xF7,
        0x7A, 0x5B, 0x7D, 0x3F, 0x7B, 0xF6, 0x33, 0xE9, 0xAC, 0x4F, 0x5D, 0xCD, 0x0E, 0x0D, 0x31, 0xBB,
        0x42, 0xBA, 0x6F, 0xF1, 0x67, 0xD0, 0x71, 0x3A, 0xEF, 0xD6, 0x86, 0x53, 0x9C, 0xD1, 0x6E, 0x36,
        0x2D, 0x4E, 0xCA, 0xB2, 0x97, 0x7D, 0x17, 0xEC, 0x75, 0x75, 0xD7, 0x5B, 0xFF, 0x00, 0x91, 0xEA,
        0x5C, 0xC7, 0xBD, 0x9F, 0x9E, 0x92, 0x9E, 0x7B, 0x0F, 0x0B, 0x2E, 0xE0, 0xEB, 0x69, 0xA2, 0xDB,
        0x2B, 0x6E, 0x85, 0xEC, 0xAD, 0xEE, 0x68, 0xFD, 0xEF, 0x73, 0x1A, 0xEF, 0xCD, 0x45, 0xF5, 0x43,
        0x9A, 0x47, 0x63, 0xA3, 0xBF, 0xB9, 0x76, 0xFF, 0x00, 0x5A, 0xFF, 0x00, 0xC6, 0x3F, 0xD6, 0x4C,
        0x3F, 0xAC, 0x19, 0x58, 0x1D, 0x1E, 0xEA, 0xF0, 0x70, 0x7A, 0x75, 0x9F, 0x66, 0xAE, 0x86, 0xD5,
        0x5B, 0xC3, 0xBD, 0x2F, 0x63, 0xDC, 0xF7, 0x5A, 0xC7, 0xED, 0xDC, 0xE1, 0xB5, 0x8D, 0xA7, 0xD2,
        0xD9, 0x57, 0xFD, 0xB8, 0xB2, 0xFE, 0xB9, 0xFD, 0x69, 0xE8, 0x5F, 0x59, 0x71, 0x31, 0x32, 0x2A,
        0xC3, 0xB7, 0x17, 0xAF, 0x33, 0x63, 0x73, 0x6F, 0x6B, 0x18, 0xDA, 0x6C, 0x6E, 0xDF, 0xD2, 0x86,
        0xB8, 0x5B, 0x65, 0xCF, 0xF4, 0xEE, 0x15, 0xFD, 0x99, 0xF6, 0x37, 0x7F, 0xA4, 0x92, 0x9E, 0x61,
        0xF5, 0xDA, 0x1F, 0xAD, 0x45, 0x8E, 0x3A, 0x33, 0x70, 0x23, 0x41, 0xFB, 0xBB, 0x97, 0x60, 0xEF,
        0xAD, 0xFD, 0x0B, 0x1D, 0xB8, 0x18, 0x87, 0x07, 0x36, 0x9C, 0x5E, 0x93, 0x76, 0x25, 0xFD, 0x3D,
        0xEE, 0x35, 0x87, 0x17, 0x63, 0x59, 0xBF, 0x30, 0xBF, 0x1B, 0x65, 0x5E, 0x8B, 0xBA, 0x8B, 0x2E,
        0xC8, 0x7E, 0x4E, 0xDC, 0xDC, 0x8F, 0xD6, 0x19, 0x8C, 0xBA, 0x2F, 0xF1, 0xC4, 0x63, 0x37, 0xEA,
        0xF7, 0x69, 0xB2, 0xFF, 0x00, 0xFA, 0xBC, 0x15, 0xD4, 0x7D, 0x6E, 0xE9, 0xBD, 0x27, 0xAF, 0x7A,
        0x5D, 0x0B, 0x29, 0xC2, 0xAE, 0xA4, 0xF6, 0x3F, 0x2F, 0xA6, 0x5C, 0xE1, 0xA0, 0xB2, 0x92, 0xD0,
        0xFD, 0xBF, 0xE9, 0x7E, 0x9B, 0x7E, 0xD1, 0x8F, 0xF9, 0xF4, 0x7E, 0x93, 0xFC, 0x17, 0xA9, 0x52,
        0x53, 0xC1, 0x3F, 0xEB, 0x3E, 0x2D, 0xAF, 0xAB, 0xD0, 0x66, 0x5B, 0x28, 0xDB, 0x9A, 0x2C, 0x7F,
        0xA3, 0x51, 0xDC, 0xDC, 0xFB, 0x19, 0x92, 0xFA, 0x32, 0x70, 0x2C, 0xC8, 0xC8, 0xF5, 0xF1, 0xFF,
        0x00, 0x43, 0xB6, 0xF7, 0x33, 0x3B, 0x07, 0x23, 0xFD, 0x0F, 0xF3, 0x68, 0x2E, 0xEB, 0xF8, 0x61,
        0xFB, 0x76, 0x75, 0x2C, 0x6A, 0x2A, 0xCE, 0xA7, 0x3A, 0xAB, 0x71, 0xDC, 0x2F, 0x7D, 0xA2, 0xBA,
        0xAA, 0xC7, 0x76, 0x25, 0xC2, 0xDC, 0x97, 0xBF, 0x16, 0xAF, 0xD0, 0xEF, 0xC3, 0xF5, 0x33, 0x33,
        0xBE, 0xCD, 0x5D, 0xBE, 0x9A, 0xEA, 0x3F, 0xC5, 0xDD, 0x19, 0x58, 0x8C, 0xFA, 0xC1, 0x89, 0x96,
        0xC3, 0x46, 0x56, 0x3B, 0xAB, 0x6D, 0xB5, 0x1E, 0x5A, 0xEF, 0x4D, 0xFE, 0xE0, 0x7F, 0x39, 0x8F,
        0xFE, 0x72, 0xAB, 0x7F, 0xC2, 0xD6, 0x85, 0xFE, 0x2A, 0xDF, 0x94, 0xEF, 0xAA, 0x7D, 0x50, 0xE1,
        0xFF, 0x00, 0x49, 0x16, 0x1F, 0xB3, 0x82, 0x00, 0x1E, 0xA0, 0xC5, 0xC7, 0x15, 0x68, 0xFF, 0x00,
        0x67, 0xD3, 0x0D, 0xFA, 0x49, 0x29, 0xE5, 0x2F, 0xEB, 0xB8, 0x76, 0x66, 0x74, 0xBE, 0xA2, 0xDA,
        0x32, 0xEA, 0xCA, 0xE9, 0xD7, 0x3E, 0xF3, 0x83, 0x5E, 0x38, 0xF4, 0x1D, 0xBF, 0x2E, 0xDE, 0xA2,
        0x29, 0x66, 0x5B, 0xAE, 0xAE, 0xDA, 0x5A, 0xC6, 0x5F, 0xE8, 0xEE, 0xFB, 0x1F, 0xF8, 0x3F, 0xDC,
        0x53, 0xAB, 0xEB, 0x0F, 0x4F, 0xA6, 0xFC, 0x31, 0x84, 0x33, 0x2D, 0xA3, 0x0F, 0xA8, 0xD9, 0xD4,
        0xED, 0x7B, 0xEB, 0x15, 0xD8, 0x77, 0xBE, 0xAB, 0x1F, 0x80, 0xD6, 0x63, 0xDB, 0x75, 0x76, 0x6D,
        0xAA, 0xA7, 0x6F, 0x75, 0xB6, 0xD7, 0xEA, 0xD9, 0xFE, 0x0D, 0x6E, 0xE4, 0xE6, 0x7F, 0x8E, 0x3C,
        0x5A, 0x0E, 0x45, 0xB5, 0xB4, 0x53, 0x45, 0x66, 0xCC, 0x8B, 0x1D, 0xF6, 0x3D, 0x03, 0x46, 0xFB,
        0x0B, 0x59, 0x53, 0xDE, 0xF7, 0x6D, 0x6B, 0x7F, 0x35, 0x68, 0x7F, 0x8B, 0xEE, 0xAC, 0x30, 0xFE,
        0xA7, 0xF5, 0x3E, 0xAF, 0x92, 0x1D, 0x63, 0x6B, 0xCE, 0xBF, 0x23, 0x22, 0x23, 0x76, 0xD7, 0x0A,
        0x2C, 0xBE, 0xC8, 0x68, 0xFC, 0xC6, 0xB9, 0xF6, 0xEC, 0x49, 0x4F, 0x17, 0x57, 0xD7, 0x1E, 0x9B,
        0x6D, 0x3D, 0x4E, 0xBC, 0xA1, 0x92, 0xDF, 0xB7, 0x75, 0x27, 0x67, 0xE3, 0xBC, 0xD4, 0x32, 0x36,
        0xD4, 0x45, 0xAC, 0x65, 0x4E, 0x6F, 0xDB, 0x7A, 0x7B, 0xAB, 0xB6, 0xBF, 0x53, 0xF3, 0x6D, 0xB6,
        0xB5, 0xCA, 0x7A, 0x36, 0x58, 0x37, 0x56, 0xD7, 0xBD, 0xA7, 0x70, 0xDF, 0xB0, 0x99, 0x8D, 0x7D,
        0xDB, 0x77, 0x37, 0x7F, 0xEF, 0xFB, 0x97, 0x5B, 0xF5, 0xF7, 0xEA, 0xD5, 0xD8, 0xDF, 0x5B, 0x5B,
        0x4E, 0x03, 0x0D, 0x95, 0x75, 0xC7, 0xB6, 0xEE, 0x9E, 0x5A, 0x7D, 0x9E, 0xAD, 0xCE, 0xDB, 0x7D,
        0x7E, 0xA1, 0xFD, 0x1E, 0xDF, 0x5D, 0xFE, 0xB7, 0xB7, 0xD9, 0x5D, 0x17, 0xD6, 0xBD, 0x3F, 0xA4,
        0xFD, 0x83, 0xA6, 0xE0, 0xE4, 0xFD, 0x58, 0xC1, 0x3B, 0x8F, 0x45, 0xC2, 0xAB, 0xD7, 0xB0, 0x69,
        0x36, 0x5E, 0xDB, 0xDF, 0xAB, 0x3F, 0x36, 0xDB, 0x3D, 0x2F, 0xB5, 0x59, 0xFF, 0x00, 0x86, 0x52,
        0x53, 0xF3, 0xD3, 0x87, 0x29, 0x3A, 0xAB, 0xAB, 0x68, 0x7B, 0x98, 0xE6, 0xB5, 0xDF, 0x45, 0xC4,
        0x10, 0x0F, 0x7D, 0x0A, 0xDB, 0xFA, 0x9D, 0xD0, 0xAC, 0xFA, 0xC7, 0xD7, 0xF1, 0x7A, 0x69, 0x04,
        0xE3, 0xCF, 0xA9, 0x96, 0xE1, 0x3E, 0xDA, 0x2B, 0x8F, 0x57, 0xDC, 0x3E, 0x87, 0xA9, 0xED, 0xA1,
        0x8E, 0xFF, 0x00, 0x49, 0x6A, 0xF5, 0x7E, 0xB4, 0xEE, 0x95, 0xF5, 0xCB, 0x0F, 0xAE, 0x7D, 0x54,
        0xC3, 0x6B, 0x1B, 0x97, 0xD1, 0xFD, 0x33, 0x88, 0x41, 0x68, 0x69, 0xB5, 0x8D, 0xF6, 0xFA, 0x4D,
        0x81, 0xE9, 0x32, 0xAB, 0x85, 0x9D, 0x3F, 0x23, 0xFD, 0x1E, 0xFF, 0x00, 0xE5, 0xA4, 0xA7, 0xC5,
        0xFA, 0x46, 0x0B, 0xBA, 0x8E, 0x7D, 0x58, 0x42, 0x66, 0xE7, 0x6A, 0xFF, 0x00, 0xDC, 0x63, 0x7F,
        0x49, 0x75, 0x9F, 0xD9, 0xA9, 0xAE, 0x5E, 0xAF, 0xD2, 0x31, 0xF0, 0xEA, 0xB5, 0xB8, 0xD8, 0xB4,
        0xB6, 0x8C, 0x2A, 0x18, 0x6D, 0x75, 0x2D, 0x10, 0x1D, 0xB7, 0xD9, 0x5F, 0xAE, 0xEF, 0xA5, 0x7B,
        0xDC, 0xEF, 0xA7, 0xEA, 0xAF, 0x3B, 0xFA, 0x9E, 0xCF, 0x4F, 0xAD, 0xBD, 0xB6, 0x83, 0x5D, 0xB5,
        0xD3, 0x68, 0xD8, 0xED, 0x1D, 0xBC, 0x0D, 0xAF, 0x66, 0xD3, 0xEE, 0xDE, 0xD6, 0xEF, 0xF6, 0xAF,
        0x44, 0xE9, 0xA4, 0x33, 0x02, 0xEC, 0x9E, 0xF7, 0xBC, 0xB0, 0x7F, 0x56, 0xBF, 0xFC, 0xCD, 0xC9,
        0x29, 0x8F, 0x5B, 0xEA, 0xA5, 0xB5, 0x3C, 0xB9, 0xDA, 0x9F, 0x6B, 0x67, 0x58, 0x27, 0x41, 0xA7,
        0xF2, 0x57, 0x11, 0x6D, 0xC3, 0xD5, 0xD1, 0xEF, 0x2D, 0xDD, 0xA6, 0xEB, 0x1E, 0x7B, 0xFF, 0x00,
        0x59, 0x6A, 0x7D, 0x63, 0xCA, 0x3B, 0x58, 0xC0, 0x75, 0x73, 0xA7, 0xEE, 0x05, 0x73, 0xBE, 0xA7,
        0xB8, 0x7C, 0x47, 0xE5, 0x49, 0x4F, 0xFF, 0xD4, 0xF3, 0x8C, 0xB7, 0x4F, 0xA8, 0x3C, 0xCF, 0xE5,
        0x54, 0xF7, 0x18, 0x84, 0x7C, 0x97, 0x7B, 0xDC, 0x3F, 0x94, 0x7F, 0x2A, 0xAC, 0x92, 0x94, 0xBA,
        0x0F, 0xA8, 0xBF, 0x59, 0x99, 0xF5, 0x6B, 0xEB, 0x05, 0x7D, 0x42, 0xE6, 0x97, 0xE3, 0x58, 0xC7,
        0x51, 0x92, 0x1B, 0xF4, 0xBD, 0x37, 0x96, 0xBB, 0x73, 0x3F, 0xE2, 0xEC, 0xAE, 0xBB, 0x17, 0x3E,
        0x97, 0x64, 0x94, 0xFA, 0x4F, 0x5C, 0xFA, 0xAF, 0xF5, 0x6B, 0xAE, 0xF5, 0x6B, 0x7A, 0xCF, 0x4D,
        0xFA, 0xCD, 0x81, 0x8D, 0x8D, 0x9E, 0xEF, 0x5A, 0xDA, 0xB2, 0x1E, 0xD6, 0xD9, 0x5B, 0x9D, 0xFC,
        0xE3, 0x85, 0x56, 0x59, 0x55, 0x9E, 0xE7, 0xFE, 0x93, 0xD3, 0xB9, 0xB4, 0x2C, 0x8F, 0xAE, 0x43,
        0xEA, 0x46, 0x26, 0x2E, 0x37, 0x4D, 0xFA, 0xB7, 0x50, 0xC9, 0xCB, 0xA7, 0x6F, 0xDB, 0x3A, 0xA0,
        0x7B, 0xCB, 0x5D, 0xB0, 0x6C, 0x75, 0x6C, 0x0F, 0x71, 0xA6, 0xC7, 0xDC, 0xFF, 0x00, 0xD3, 0xDB,
        0x6D, 0x3F, 0xA0, 0xAB, 0xFC, 0x1F, 0xFC, 0x17, 0x1A, 0x92, 0x4A, 0x7D, 0x47, 0xFC, 0x6B, 0xF5,
        0x8E, 0x91, 0xD4, 0x33, 0x7A, 0x03, 0xB0, 0x73, 0x71, 0xF2, 0xDB, 0x4D, 0xB7, 0x1B, 0x9D, 0x4D,
        0xAC, 0xB0, 0x30, 0x17, 0x62, 0x6D, 0x75, 0x9E, 0x93, 0x9D, 0xE9, 0xEE, 0xD8, 0xFF, 0x00, 0xA6,
        0xA1, 0xFE, 0x35, 0x7E, 0xB0, 0xE1, 0x3F, 0xA8, 0xF4, 0x7C, 0xCE, 0x8B, 0x9F, 0x4D, 0xF7, 0x62,
        0x8B, 0x5C, 0x2D, 0xC6, 0xB1, 0x96, 0x9A, 0xDE, 0x1D, 0x45, 0x95, 0xBB, 0xF4, 0x6E, 0x73, 0x59,
        0xBB, 0x67, 0xE7, 0x7D, 0x36, 0x6F, 0x5E, 0x62, 0x92, 0x4A, 0x7D, 0xD7, 0xEA, 0xE7, 0xD7, 0xBF,
        0xAB, 0xBD, 0x5B, 0xA4, 0x59, 0x9D, 0x9B, 0x91, 0x89, 0xD3, 0x7A, 0xAD, 0x95, 0x8A, 0x73, 0x19,
        0x6D, 0x8C, 0xA8, 0xBD, 0xD5, 0xB5, 0xDE, 0x9B, 0xEB, 0xF5, 0x5C, 0x1F, 0x6D, 0x1F, 0xA5, 0x7B,
        0xAA, 0xFA, 0x7E, 0x96, 0xFF, 0x00, 0x45, 0x73, 0xDF, 0xE2, 0xD7, 0xA9, 0xF4, 0x76, 0x7D, 0x52,
        0xEA, 0xB8, 0x19, 0x9D, 0x47, 0x17, 0xA6, 0xDF, 0x95, 0x65, 0x95, 0xD6, 0x2E, 0xB8, 0x56, 0xE0,
        0x1D, 0x8F, 0x55, 0x0D, 0xBD, 0xAD, 0xB6, 0xC6, 0x59, 0xB7, 0x7F, 0xEE, 0x3D, 0x79, 0x5A, 0x49,
        0x29, 0xF4, 0x17, 0xFD, 0x4E, 0xC6, 0xB6, 0x45, 0xDF, 0x5E, 0x70, 0x9E, 0x1C, 0x36, 0xBB, 0x76,
        0x40, 0x74, 0x88, 0xDB, 0xB7, 0xDD, 0x95, 0xFB, 0xAB, 0x43, 0xEA, 0xB7, 0x50, 0xE8, 0xDD, 0x3F,
        0xFC, 0x5F, 0x7D, 0x62, 0xE9, 0x77, 0x75, 0x1C, 0x53, 0x90, 0x5D, 0x9C, 0xCA, 0x18, 0x6D, 0x63,
        0x5D, 0x70, 0xF4, 0x19, 0x55, 0x36, 0x51, 0x53, 0xDD, 0xEA, 0x58, 0xDB, 0xDE, 0xCF, 0xD1, 0x2F,
        0x2E, 0x49, 0x25, 0x3E, 0xB9, 0xF5, 0x2B, 0xEB, 0x67, 0xD5, 0xCB, 0x7E, 0xAC, 0xE2, 0xDF, 0xD7,
        0x6E, 0xA5, 0xBD, 0x47, 0xEA, 0xDF, 0xA8, 0x31, 0x1A, 0xF7, 0xB5, 0xB6, 0xBE, 0xBF, 0x4D, 0xCC,
        0xAB, 0xEC, 0xD5, 0xBD, 0xCC, 0xF5, 0x9C, 0xEA, 0x5D, 0xF6, 0x6F, 0x4B, 0xFD, 0x25, 0x35, 0x59,
        0xFE, 0x8D, 0x0B, 0xEA, 0x07, 0xD6, 0x7C, 0x0B, 0xF1, 0xFE, 0xB1, 0x67, 0xF5, 0x7C, 0xDC, 0x7C,
        0x5C, 0xCE, 0xA3, 0x6F, 0xA8, 0x19, 0x75, 0xAD, 0x61, 0x23, 0x63, 0xF6, 0x57, 0x53, 0x6E, 0x76,
        0xF7, 0x57, 0x56, 0xEF, 0x49, 0x8B, 0xCA, 0x12, 0x49, 0x4F, 0xA7, 0x7D, 0x40, 0xEA, 0x3F, 0x57,
        0xFE, 0xAA, 0x7D, 0x55, 0xCD, 0xEB, 0xB9, 0x39, 0x58, 0xD7, 0x75, 0x6C, 0x90, 0x4D, 0x78, 0x4D,
        0xB9, 0x9E, 0xBE, 0xC6, 0x1F, 0x4F, 0x1F, 0x1F, 0xD3, 0xF7, 0x5D, 0x57, 0xAF, 0x7F, 0xE9, 0x6F,
        0xF6, 0xFF, 0x00, 0x31, 0xE8, 0xD9, 0xFE, 0x05, 0x43, 0xA1, 0xFF, 0x00, 0x8C, 0xFE, 0x87, 0x47,
        0x58, 0xAA, 0xD6, 0xFD, 0x5F, 0xC7, 0xE9, 0xCE, 0xCA, 0x78, 0xAF, 0x2B, 0x3A, 0xBB, 0x7D, 0xE1,
        0x96, 0xBD, 0xAE, 0xBA, 0xDB, 0x23, 0x1D, 0xAE, 0xB1, 0xAD, 0x7F, 0xE9, 0x9F, 0xEF, 0xFC, 0xC5,
        0xE6, 0x89, 0x24, 0xA7, 0xBF, 0xFA, 0xD7, 0x89, 0xD2, 0xD9, 0xF5, 0xF3, 0x1B, 0xA8, 0xF4, 0x5C,
        0xCC, 0x7C, 0xAA, 0x3A, 0x83, 0x8D, 0xF6, 0x8C, 0x6B, 0x59, 0x66, 0xCB, 0x5A, 0x3F, 0x5B, 0xDE,
        0x29, 0x73, 0xF6, 0xB6, 0xF6, 0xFE, 0x9F, 0x73, 0xFF, 0x00, 0x9C, 0x7D, 0x97, 0xFF, 0x00, 0xA3,
        0x5A, 0x75, 0x67, 0xFA, 0x7D, 0x1E, 0xA6, 0xB7, 0x52, 0xEB, 0xAD, 0xD3, 0xF9, 0x3B, 0xA1, 0x70,
        0x3F, 0x56, 0xEC, 0xD9, 0xD4, 0x88, 0xEE, 0xFA, 0xAC, 0x68, 0x3E, 0x1E, 0xD9, 0xD3, 0xEE, 0x5A,
        0xF7, 0x75, 0x47, 0x7E, 0xC1, 0xB1, 0xEC, 0x77, 0xBE, 0xCC, 0x8B, 0x68, 0xA0, 0x8E, 0xC1, 0xDB,
        0x7D, 0xDF, 0xE6, 0x6F, 0x49, 0x4B, 0x75, 0xCC, 0xB6, 0x5B, 0x92, 0x1A, 0xC7, 0x87, 0x8A, 0xC1,
        0x0E, 0x8E, 0x01, 0x27, 0xFF, 0x00, 0x30, 0x59, 0x41, 0xFE, 0xF6, 0xFC, 0x47, 0xE5, 0x50, 0xB9,
        0xE0, 0x12, 0x07, 0x03, 0x41, 0xF2, 0x42, 0x0F, 0xF7, 0xB7, 0xE2, 0x3F, 0x2A, 0x4A, 0x7F, 0xFF,
        0xD5, 0xF2, 0xEB, 0xDD, 0x36, 0x3B, 0xFA, 0xC7, 0xF2, 0xA1, 0xA2, 0xD9, 0xB3, 0x7B, 0xBE, 0x8F,
        0x27, 0xF7, 0xBC, 0x54, 0x7D, 0xBF, 0xC9, 0xFF, 0x00, 0xA4, 0x92, 0x98, 0x24, 0xA7, 0xED, 0xFE,
        0x4F, 0xFD, 0x24, 0xBD, 0xBF, 0xC9, 0xFF, 0x00, 0xA4, 0x92, 0x98, 0x24, 0xA7, 0xED, 0xFE, 0x4F,
        0xFD, 0x24, 0xBD, 0xBF, 0xC9, 0xFF, 0x00, 0xA4, 0x92, 0x98, 0x24, 0xA7, 0xED, 0xFE, 0x4F, 0xFD,
        0x24, 0xBD, 0xBF, 0xC9, 0xFF, 0x00, 0xA4, 0x92, 0x98, 0x24, 0xA7, 0xED, 0xFE, 0x4F, 0xFD, 0x24,
        0xBD, 0xBF, 0xC9, 0xFF, 0x00, 0xA4, 0x92, 0x98, 0x24, 0xA7, 0xED, 0xFE, 0x4F, 0xFD, 0x24, 0xBD,
        0xBF, 0xC9, 0xFF, 0x00, 0xA4, 0x92, 0x98, 0x24, 0xA7, 0xED, 0xFE, 0x4F, 0xFD, 0x24, 0xBD, 0xBF,
        0xC9, 0xFF, 0x00, 0xA4, 0x92, 0x98, 0x24, 0xA7, 0xED, 0xFE, 0x4F, 0xFD, 0x24, 0xBD, 0xBF, 0xC9,
        0xFF, 0x00, 0xA4, 0x92, 0x99, 0xE1, 0xE4, 0x1C, 0x7B, 0x5D, 0x60, 0xFA, 0x5B, 0x1E, 0xD6, 0xFC,
        0x5C, 0xD2, 0xCF, 0xFB, 0xF2, 0x23, 0x2F, 0x73, 0xEA, 0xC7, 0xC6, 0x1F, 0x42, 0x97, 0x3E, 0xC3,
        0xFD, 0x67, 0x6D, 0xFF, 0x00, 0xBE, 0xD6, 0xD4, 0x0F, 0x6F, 0xF2, 0x7F, 0xE9, 0x22, 0xD1, 0xB3,
        0x79, 0xFA, 0x3C, 0x7F, 0x29, 0x25, 0x32, 0xB1, 0xFF, 0x00, 0x95, 0x08, 0x3E, 0x5E, 0xD1, 0xE6,
        0x3F, 0x2A, 0x9D, 0x9B, 0x3C, 0xBF, 0xE9, 0x28, 0xB7, 0x66, 0xF6, 0xFD, 0x1E, 0x47, 0xEF, 0x78,
        0xA4, 0xA7, 0xFF, 0xD9, 0x38, 0x42, 0x49, 0x4D, 0x04, 0x21, 0x00, 0x00, 0x00, 0x00, 0x00, 0x57,
        0x00, 0x00, 0x00, 0x01, 0x01, 0x00, 0x00, 0x00, 0x0F, 0x00, 0x41, 0x00, 0x64, 0x00, 0x6F, 0x00,
        0x62, 0x00, 0x65, 0x00, 0x20, 0x00, 0x50, 0x00, 0x68, 0x00, 0x6F, 0x00, 0x74, 0x00, 0x6F, 0x00,
        0x73, 0x00, 0x68, 0x00, 0x6F, 0x00, 0x70, 0x00, 0x00, 0x00, 0x14, 0x00, 0x41, 0x00, 0x64, 0x00,
        0x6F, 0x00, 0x62, 0x00, 0x65, 0x00, 0x20, 0x00, 0x50, 0x00, 0x68, 0x00, 0x6F, 0x00, 0x74, 0x00,
        0x6F, 0x00, 0x73, 0x00, 0x68, 0x00, 0x6F, 0x00, 0x70, 0x00, 0x20, 0x00, 0x32, 0x00, 0x30, 0x00,
        0x32, 0x00, 0x35, 0x00, 0x00, 0x00, 0x01, 0x00, 0x38, 0x42, 0x49, 0x4D, 0x04, 0x06, 0x00, 0x00,
        0x00, 0x00, 0x00, 0x07, 0x00, 0x01, 0x01, 0x01, 0x00, 0x01, 0x01, 0x00, 0xFF, 0xE1, 0x0E, 0xDE,
        0x68, 0x74, 0x74, 0x70, 0x3A, 0x2F, 0x2F, 0x6E, 0x73, 0x2E, 0x61, 0x64, 0x6F, 0x62, 0x65, 0x2E,
        0x63, 0x6F, 0x6D, 0x2F, 0x78, 0x61, 0x70, 0x2F, 0x31, 0x2E, 0x30, 0x2F, 0x00, 0x3C, 0x3F, 0x78,
        0x70, 0x61, 0x63, 0x6B, 0x65, 0x74, 0x20, 0x62, 0x65, 0x67, 0x69, 0x6E, 0x3D, 0x22, 0xEF, 0xBB,
        0xBF, 0x22, 0x20, 0x69, 0x64, 0x3D, 0x22, 0x57, 0x35, 0x4D, 0x30, 0x4D, 0x70, 0x43, 0x65, 0x68,
        0x69, 0x48, 0x7A, 0x72, 0x65, 0x53, 0x7A, 0x4E, 0x54, 0x63, 0x7A, 0x6B, 0x63, 0x39, 0x64, 0x22,
        0x3F, 0x3E, 0x20, 0x3C, 0x78, 0x3A, 0x78, 0x6D, 0x70, 0x6D, 0x65, 0x74, 0x61, 0x20, 0x78, 0x6D,
        0x6C, 0x6E, 0x73, 0x3A, 0x78, 0x3D, 0x22, 0x61, 0x64, 0x6F, 0x62, 0x65, 0x3A, 0x6E, 0x73, 0x3A,
        0x6D, 0x65, 0x74, 0x61, 0x2F, 0x22, 0x20, 0x78, 0x3A, 0x78, 0x6D, 0x70, 0x74, 0x6B, 0x3D, 0x22,
        0x41, 0x64, 0x6F, 0x62, 0x65, 0x20, 0x58, 0x4D, 0x50, 0x20, 0x43, 0x6F, 0x72, 0x65, 0x20, 0x39,
        0x2E, 0x31, 0x2D, 0x63, 0x30, 0x30, 0x33, 0x20, 0x37, 0x39, 0x2E, 0x39, 0x36, 0x39, 0x30, 0x61,
        0x38, 0x37, 0x2C, 0x20, 0x32, 0x30, 0x32, 0x35, 0x2F, 0x30, 0x33, 0x2F, 0x30, 0x36, 0x2D, 0x31,
        0x39, 0x3A, 0x31, 0x32, 0x3A, 0x30, 0x33, 0x20, 0x20, 0x20, 0x20, 0x20, 0x20, 0x20, 0x20, 0x22,
        0x3E, 0x20, 0x3C, 0x72, 0x64, 0x66, 0x3A, 0x52, 0x44, 0x46, 0x20, 0x78, 0x6D, 0x6C, 0x6E, 0x73,
        0x3A, 0x72, 0x64, 0x66, 0x3D, 0x22, 0x68, 0x74, 0x74, 0x70, 0x3A, 0x2F, 0x2F, 0x77, 0x77, 0x77,
        0x2E, 0x77, 0x33, 0x2E, 0x6F, 0x72, 0x67, 0x2F, 0x31, 0x39, 0x39, 0x39, 0x2F, 0x30, 0x32, 0x2F,
        0x32, 0x32, 0x2D, 0x72, 0x64, 0x66, 0x2D, 0x73, 0x79, 0x6E, 0x74, 0x61, 0x78, 0x2D, 0x6E, 0x73,
        0x23, 0x22, 0x3E, 0x20, 0x3C, 0x72, 0x64, 0x66, 0x3A, 0x44, 0x65, 0x73, 0x63, 0x72, 0x69, 0x70,
        0x74, 0x69, 0x6F, 0x6E, 0x20, 0x72, 0x64, 0x66, 0x3A, 0x61, 0x62, 0x6F, 0x75, 0x74, 0x3D, 0x22,
        0x22, 0x20, 0x78, 0x6D, 0x6C, 0x6E, 0x73, 0x3A, 0x78, 0x6D, 0x70, 0x3D, 0x22, 0x68, 0x74, 0x74,
        0x70, 0x3A, 0x2F, 0x2F, 0x6E, 0x73, 0x2E, 0x61, 0x64, 0x6F, 0x62, 0x65, 0x2E, 0x63, 0x6F, 0x6D,
        0x2F, 0x78, 0x61, 0x70, 0x2F, 0x31, 0x2E, 0x30, 0x2F, 0x22, 0x20, 0x78, 0x6D, 0x6C, 0x6E, 0x73,
        0x3A, 0x78, 0x6D, 0x70, 0x4D, 0x4D, 0x3D, 0x22, 0x68, 0x74, 0x74, 0x70, 0x3A, 0x2F, 0x2F, 0x6E,
        0x73, 0x2E, 0x61, 0x64, 0x6F, 0x62, 0x65, 0x2E, 0x63, 0x6F, 0x6D, 0x2F, 0x78, 0x61, 0x70, 0x2F,
        0x31, 0x2E, 0x30, 0x2F, 0x6D, 0x6D, 0x2F, 0x22, 0x20, 0x78, 0x6D, 0x6C, 0x6E, 0x73, 0x3A, 0x73,
        0x74, 0x45, 0x76, 0x74, 0x3D, 0x22, 0x68, 0x74, 0x74, 0x70, 0x3A, 0x2F, 0x2F, 0x6E, 0x73, 0x2E,
        0x61, 0x64, 0x6F, 0x62, 0x65, 0x2E, 0x63, 0x6F, 0x6D, 0x2F, 0x78, 0x61, 0x70, 0x2F, 0x31, 0x2E,
        0x30, 0x2F, 0x73, 0x54, 0x79, 0x70, 0x65, 0x2F, 0x52, 0x65, 0x73, 0x6F, 0x75, 0x72, 0x63, 0x65,
        0x45, 0x76, 0x65, 0x6E, 0x74, 0x23, 0x22, 0x20, 0x78, 0x6D, 0x6C, 0x6E, 0x73, 0x3A, 0x64, 0x63,
        0x3D, 0x22, 0x68, 0x74, 0x74, 0x70, 0x3A, 0x2F, 0x2F, 0x70, 0x75, 0x72, 0x6C, 0x2E, 0x6F, 0x72,
        0x67, 0x2F, 0x64, 0x63, 0x2F, 0x65, 0x6C, 0x65, 0x6D, 0x65, 0x6E, 0x74, 0x73, 0x2F, 0x31, 0x2E,
        0x31, 0x2F, 0x22, 0x20, 0x78, 0x6D, 0x6C, 0x6E, 0x73, 0x3A, 0x70, 0x68, 0x6F, 0x74, 0x6F, 0x73,
        0x68, 0x6F, 0x70, 0x3D, 0x22, 0x68, 0x74, 0x74, 0x70, 0x3A, 0x2F, 0x2F, 0x6E, 0x73, 0x2E, 0x61,
        0x64, 0x6F, 0x62, 0x65, 0x2E, 0x63, 0x6F, 0x6D, 0x2F, 0x70, 0x68, 0x6F, 0x74, 0x6F, 0x73, 0x68,
        0x6F, 0x70, 0x2F, 0x31, 0x2E, 0x30, 0x2F, 0x22, 0x20, 0x78, 0x6D, 0x70, 0x3A, 0x43, 0x72, 0x65,
        0x61, 0x74, 0x6F, 0x72, 0x54, 0x6F, 0x6F, 0x6C, 0x3D, 0x22, 0x41, 0x64, 0x6F, 0x62, 0x65, 0x20,
        0x50, 0x68, 0x6F, 0x74, 0x6F, 0x73, 0x68, 0x6F, 0x70, 0x20, 0x32, 0x36, 0x2E, 0x38, 0x20, 0x28,
        0x57, 0x69, 0x6E, 0x64, 0x6F, 0x77, 0x73, 0x29, 0x22, 0x20, 0x78, 0x6D, 0x70, 0x3A, 0x43, 0x72,
        0x65, 0x61, 0x74, 0x65, 0x44, 0x61, 0x74, 0x65, 0x3D, 0x22, 0x32, 0x30, 0x32, 0x36, 0x2D, 0x30,
        0x39, 0x2D, 0x31, 0x37, 0x54, 0x31, 0x32, 0x3A, 0x35, 0x37, 0x3A, 0x31, 0x32, 0x2B, 0x30, 0x33,
        0x3A, 0x30, 0x30, 0x22, 0x20, 0x78, 0x6D, 0x70, 0x3A, 0x4D, 0x65, 0x74, 0x61, 0x64, 0x61, 0x74,
        0x61, 0x44, 0x61, 0x74, 0x65, 0x3D, 0x22, 0x32, 0x30, 0x32, 0x36, 0x2D, 0x30, 0x39, 0x2D, 0x31,
        0x37, 0x54, 0x31, 0x35, 0x3A, 0x35, 0x33, 0x3A, 0x31, 0x37, 0x2B, 0x30, 0x33, 0x3A, 0x30, 0x30,
        0x22, 0x20, 0x78, 0x6D, 0x70, 0x3A, 0x4D, 0x6F, 0x64, 0x69, 0x66, 0x79, 0x44, 0x61, 0x74, 0x65,
        0x3D, 0x22, 0x32, 0x30, 0x32, 0x36, 0x2D, 0x30, 0x39, 0x2D, 0x31, 0x37, 0x54, 0x31, 0x35, 0x3A,
        0x35, 0x33, 0x3A, 0x31, 0x37, 0x2B, 0x30, 0x33, 0x3A, 0x30, 0x30, 0x22, 0x20, 0x78, 0x6D, 0x70,
        0x4D, 0x4D, 0x3A, 0x49, 0x6E, 0x73, 0x74, 0x61, 0x6E, 0x63, 0x65, 0x49, 0x44, 0x3D, 0x22, 0x78,
        0x6D, 0x70, 0x2E, 0x69, 0x69, 0x64, 0x3A, 0x39, 0x63, 0x37, 0x62, 0x63, 0x62, 0x33, 0x65, 0x2D,
        0x62, 0x66, 0x63, 0x34, 0x2D, 0x36, 0x61, 0x34, 0x34, 0x2D, 0x39, 0x34, 0x31, 0x66, 0x2D, 0x38,
        0x32, 0x64, 0x31, 0x66, 0x37, 0x66, 0x37, 0x66, 0x32, 0x37, 0x38, 0x22, 0x20, 0x78, 0x6D, 0x70,
        0x4D, 0x4D, 0x3A, 0x44, 0x6F, 0x63, 0x75, 0x6D, 0x65, 0x6E, 0x74, 0x49, 0x44, 0x3D, 0x22, 0x61,
        0x64, 0x6F, 0x62, 0x65, 0x3A, 0x64, 0x6F, 0x63, 0x69, 0x64, 0x3A, 0x70, 0x68, 0x6F, 0x74, 0x6F,
        0x73, 0x68, 0x6F, 0x70, 0x3A, 0x39, 0x30, 0x34, 0x63, 0x62, 0x33, 0x63, 0x30, 0x2D, 0x33, 0x32,
        0x39, 0x64, 0x2D, 0x65, 0x33, 0x34, 0x66, 0x2D, 0x62, 0x32, 0x30, 0x35, 0x2D, 0x30, 0x61, 0x39,
        0x33, 0x38, 0x33, 0x37, 0x63, 0x36, 0x65, 0x63, 0x37, 0x22, 0x20, 0x78, 0x6D, 0x70, 0x4D, 0x4D,
        0x3A, 0x4F, 0x72, 0x69, 0x67, 0x69, 0x6E, 0x61, 0x6C, 0x44, 0x6F, 0x63, 0x75, 0x6D, 0x65, 0x6E,
        0x74, 0x49, 0x44, 0x3D, 0x22, 0x78, 0x6D, 0x70, 0x2E, 0x64, 0x69, 0x64, 0x3A, 0x65, 0x31, 0x64,
        0x31, 0x35, 0x31, 0x34, 0x64, 0x2D, 0x63, 0x61, 0x36, 0x37, 0x2D, 0x64, 0x32, 0x34, 0x38, 0x2D,
        0x62, 0x35, 0x37, 0x32, 0x2D, 0x61, 0x66, 0x62, 0x39, 0x39, 0x63, 0x61, 0x38, 0x30, 0x30, 0x34,
        0x38, 0x22, 0x20, 0x64, 0x63, 0x3A, 0x66, 0x6F, 0x72, 0x6D, 0x61, 0x74, 0x3D, 0x22, 0x69, 0x6D,
        0x61, 0x67, 0x65, 0x2F, 0x6A, 0x70, 0x65, 0x67, 0x22, 0x20, 0x70, 0x68, 0x6F, 0x74, 0x6F, 0x73,
        0x68, 0x6F, 0x70, 0x3A, 0x4C, 0x65, 0x67, 0x61, 0x63, 0x79, 0x49, 0x50, 0x54, 0x43, 0x44, 0x69,
        0x67, 0x65, 0x73, 0x74, 0x3D, 0x22, 0x30, 0x30, 0x30, 0x30, 0x30, 0x30, 0x30, 0x30, 0x30, 0x30,
        0x30, 0x30, 0x30, 0x30, 0x30, 0x30, 0x30, 0x30, 0x30, 0x30, 0x30, 0x30, 0x30, 0x30, 0x30, 0x30,
        0x30, 0x30, 0x30, 0x30, 0x30, 0x31, 0x22, 0x20, 0x70, 0x68, 0x6F, 0x74, 0x6F, 0x73, 0x68, 0x6F,
        0x70, 0x3A, 0x43, 0x6F, 0x6C, 0x6F, 0x72, 0x4D, 0x6F, 0x64, 0x65, 0x3D, 0x22, 0x33, 0x22, 0x3E,
        0x20, 0x3C, 0x78, 0x6D, 0x70, 0x4D, 0x4D, 0x3A, 0x48, 0x69, 0x73, 0x74, 0x6F, 0x72, 0x79, 0x3E,
        0x20, 0x3C, 0x72, 0x64, 0x66, 0x3A, 0x53, 0x65, 0x71, 0x3E, 0x20, 0x3C, 0x72, 0x64, 0x66, 0x3A,
        0x6C, 0x69, 0x20, 0x73, 0x74, 0x45, 0x76, 0x74, 0x3A, 0x61, 0x63, 0x74, 0x69, 0x6F, 0x6E, 0x3D,
        0x22, 0x63, 0x72, 0x65, 0x61, 0x74, 0x65, 0x64, 0x22, 0x20, 0x73, 0x74, 0x45, 0x76, 0x74, 0x3A,
        0x69, 0x6E, 0x73, 0x74, 0x61, 0x6E, 0x63, 0x65, 0x49, 0x44, 0x3D, 0x22, 0x78, 0x6D, 0x70, 0x2E,
        0x69, 0x69, 0x64, 0x3A, 0x65, 0x31, 0x64, 0x31, 0x35, 0x31, 0x34, 0x64, 0x2D, 0x63, 0x61, 0x36,
        0x37, 0x2D, 0x64, 0x32, 0x34, 0x38, 0x2D, 0x62, 0x35, 0x37, 0x32, 0x2D, 0x61, 0x66, 0x62, 0x39,
        0x39, 0x63, 0x61, 0x38, 0x30, 0x30, 0x34, 0x38, 0x22, 0x20, 0x73, 0x74, 0x45, 0x76, 0x74, 0x3A,
        0x77, 0x68, 0x65, 0x6E, 0x3D, 0x22, 0x32, 0x30, 0x32, 0x36, 0x2D, 0x30, 0x39, 0x2D, 0x31, 0x37,
        0x54, 0x31, 0x32, 0x3A, 0x35, 0x37, 0x3A, 0x31, 0x32, 0x2B, 0x30, 0x33, 0x3A, 0x30, 0x30, 0x22,
        0x20, 0x73, 0x74, 0x45, 0x76, 0x74, 0x3A, 0x73, 0x6F, 0x66, 0x74, 0x77, 0x61, 0x72, 0x65, 0x41,
        0x67, 0x65, 0x6E, 0x74, 0x3D, 0x22, 0x41, 0x64, 0x6F, 0x62, 0x65, 0x20, 0x50, 0x68, 0x6F, 0x74,
        0x6F, 0x73, 0x68, 0x6F, 0x70, 0x20, 0x32, 0x36, 0x2E, 0x38, 0x20, 0x28, 0x57, 0x69, 0x6E, 0x64,
        0x6F, 0x77, 0x73, 0x29, 0x22, 0x2F, 0x3E, 0x20, 0x3C, 0x72, 0x64, 0x66, 0x3A, 0x6C, 0x69, 0x20,
        0x73, 0x74, 0x45, 0x76, 0x74, 0x3A, 0x61, 0x63, 0x74, 0x69, 0x6F, 0x6E, 0x3D, 0x22, 0x73, 0x61,
        0x76, 0x65, 0x64, 0x22, 0x20, 0x73, 0x74, 0x45, 0x76, 0x74, 0x3A, 0x69, 0x6E, 0x73, 0x74, 0x61,
        0x6E, 0x63, 0x65, 0x49, 0x44, 0x3D, 0x22, 0x78, 0x6D, 0x70, 0x2E, 0x69, 0x69, 0x64, 0x3A, 0x62,
        0x34, 0x36, 0x32, 0x38, 0x39, 0x63, 0x30, 0x2D, 0x32, 0x63, 0x61, 0x30, 0x2D, 0x33, 0x38, 0x34,
        0x38, 0x2D, 0x39, 0x31, 0x63, 0x61, 0x2D, 0x66, 0x38, 0x61, 0x33, 0x61, 0x37, 0x36, 0x62, 0x63,
        0x36, 0x36, 0x34, 0x22, 0x20, 0x73, 0x74, 0x45, 0x76, 0x74, 0x3A, 0x77, 0x68, 0x65, 0x6E, 0x3D,
        0x22, 0x32, 0x30, 0x32, 0x36, 0x2D, 0x30, 0x39, 0x2D, 0x31, 0x37, 0x54, 0x31, 0x32, 0x3A, 0x35,
        0x37, 0x3A, 0x31, 0x32, 0x2B, 0x30, 0x33, 0x3A, 0x30, 0x30, 0x22, 0x20, 0x73, 0x74, 0x45, 0x76,
        0x74, 0x3A, 0x73, 0x6F, 0x66, 0x74, 0x77, 0x61, 0x72, 0x65, 0x41, 0x67, 0x65, 0x6E, 0x74, 0x3D,
        0x22, 0x41, 0x64, 0x6F, 0x62, 0x65, 0x20, 0x50, 0x68, 0x6F, 0x74, 0x6F, 0x73, 0x68, 0x6F, 0x70,
        0x20, 0x32, 0x36, 0x2E, 0x38, 0x20, 0x28, 0x57, 0x69, 0x6E, 0x64, 0x6F, 0x77, 0x73, 0x29, 0x22,
        0x20, 0x73, 0x74, 0x45, 0x76, 0x74, 0x3A, 0x63, 0x68, 0x61, 0x6E, 0x67, 0x65, 0x64, 0x3D, 0x22,
        0x2F, 0x22, 0x2F, 0x3E, 0x20, 0x3C, 0x72, 0x64, 0x66, 0x3A, 0x6C, 0x69, 0x20, 0x73, 0x74, 0x45,
        0x76, 0x74, 0x3A, 0x61, 0x63, 0x74, 0x69, 0x6F, 0x6E, 0x3D, 0x22, 0x73, 0x61, 0x76, 0x65, 0x64,
        0x22, 0x20, 0x73, 0x74, 0x45, 0x76, 0x74, 0x3A, 0x69, 0x6E, 0x73, 0x74, 0x61, 0x6E, 0x63, 0x65,
        0x49, 0x44, 0x3D, 0x22, 0x78, 0x6D, 0x70, 0x2E, 0x69, 0x69, 0x64, 0x3A, 0x39, 0x63, 0x37, 0x62,
        0x63, 0x62, 0x33, 0x65, 0x2D, 0x62, 0x66, 0x63, 0x34, 0x2D, 0x36, 0x61, 0x34, 0x34, 0x2D, 0x39,
        0x34, 0x31, 0x66, 0x2D, 0x38, 0x32, 0x64, 0x31, 0x66, 0x37, 0x66, 0x37, 0x66, 0x32, 0x37, 0x38,
        0x22, 0x20, 0x73, 0x74, 0x45, 0x76, 0x74, 0x3A, 0x77, 0x68, 0x65, 0x6E, 0x3D, 0x22, 0x32, 0x30,
        0x32, 0x36, 0x2D, 0x30, 0x39, 0x2D, 0x31, 0x37, 0x54, 0x31, 0x35, 0x3A, 0x35, 0x33, 0x3A, 0x31,
        0x37, 0x2B, 0x30, 0x33, 0x3A, 0x30, 0x30, 0x22, 0x20, 0x73, 0x74, 0x45, 0x76, 0x74, 0x3A, 0x73,
        0x6F, 0x66, 0x74, 0x77, 0x61, 0x72, 0x65, 0x41, 0x67, 0x65, 0x6E, 0x74, 0x3D, 0x22, 0x41, 0x64,
        0x6F, 0x62, 0x65, 0x20, 0x50, 0x68, 0x6F, 0x74, 0x6F, 0x73, 0x68, 0x6F, 0x70, 0x20, 0x32, 0x36,
        0x2E, 0x38, 0x20, 0x28, 0x57, 0x69, 0x6E, 0x64, 0x6F, 0x77, 0x73, 0x29, 0x22, 0x20, 0x73, 0x74,
        0x45, 0x76, 0x74, 0x3A, 0x63, 0x68, 0x61, 0x6E, 0x67, 0x65, 0x64, 0x3D, 0x22, 0x2F, 0x22, 0x2F,
        0x3E, 0x20, 0x3C, 0x2F, 0x72, 0x64, 0x66, 0x3A, 0x53, 0x65, 0x71, 0x3E, 0x20, 0x3C, 0x2F, 0x78,
        0x6D, 0x70, 0x4D, 0x4D, 0x3A, 0x48, 0x69, 0x73, 0x74, 0x6F, 0x72, 0x79, 0x3E, 0x20, 0x3C, 0x2F,
        0x72, 0x64, 0x66, 0x3A, 0x44, 0x65, 0x73, 0x63, 0x72, 0x69, 0x70, 0x74, 0x69, 0x6F, 0x6E, 0x3E,
        0x20, 0x3C, 0x2F, 0x72, 0x64, 0x66, 0x3A, 0x52, 0x44, 0x46, 0x3E, 0x20, 0x3C, 0x2F, 0x78, 0x3A,
        0x78, 0x6D, 0x70, 0x6D, 0x65, 0x74, 0x61, 0x3E, 0x20, 0x20, 0x20, 0x20, 0x20, 0x20, 0x20, 0x20,
        0x20, 0x20, 0x20, 0x20, 0x20, 0x20, 0x20, 0x20, 0x20, 0x20, 0x20, 0x20, 0x20, 0x20, 0x20, 0x20,
        0x20, 0x20, 0x20, 0x20, 0x20, 0x20, 0x20, 0x20, 0x20, 0x20, 0x20, 0x20, 0x20, 0x20, 0x20, 0x20,
        0x20, 0x20, 0x20, 0x20, 0x20, 0x20, 0x20, 0x20, 0x20, 0x20, 0x20, 0x20, 0x20, 0x20, 0x20, 0x20,
        0x20, 0x20, 0x20, 0x20, 0x20, 0x20, 0x20, 0x20, 0x20, 0x20, 0x20, 0x20, 0x20, 0x20, 0x20, 0x20,
        0x20, 0x20, 0x20, 0x20, 0x20, 0x20, 0x20, 0x20, 0x20, 0x20, 0x20, 0x20, 0x20, 0x20, 0x20, 0x20,
        0x20, 0x20, 0x20, 0x20, 0x20, 0x20, 0x20, 0x20, 0x20, 0x20, 0x20, 0x20, 0x20, 0x20, 0x20, 0x20,
        0x20, 0x20, 0x20, 0x20, 0x20, 0x20, 0x20, 0x20, 0x20, 0x20, 0x20, 0x20, 0x20, 0x20, 0x20, 0x20,
        0x20, 0x20, 0x20, 0x20, 0x20, 0x20, 0x20, 0x20, 0x20, 0x20, 0x20, 0x20, 0x20, 0x20, 0x20, 0x20,
        0x20, 0x20, 0x20, 0x20, 0x20, 0x20, 0x20, 0x20, 0x20, 0x20, 0x20, 0x20, 0x20, 0x20, 0x20, 0x20,
        0x20, 0x20, 0x20, 0x20, 0x20, 0x20, 0x20, 0x20, 0x20, 0x20, 0x20, 0x20, 0x20, 0x20, 0x20, 0x20,
        0x20, 0x20, 0x20, 0x20, 0x20, 0x20, 0x20, 0x20, 0x20, 0x20, 0x20, 0x20, 0x20, 0x20, 0x20, 0x20,
        0x20, 0x20, 0x20, 0x20, 0x20, 0x20, 0x20, 0x20, 0x20, 0x20, 0x20, 0x20, 0x20, 0x20, 0x20, 0x20,
        0x20, 0x20, 0x20, 0x20, 0x20, 0x20, 0x20, 0x20, 0x20, 0x20, 0x20, 0x20, 0x20, 0x20, 0x20, 0x20,
        0x20, 0x20, 0x20, 0x20, 0x20, 0x20, 0x20, 0x20, 0x20, 0x20, 0x20, 0x20, 0x20, 0x20, 0x20, 0x20,
        0x20, 0x20, 0x20, 0x20, 0x20, 0x20, 0x20, 0x20, 0x20, 0x20, 0x20, 0x20, 0x20, 0x20, 0x20, 0x20,
        0x20, 0x20, 0x20, 0x20, 0x20, 0x20, 0x20, 0x20, 0x20, 0x20, 0x20, 0x20, 0x20, 0x20, 0x20, 0x20,
        0x20, 0x20, 0x20, 0x20, 0x20, 0x20, 0x20, 0x20, 0x20, 0x20, 0x20, 0x20, 0x20, 0x20, 0x20, 0x20,
        0x20, 0x20, 0x20, 0x20, 0x20, 0x20, 0x20, 0x20, 0x20, 0x20, 0x20, 0x20, 0x20, 0x20, 0x20, 0x20,
        0x20, 0x20, 0x20, 0x20, 0x20, 0x20, 0x20, 0x20, 0x20, 0x20, 0x20, 0x20, 0x20, 0x20, 0x20, 0x20,
        0x20, 0x20, 0x20, 0x20, 0x20, 0x20, 0x20, 0x20, 0x20, 0x20, 0x20, 0x20, 0x20, 0x20, 0x20, 0x20,
        0x20, 0x20, 0x20, 0x20, 0x20, 0x20, 0x20, 0x20, 0x20, 0x20, 0x20, 0x20, 0x20, 0x20, 0x20, 0x20,
        0x20, 0x20, 0x20, 0x20, 0x20, 0x20, 0x20, 0x20, 0x20, 0x20, 0x20, 0x20, 0x20, 0x20, 0x20, 0x20,
        0x20, 0x20, 0x20, 0x20, 0x20, 0x20, 0x20, 0x20, 0x20, 0x20, 0x20, 0x20, 0x20, 0x20, 0x20, 0x20,
        0x20, 0x20, 0x20, 0x20, 0x20, 0x20, 0x20, 0x20, 0x20, 0x20, 0x20, 0x20, 0x20, 0x20, 0x20, 0x20,
        0x20, 0x20, 0x20, 0x20, 0x20, 0x20, 0x20, 0x20, 0x20, 0x20, 0x20, 0x20, 0x20, 0x20, 0x20, 0x20,
        0x20, 0x20, 0x20, 0x20, 0x20, 0x20, 0x20, 0x20, 0x20, 0x20, 0x20, 0x20, 0x20, 0x20, 0x20, 0x20,
        0x20, 0x20, 0x20, 0x20, 0x20, 0x20, 0x20, 0x20, 0x20, 0x20, 0x20, 0x20, 0x20, 0x20, 0x20, 0x20,
        0x20, 0x20, 0x20, 0x20, 0x20, 0x20, 0x20, 0x20, 0x20, 0x20, 0x20, 0x20, 0x20, 0x20, 0x20, 0x20,
        0x20, 0x20, 0x20, 0x20, 0x20, 0x20, 0x20, 0x20, 0x20, 0x20, 0x20, 0x20, 0x20, 0x20, 0x20, 0x20,
        0x20, 0x20, 0x20, 0x20, 0x20, 0x20, 0x20, 0x20, 0x20, 0x20, 0x20, 0x20, 0x20, 0x20, 0x20, 0x20,
        0x20, 0x20, 0x20, 0x20, 0x20, 0x20, 0x20, 0x20, 0x20, 0x20, 0x20, 0x20, 0x20, 0x20, 0x20, 0x20,
        0x20, 0x20, 0x20, 0x20, 0x20, 0x20, 0x20, 0x20, 0x20, 0x20, 0x20, 0x20, 0x20, 0x20, 0x20, 0x20,
        0x20, 0x20, 0x20, 0x20, 0x20, 0x20, 0x20, 0x20, 0x20, 0x20, 0x20, 0x20, 0x20, 0x20, 0x20, 0x20,
        0x20, 0x20, 0x20, 0x20, 0x20, 0x20, 0x20, 0x20, 0x20, 0x20, 0x20, 0x20, 0x20, 0x20, 0x20, 0x20,
        0x20, 0x20, 0x20, 0x20, 0x20, 0x20, 0x20, 0x20, 0x20, 0x20, 0x20, 0x20, 0x20, 0x20, 0x20, 0x20,
        0x20, 0x20, 0x20, 0x20, 0x20, 0x20, 0x20, 0x20, 0x20, 0x20, 0x20, 0x20, 0x20, 0x20, 0x20, 0x20,
        0x20, 0x20, 0x20, 0x20, 0x20, 0x20, 0x20, 0x20, 0x20, 0x20, 0x20, 0x20, 0x20, 0x20, 0x20, 0x20,
        0x20, 0x20, 0x20, 0x20, 0x20, 0x20, 0x20, 0x20, 0x20, 0x20, 0x20, 0x20, 0x20, 0x20, 0x20, 0x20,
        0x20, 0x20, 0x20, 0x20, 0x20, 0x20, 0x20, 0x20, 0x20, 0x20, 0x20, 0x20, 0x20, 0x20, 0x20, 0x20,
        0x20, 0x20, 0x20, 0x20, 0x20, 0x20, 0x20, 0x20, 0x20, 0x20, 0x20, 0x20, 0x20, 0x20, 0x20, 0x20,
        0x20, 0x20, 0x20, 0x20, 0x20, 0x20, 0x20, 0x20, 0x20, 0x20, 0x20, 0x20, 0x20, 0x20, 0x20, 0x20,
        0x20, 0x20, 0x20, 0x20, 0x20, 0x20, 0x20, 0x20, 0x20, 0x20, 0x20, 0x20, 0x20, 0x20, 0x20, 0x20,
        0x20, 0x20, 0x20, 0x20, 0x20, 0x20, 0x20, 0x20, 0x20, 0x20, 0x20, 0x20, 0x20, 0x20, 0x20, 0x20,
        0x20, 0x20, 0x20, 0x20, 0x20, 0x20, 0x20, 0x20, 0x20, 0x20, 0x20, 0x20, 0x20, 0x20, 0x20, 0x20,
        0x20, 0x20, 0x20, 0x20, 0x20, 0x20, 0x20, 0x20, 0x20, 0x20, 0x20, 0x20, 0x20, 0x20, 0x20, 0x20,
        0x20, 0x20, 0x20, 0x20, 0x20, 0x20, 0x20, 0x20, 0x20, 0x20, 0x20, 0x20, 0x20, 0x20, 0x20, 0x20,
        0x20, 0x20, 0x20, 0x20, 0x20, 0x20, 0x20, 0x20, 0x20, 0x20, 0x20, 0x20, 0x20, 0x20, 0x20, 0x20,
        0x20, 0x20, 0x20, 0x20, 0x20, 0x20, 0x20, 0x20, 0x20, 0x20, 0x20, 0x20, 0x20, 0x20, 0x20, 0x20,
        0x20, 0x20, 0x20, 0x20, 0x20, 0x20, 0x20, 0x20, 0x20, 0x20, 0x20, 0x20, 0x20, 0x20, 0x20, 0x20,
        0x20, 0x20, 0x20, 0x20, 0x20, 0x20, 0x20, 0x20, 0x20, 0x20, 0x20, 0x20, 0x20, 0x20, 0x20, 0x20,
        0x20, 0x20, 0x20, 0x20, 0x20, 0x20, 0x20, 0x20, 0x20, 0x20, 0x20, 0x20, 0x20, 0x20, 0x20, 0x20,
        0x20, 0x20, 0x20, 0x20, 0x20, 0x20, 0x20, 0x20, 0x20, 0x20, 0x20, 0x20, 0x20, 0x20, 0x20, 0x20,
        0x20, 0x20, 0x20, 0x20, 0x20, 0x20, 0x20, 0x20, 0x20, 0x20, 0x20, 0x20, 0x20, 0x20, 0x20, 0x20,
        0x20, 0x20, 0x20, 0x20, 0x20, 0x20, 0x20, 0x20, 0x20, 0x20, 0x20, 0x20, 0x20, 0x20, 0x20, 0x20,
        0x20, 0x20, 0x20, 0x20, 0x20, 0x20, 0x20, 0x20, 0x20, 0x20, 0x20, 0x20, 0x20, 0x20, 0x20, 0x20,
        0x20, 0x20, 0x20, 0x20, 0x20, 0x20, 0x20, 0x20, 0x20, 0x20, 0x20, 0x20, 0x20, 0x20, 0x20, 0x20,
        0x20, 0x20, 0x20, 0x20, 0x20, 0x20, 0x20, 0x20, 0x20, 0x20, 0x20, 0x20, 0x20, 0x20, 0x20, 0x20,
        0x20, 0x20, 0x20, 0x20, 0x20, 0x20, 0x20, 0x20, 0x20, 0x20, 0x20, 0x20, 0x20, 0x20, 0x20, 0x20,
        0x20, 0x20, 0x20, 0x20, 0x20, 0x20, 0x20, 0x20, 0x20, 0x20, 0x20, 0x20, 0x20, 0x20, 0x20, 0x20,
        0x20, 0x20, 0x20, 0x20, 0x20, 0x20, 0x20, 0x20, 0x20, 0x20, 0x20, 0x20, 0x20, 0x20, 0x20, 0x20,
        0x20, 0x20, 0x20, 0x20, 0x20, 0x20, 0x20, 0x20, 0x20, 0x20, 0x20, 0x20, 0x20, 0x20, 0x20, 0x20,
        0x20, 0x20, 0x20, 0x20, 0x20, 0x20, 0x20, 0x20, 0x20, 0x20, 0x20, 0x20, 0x20, 0x20, 0x20, 0x20,
        0x20, 0x20, 0x20, 0x20, 0x20, 0x20, 0x20, 0x20, 0x20, 0x20, 0x20, 0x20, 0x20, 0x20, 0x20, 0x20,
        0x20, 0x20, 0x20, 0x20, 0x20, 0x20, 0x20, 0x20, 0x20, 0x20, 0x20, 0x20, 0x20, 0x20, 0x20, 0x20,
        0x20, 0x20, 0x20, 0x20, 0x20, 0x20, 0x20, 0x20, 0x20, 0x20, 0x20, 0x20, 0x20, 0x20, 0x20, 0x20,
        0x20, 0x20, 0x20, 0x20, 0x20, 0x20, 0x20, 0x20, 0x20, 0x20, 0x20, 0x20, 0x20, 0x20, 0x20, 0x20,
        0x20, 0x20, 0x20, 0x20, 0x20, 0x20, 0x20, 0x20, 0x20, 0x20, 0x20, 0x20, 0x20, 0x20, 0x20, 0x20,
        0x20, 0x20, 0x20, 0x20, 0x20, 0x20, 0x20, 0x20, 0x20, 0x20, 0x20, 0x20, 0x20, 0x20, 0x20, 0x20,
        0x20, 0x20, 0x20, 0x20, 0x20, 0x20, 0x20, 0x20, 0x20, 0x20, 0x20, 0x20, 0x20, 0x20, 0x20, 0x20,
        0x20, 0x20, 0x20, 0x20, 0x20, 0x20, 0x20, 0x20, 0x20, 0x20, 0x20, 0x20, 0x20, 0x20, 0x20, 0x20,
        0x20, 0x20, 0x20, 0x20, 0x20, 0x20, 0x20, 0x20, 0x20, 0x20, 0x20, 0x20, 0x20, 0x20, 0x20, 0x20,
        0x20, 0x20, 0x20, 0x20, 0x20, 0x20, 0x20, 0x20, 0x20, 0x20, 0x20, 0x20, 0x20, 0x20, 0x20, 0x20,
        0x20, 0x20, 0x20, 0x20, 0x20, 0x20, 0x20, 0x20, 0x20, 0x20, 0x20, 0x20, 0x20, 0x20, 0x20, 0x20,
        0x20, 0x20, 0x20, 0x20, 0x20, 0x20, 0x20, 0x20, 0x20, 0x20, 0x20, 0x20, 0x20, 0x20, 0x20, 0x20,
        0x20, 0x20, 0x20, 0x20, 0x20, 0x20, 0x20, 0x20, 0x20, 0x20, 0x20, 0x20, 0x20, 0x20, 0x20, 0x20,
        0x20, 0x20, 0x20, 0x20, 0x20, 0x20, 0x20, 0x20, 0x20, 0x20, 0x20, 0x20, 0x20, 0x20, 0x20, 0x20,
        0x20, 0x20, 0x20, 0x20, 0x20, 0x20, 0x20, 0x20, 0x20, 0x20, 0x20, 0x20, 0x20, 0x20, 0x20, 0x20,
        0x20, 0x20, 0x20, 0x20, 0x20, 0x20, 0x20, 0x20, 0x20, 0x20, 0x20, 0x20, 0x20, 0x20, 0x20, 0x20,
        0x20, 0x20, 0x20, 0x20, 0x20, 0x20, 0x20, 0x20, 0x20, 0x20, 0x20, 0x20, 0x20, 0x20, 0x20, 0x20,
        0x20, 0x20, 0x20, 0x20, 0x20, 0x20, 0x20, 0x20, 0x20, 0x20, 0x20, 0x20, 0x20, 0x20, 0x20, 0x20,
        0x20, 0x20, 0x20, 0x20, 0x20, 0x20, 0x20, 0x20, 0x20, 0x20, 0x20, 0x20, 0x20, 0x20, 0x20, 0x20,
        0x20, 0x20, 0x20, 0x20, 0x20, 0x20, 0x20, 0x20, 0x20, 0x20, 0x20, 0x20, 0x20, 0x20, 0x20, 0x20,
        0x20, 0x20, 0x20, 0x20, 0x20, 0x20, 0x20, 0x20, 0x20, 0x20, 0x20, 0x20, 0x20, 0x20, 0x20, 0x20,
        0x20, 0x20, 0x20, 0x20, 0x20, 0x20, 0x20, 0x20, 0x20, 0x20, 0x20, 0x20, 0x20, 0x20, 0x20, 0x20,
        0x20, 0x20, 0x20, 0x20, 0x20, 0x20, 0x20, 0x20, 0x20, 0x20, 0x20, 0x20, 0x20, 0x20, 0x20, 0x20,
        0x20, 0x20, 0x20, 0x20, 0x20, 0x20, 0x20, 0x20, 0x20, 0x20, 0x20, 0x20, 0x20, 0x20, 0x20, 0x20,
        0x20, 0x20, 0x20, 0x20, 0x20, 0x20, 0x20, 0x20, 0x20, 0x20, 0x20, 0x20, 0x20, 0x20, 0x20, 0x20,
        0x20, 0x20, 0x20, 0x20, 0x20, 0x20, 0x20, 0x20, 0x20, 0x20, 0x20, 0x20, 0x20, 0x20, 0x20, 0x20,
        0x20, 0x20, 0x20, 0x20, 0x20, 0x20, 0x20, 0x20, 0x20, 0x20, 0x20, 0x20, 0x20, 0x20, 0x20, 0x20,
        0x20, 0x20, 0x20, 0x20, 0x20, 0x20, 0x20, 0x20, 0x20, 0x20, 0x20, 0x20, 0x20, 0x20, 0x20, 0x20,
        0x20, 0x20, 0x20, 0x20, 0x20, 0x20, 0x20, 0x20, 0x20, 0x20, 0x20, 0x20, 0x20, 0x20, 0x20, 0x20,
        0x20, 0x20, 0x20, 0x20, 0x20, 0x20, 0x20, 0x20, 0x20, 0x20, 0x20, 0x20, 0x20, 0x20, 0x20, 0x20,
        0x20, 0x20, 0x20, 0x20, 0x20, 0x20, 0x20, 0x20, 0x20, 0x20, 0x20, 0x20, 0x20, 0x20, 0x20, 0x20,
        0x20, 0x20, 0x20, 0x20, 0x20, 0x20, 0x20, 0x20, 0x20, 0x20, 0x20, 0x20, 0x20, 0x20, 0x20, 0x20,
        0x20, 0x20, 0x20, 0x20, 0x20, 0x20, 0x20, 0x20, 0x20, 0x20, 0x20, 0x20, 0x20, 0x20, 0x20, 0x20,
        0x20, 0x20, 0x20, 0x20, 0x20, 0x20, 0x20, 0x20, 0x20, 0x20, 0x20, 0x20, 0x20, 0x20, 0x20, 0x20,
        0x20, 0x20, 0x20, 0x20, 0x20, 0x20, 0x20, 0x20, 0x20, 0x20, 0x20, 0x20, 0x20, 0x20, 0x20, 0x20,
        0x20, 0x20, 0x20, 0x20, 0x20, 0x20, 0x20, 0x20, 0x20, 0x20, 0x20, 0x20, 0x20, 0x20, 0x20, 0x20,
        0x20, 0x20, 0x20, 0x20, 0x20, 0x20, 0x20, 0x20, 0x20, 0x20, 0x20, 0x20, 0x20, 0x20, 0x20, 0x20,
        0x20, 0x20, 0x20, 0x20, 0x20, 0x20, 0x20, 0x20, 0x20, 0x20, 0x20, 0x20, 0x20, 0x20, 0x20, 0x20,
        0x20, 0x20, 0x20, 0x20, 0x20, 0x20, 0x20, 0x20, 0x20, 0x20, 0x20, 0x20, 0x20, 0x20, 0x20, 0x20,
        0x20, 0x20, 0x20, 0x20, 0x20, 0x20, 0x20, 0x20, 0x20, 0x20, 0x20, 0x20, 0x20, 0x20, 0x20, 0x20,
        0x20, 0x20, 0x20, 0x20, 0x20, 0x20, 0x20, 0x20, 0x20, 0x20, 0x20, 0x20, 0x20, 0x20, 0x20, 0x20,
        0x20, 0x20, 0x20, 0x20, 0x20, 0x20, 0x20, 0x20, 0x20, 0x20, 0x20, 0x20, 0x20, 0x20, 0x20, 0x20,
        0x20, 0x20, 0x20, 0x20, 0x20, 0x20, 0x20, 0x20, 0x20, 0x20, 0x20, 0x20, 0x20, 0x20, 0x20, 0x20,
        0x20, 0x20, 0x20, 0x20, 0x20, 0x20, 0x20, 0x20, 0x20, 0x20, 0x20, 0x20, 0x20, 0x20, 0x20, 0x20,
        0x20, 0x20, 0x20, 0x20, 0x20, 0x20, 0x20, 0x20, 0x20, 0x20, 0x20, 0x20, 0x20, 0x20, 0x20, 0x20,
        0x20, 0x20, 0x20, 0x20, 0x20, 0x20, 0x20, 0x20, 0x20, 0x20, 0x20, 0x20, 0x20, 0x20, 0x20, 0x20,
        0x20, 0x20, 0x20, 0x20, 0x20, 0x20, 0x20, 0x20, 0x20, 0x20, 0x20, 0x20, 0x20, 0x20, 0x20, 0x20,
        0x20, 0x20, 0x20, 0x20, 0x20, 0x20, 0x20, 0x20, 0x20, 0x20, 0x20, 0x20, 0x20, 0x20, 0x20, 0x20,
        0x20, 0x20, 0x20, 0x20, 0x20, 0x20, 0x20, 0x20, 0x20, 0x20, 0x20, 0x20, 0x20, 0x20, 0x20, 0x20,
        0x20, 0x20, 0x20, 0x20, 0x20, 0x20, 0x20, 0x20, 0x20, 0x20, 0x20, 0x20, 0x20, 0x20, 0x20, 0x20,
        0x20, 0x20, 0x20, 0x20, 0x20, 0x20, 0x20, 0x20, 0x20, 0x20, 0x20, 0x20, 0x20, 0x20, 0x20, 0x20,
        0x20, 0x20, 0x20, 0x20, 0x20, 0x20, 0x20, 0x20, 0x20, 0x20, 0x20, 0x20, 0x20, 0x20, 0x20, 0x20,
        0x20, 0x20, 0x20, 0x20, 0x20, 0x20, 0x20, 0x20, 0x20, 0x20, 0x20, 0x20, 0x20, 0x20, 0x20, 0x20,
        0x20, 0x20, 0x20, 0x20, 0x20, 0x20, 0x20, 0x20, 0x20, 0x20, 0x20, 0x20, 0x20, 0x20, 0x20, 0x20,
        0x20, 0x20, 0x20, 0x20, 0x20, 0x20, 0x20, 0x20, 0x20, 0x20, 0x20, 0x20, 0x20, 0x20, 0x20, 0x20,
        0x20, 0x20, 0x20, 0x20, 0x20, 0x20, 0x20, 0x20, 0x20, 0x20, 0x20, 0x20, 0x20, 0x20, 0x20, 0x20,
        0x20, 0x20, 0x20, 0x20, 0x20, 0x20, 0x20, 0x20, 0x20, 0x20, 0x20, 0x20, 0x20, 0x20, 0x20, 0x20,
        0x20, 0x20, 0x20, 0x20, 0x20, 0x20, 0x20, 0x20, 0x20, 0x20, 0x20, 0x20, 0x20, 0x20, 0x20, 0x20,
        0x20, 0x20, 0x20, 0x20, 0x20, 0x20, 0x20, 0x20, 0x20, 0x20, 0x20, 0x20, 0x20, 0x20, 0x20, 0x20,
        0x20, 0x20, 0x20, 0x20, 0x20, 0x20, 0x20, 0x20, 0x20, 0x20, 0x20, 0x20, 0x20, 0x20, 0x20, 0x20,
        0x20, 0x20, 0x20, 0x20, 0x20, 0x20, 0x20, 0x20, 0x20, 0x20, 0x20, 0x20, 0x20, 0x20, 0x20, 0x20,
        0x20, 0x20, 0x20, 0x20, 0x20, 0x20, 0x20, 0x20, 0x20, 0x20, 0x20, 0x20, 0x20, 0x20, 0x20, 0x20,
        0x20, 0x20, 0x20, 0x20, 0x20, 0x20, 0x20, 0x20, 0x20, 0x20, 0x20, 0x20, 0x20, 0x20, 0x20, 0x20,
        0x20, 0x20, 0x20, 0x20, 0x20, 0x20, 0x20, 0x20, 0x20, 0x20, 0x20, 0x20, 0x20, 0x20, 0x20, 0x20,
        0x20, 0x20, 0x20, 0x20, 0x20, 0x20, 0x20, 0x20, 0x20, 0x20, 0x20, 0x20, 0x20, 0x20, 0x20, 0x20,
        0x20, 0x20, 0x20, 0x20, 0x20, 0x20, 0x20, 0x20, 0x20, 0x3C, 0x3F, 0x78, 0x70, 0x61, 0x63, 0x6B,
        0x65, 0x74, 0x20, 0x65, 0x6E, 0x64, 0x3D, 0x22, 0x77, 0x22, 0x3F, 0x3E, 0xFF, 0xEE, 0x00, 0x21,
        0x41, 0x64, 0x6F, 0x62, 0x65, 0x00, 0x64, 0x80, 0x00, 0x00, 0x00, 0x01, 0x03, 0x00, 0x10, 0x03,
        0x02, 0x03, 0x06, 0x00, 0x00, 0x00, 0x00, 0x00, 0x00, 0x00, 0x00, 0x00, 0x00, 0x00, 0x00, 0xFF,
        0xDB, 0x00, 0x84, 0x00, 0x0C, 0x08, 0x08, 0x08, 0x09, 0x08, 0x0C, 0x09, 0x09, 0x0C, 0x11, 0x0B,
        0x0A, 0x0B, 0x11, 0x15, 0x0F, 0x0C, 0x0C, 0x0F, 0x15, 0x18, 0x13, 0x13, 0x15, 0x13, 0x13, 0x18,
        0x11, 0x0C, 0x0C, 0x0C, 0x0C, 0x0C, 0x0C, 0x11, 0x0C, 0x0C, 0x0C, 0x0C, 0x0C, 0x0C, 0x0C, 0x0C,
        0x0C, 0x0C, 0x0C, 0x0C, 0x0C, 0x0C, 0x0C, 0x0C, 0x0C, 0x0C, 0x0C, 0x0C, 0x0C, 0x0C, 0x0C, 0x0C,
        0x0C, 0x0C, 0x0C, 0x0C, 0x01, 0x0D, 0x0B, 0x0B, 0x0D, 0x0E, 0x0D, 0x10, 0x0E, 0x0E, 0x10, 0x14,
        0x0E, 0x0E, 0x0E, 0x14, 0x14, 0x0E, 0x0E, 0x0E, 0x0E, 0x14, 0x11, 0x0C, 0x0C, 0x0C, 0x0C, 0x0C,
        0x11, 0x11, 0x0C, 0x0C, 0x0C, 0x0C, 0x0C, 0x0C, 0x11, 0x0C, 0x0C, 0x0C, 0x0C, 0x0C, 0x0C, 0x0C,
        0x0C, 0x0C, 0x0C, 0x0C, 0x0C, 0x0C, 0x0C, 0x0C, 0x0C, 0x0C, 0x0C, 0x0C, 0x0C, 0x0C, 0x0C, 0x0C,
        0x0C, 0x0C, 0x0C, 0x0C, 0x0C, 0xFF, 0xC2, 0x00, 0x11, 0x08, 0x00, 0x86, 0x00, 0xC8, 0x03, 0x01,
        0x22, 0x00, 0x02, 0x11, 0x01, 0x03, 0x11, 0x01, 0xFF, 0xC4, 0x00, 0xAE, 0x00, 0x00, 0x01, 0x05,
        0x01, 0x01, 0x00, 0x00, 0x00, 0x00, 0x00, 0x00, 0x00, 0x00, 0x00, 0x00, 0x00, 0x00, 0x01, 0x03,
        0x04, 0x05, 0x06, 0x02, 0x07, 0x01, 0x01, 0x01, 0x00, 0x00, 0x00, 0x00, 0x00, 0x00, 0x00, 0x00,
        0x00, 0x00, 0x00, 0x00, 0x00, 0x00, 0x00, 0x01, 0x10, 0x00, 0x01, 0x04, 0x03, 0x00, 0x02, 0x02,
        0x01, 0x03, 0x05, 0x01, 0x00, 0x00, 0x00, 0x00, 0x00, 0x01, 0x02, 0x03, 0x04, 0x05, 0x00, 0x12,
        0x06, 0x11, 0x07, 0x22, 0x13, 0x21, 0x31, 0x14, 0x15, 0x10, 0x40, 0x60, 0x23, 0x16, 0x35, 0x11,
        0x00, 0x02, 0x01, 0x03, 0x01, 0x05, 0x03, 0x06, 0x09, 0x09, 0x06, 0x06, 0x03, 0x00, 0x00, 0x00,
        0x01, 0x02, 0x03, 0x00, 0x11, 0x04, 0x12, 0x21, 0x22, 0x32, 0x13, 0x05, 0x31, 0x41, 0x42, 0x51,
        0x71, 0xA1, 0xD1, 0x62, 0x23, 0x20, 0x61, 0x91, 0x52, 0x72, 0x82, 0x92, 0x14, 0x06, 0x10, 0x81,
        0xB1, 0xA2, 0xB2, 0x33, 0x43, 0x53, 0x73, 0x40, 0xC1, 0xD2, 0x83, 0x24, 0x34, 0x30, 0xE1, 0x63,
        0x93, 0xA3, 0x15, 0xB3, 0x74, 0x25, 0x12, 0x01, 0x00, 0x00, 0x00, 0x00, 0x00, 0x00, 0x00, 0x00,
        0x00, 0x00, 0x00, 0x00, 0x00, 0x00, 0x00, 0x60, 0xFF, 0xDA, 0x00, 0x0C, 0x03, 0x01, 0x01, 0x02,
        0x11, 0x03, 0x11, 0x00, 0x00, 0x00, 0xF3, 0xAD, 0x76, 0x4F, 0xD5, 0x46, 0x30, 0x9E, 0xBD, 0x90,
        0x32, 0x35, 0xCF, 0xB4, 0x27, 0x47, 0x42, 0x74, 0xBD, 0x09, 0xD7, 0x7A, 0x83, 0x2A, 0x6A, 0x6A,
        0xCA, 0xB5, 0x78, 0x1A, 0x1E, 0x06, 0x51, 0xE4, 0x18, 0x78, 0xD2, 0x19, 0xD8, 0xFB, 0x08, 0x86,
        0x60, 0x98, 0x15, 0x3E, 0xC1, 0xE4, 0x1E, 0x96, 0x5E, 0x67, 0xAD, 0x32, 0x24, 0x5A, 0x41, 0x04,
        0xE9, 0x7A, 0x0E, 0x87, 0x0F, 0x41, 0xBE, 0x87, 0x56, 0x41, 0xA0, 0xD1, 0xE7, 0x4A, 0x89, 0x94,
        0x1A, 0x43, 0x85, 0x78, 0x18, 0x49, 0x08, 0x2D, 0x95, 0x63, 0xC6, 0xE2, 0x56, 0x25, 0xE3, 0x3A,
        0x01, 0x59, 0xBB, 0xC3, 0x5B, 0x12, 0xF3, 0xF1, 0xE4, 0x1D, 0x2A, 0xF4, 0x27, 0x4B, 0xD0, 0x9D,
        0x8E, 0x1E, 0x9B, 0x4F, 0x57, 0x72, 0x75, 0x89, 0xD8, 0x62, 0x4A, 0x9D, 0x2D, 0x1E, 0x94, 0x64,
        0x7C, 0x18, 0x24, 0x29, 0x1F, 0xA7, 0x41, 0x98, 0x4F, 0x32, 0x70, 0x45, 0x0A, 0xD6, 0xE6, 0x41,
        0xA6, 0x6D, 0x6A, 0x27, 0x45, 0xC5, 0x92, 0xB6, 0x40, 0x76, 0x91, 0x93, 0x42, 0xEE, 0x79, 0x0D,
        0x64, 0xBC, 0x8C, 0xF2, 0xCB, 0x1F, 0x61, 0x18, 0x8F, 0xA1, 0xA1, 0x64, 0xDA, 0x47, 0xC8, 0x74,
        0x6D, 0x67, 0xF9, 0xDD, 0xB1, 0xAE, 0x19, 0x94, 0x66, 0x69, 0xED, 0x29, 0x8E, 0x04, 0x2A, 0xE6,
        0x9F, 0x6B, 0x9E, 0x8A, 0x8E, 0xB8, 0xE0, 0x94, 0xDB, 0x28, 0x59, 0x43, 0x97, 0x10, 0xEE, 0x5C,
        0x59, 0x62, 0xF4, 0xFB, 0xC3, 0x53, 0x5A, 0x6C, 0xEE, 0x92, 0xFA, 0xBC, 0xAD, 0xE5, 0xE8, 0xE3,
        0x6F, 0x31, 0xD8, 0xEB, 0x8C, 0x74, 0x77, 0xC4, 0x99, 0xC5, 0x39, 0x76, 0x11, 0x23, 0xBA, 0xC0,
        0xE5, 0xC5, 0x1A, 0x16, 0xF9, 0xFB, 0xCD, 0xB9, 0xE7, 0x5C, 0x7A, 0x6D, 0x71, 0x8A, 0xDC, 0xC0,
        0xBB, 0x23, 0xF4, 0xDA, 0x9D, 0x54, 0xEB, 0x73, 0x83, 0x91, 0x35, 0xFE, 0x68, 0x42, 0xAE, 0xF4,
        0x78, 0x26, 0x09, 0x35, 0x3A, 0xD3, 0xCA, 0xFD, 0x0F, 0x0D, 0xE9, 0x85, 0xDE, 0x7A, 0xDB, 0x12,
        0x34, 0x41, 0x08, 0x50, 0xA4, 0xC1, 0x3B, 0x6C, 0x0F, 0x4B, 0xCD, 0x54, 0xEF, 0x8C, 0x67, 0xA1,
        0x55, 0x57, 0x96, 0x7A, 0x5F, 0x3B, 0x8C, 0x7B, 0x16, 0x3E, 0xBA, 0xA4, 0xF4, 0x2F, 0x3E, 0xD1,
        0x53, 0x9B, 0x58, 0x14, 0x31, 0x4D, 0xC6, 0x73, 0x35, 0x64, 0x6E, 0xFA, 0xC4, 0x67, 0xC4, 0xDE,
        0x66, 0xED, 0x09, 0xD8, 0x9B, 0x8C, 0xD9, 0xD8, 0xC8, 0x46, 0x8A, 0xF3, 0x20, 0x00, 0x00, 0x00,
        0x00, 0x00, 0x00, 0x00, 0x00, 0x00, 0x00, 0x01, 0x27, 0x4F, 0x93, 0x94, 0x48, 0x61, 0xBE, 0x47,
        0x06, 0x03, 0x9E, 0x10, 0x14, 0x40, 0x51, 0x01, 0x44, 0x05, 0x10, 0x14, 0x40, 0x51, 0x01, 0x44,
        0x05, 0x10, 0x14, 0x40, 0x55, 0xE4, 0x26, 0x32, 0xC8, 0x3A, 0x34, 0x1F, 0xFF, 0xDA, 0x00, 0x08,
        0x01, 0x02, 0x00, 0x01, 0x05, 0x00, 0xFF, 0x00, 0x35, 0xFF, 0xDA, 0x00, 0x08, 0x01, 0x03, 0x00,
        0x01, 0x05, 0x00, 0xFF, 0x00, 0x35, 0xFF, 0xDA, 0x00, 0x08, 0x01, 0x01, 0x00, 0x01, 0x05, 0x00,
        0x58, 0xF9, 0xF2, 0x54, 0x93, 0xAB, 0x3A, 0x5A, 0xFA, 0x67, 0x8C, 0xFA, 0x9A, 0x85, 0xD8, 0x5A,
        0xF4, 0x30, 0xA1, 0xC2, 0xB5, 0xF1, 0x80, 0x60, 0x18, 0x06, 0x01, 0x80, 0x60, 0x19, 0xAE, 0x6B,
        0x9A, 0xE6, 0xB9, 0xA6, 0x69, 0x9A, 0xE1, 0x4E, 0x14, 0xE3, 0xB0, 0xA4, 0x32, 0xCB, 0x95, 0xCF,
        0xB7, 0x0D, 0xC6, 0x56, 0xDA, 0xD2, 0x9F, 0x9A, 0xC7, 0xCF, 0x9C, 0xDE, 0xD6, 0x87, 0xF6, 0xEB,
        0x8F, 0x6B, 0x02, 0x12, 0x39, 0x86, 0x64, 0xC8, 0x5C, 0x97, 0xFC, 0x60, 0x18, 0x06, 0x01, 0x80,
        0x63, 0x2C, 0xB8, 0xF3, 0x91, 0xB8, 0x19, 0xDF, 0x4F, 0xFC, 0xA5, 0x6A, 0x0C, 0xEA, 0x75, 0xC6,
        0x5F, 0xD6, 0x46, 0x69, 0x9A, 0xE6, 0x99, 0xA6, 0x14, 0xE6, 0xB9, 0x5B, 0x19, 0x16, 0xF4, 0x1F,
        0xC7, 0xB8, 0xF7, 0x27, 0x67, 0x56, 0x99, 0x17, 0xB2, 0x90, 0x8F, 0xDF, 0xAC, 0x7C, 0xF9, 0x56,
        0xD1, 0x1B, 0x94, 0x78, 0xA9, 0x69, 0xE8, 0x28, 0xE4, 0xD8, 0x43, 0x7F, 0x90, 0x7E, 0x23, 0x6F,
        0x33, 0xF5, 0x38, 0x06, 0x01, 0x80, 0x60, 0x19, 0xC2, 0x73, 0x2C, 0x22, 0x0D, 0xB2, 0x1B, 0x8E,
        0xD4, 0x96, 0x96, 0xF9, 0xB9, 0x84, 0xE8, 0x43, 0x16, 0x2A, 0x74, 0x25, 0x21, 0x40, 0x23, 0x34,
        0xC2, 0x8C, 0x28, 0xC8, 0xB5, 0xAB, 0x92, 0x8E, 0x7E, 0x44, 0x6A, 0x6B, 0x96, 0x6D, 0x62, 0x3F,
        0x61, 0x61, 0x5F, 0x11, 0x96, 0x50, 0x90, 0x5D, 0x58, 0xF9, 0xF2, 0xB6, 0x0E, 0x48, 0xE7, 0x65,
        0xDA, 0x26, 0x2B, 0x56, 0x5D, 0xC4, 0x97, 0x56, 0xEB, 0x8E, 0x3E, 0xE0, 0x4E, 0x01, 0x80, 0x60,
        0x18, 0x91, 0x9C, 0x7B, 0xCA, 0x7B, 0x94, 0xB9, 0xEC, 0x18, 0x8E, 0xEB, 0x36, 0x0A, 0x54, 0x4B,
        0x1B, 0xC9, 0x12, 0xD9, 0x90, 0x52, 0x5F, 0x8E, 0x84, 0x98, 0xFA, 0x66, 0x99, 0xA6, 0x14, 0x67,
        0xD4, 0x0E, 0x46, 0x4B, 0x2C, 0xAE, 0x6B, 0x8E, 0xAA, 0xB2, 0x3D, 0xBC, 0xB6, 0x39, 0x4A, 0xC4,
        0xA9, 0x71, 0xB4, 0xDD, 0xEE, 0x4A, 0xE2, 0x25, 0x75, 0x47, 0x5B, 0xD1, 0xC5, 0x94, 0xDA, 0x47,
        0xE0, 0x0C, 0x03, 0x00, 0xC0, 0x30, 0x0C, 0x09, 0xFC, 0x73, 0x33, 0x12, 0xE5, 0x4D, 0x84, 0x26,
        0x5D, 0x92, 0x5E, 0xA8, 0x8F, 0x5F, 0x5B, 0x73, 0x15, 0xB4, 0x5A, 0x36, 0xC3, 0x52, 0xA3, 0xB7,
        0xAC, 0x6D, 0x33, 0x4C, 0xD3, 0x3E, 0xBC, 0x08, 0xCD, 0x06, 0x2F, 0xA7, 0x81, 0x55, 0x93, 0xBB,
        0x79, 0xF6, 0x19, 0x4B, 0xB2, 0xEB, 0x98, 0x75, 0x0D, 0xD9, 0xB3, 0x75, 0x09, 0x29, 0xB5, 0x90,
        0xDB, 0xEF, 0x30, 0x4A, 0x9A, 0x03, 0x00, 0xC0, 0x30, 0x0C, 0x03, 0x12, 0x33, 0x9A, 0xBF, 0x6E,
        0xB5, 0x36, 0x6F, 0x6C, 0x56, 0x89, 0xAF, 0x47, 0x9D, 0x5B, 0x11, 0x56, 0x70, 0x60, 0xA6, 0x75,
        0x88, 0x4F, 0x9C, 0xD3, 0x34, 0xCD, 0x33, 0x4C, 0xD3, 0x34, 0xCB, 0x02, 0xDA, 0x14, 0x26, 0xD8,
        0xB4, 0x8A, 0x29, 0xC1, 0x97, 0xDF, 0x05, 0x12, 0x12, 0x72, 0x4A, 0x81, 0x54, 0x6F, 0xCB, 0x35,
        0xB5, 0x93, 0xAD, 0x25, 0x4A, 0xE3, 0xEF, 0x61, 0xA5, 0x98, 0xE9, 0x75, 0x42, 0x12, 0x00, 0x4C,
        0x64, 0x12, 0x98, 0x48, 0xF0, 0x62, 0xC5, 0x87, 0x09, 0x8B, 0x47, 0xAE, 0xE2, 0xCF, 0x99, 0x78,
        0xC3, 0x52, 0x64, 0xBA, 0xB5, 0x40, 0xB3, 0x91, 0x05, 0xF8, 0x5D, 0x34, 0x37, 0x8A, 0xED, 0xAB,
        0x1B, 0x47, 0xFD, 0x25, 0x4F, 0x98, 0xD7, 0x15, 0xB2, 0x9E, 0x08, 0xCF, 0xAF, 0x34, 0xCE, 0x9F,
        0xF1, 0x23, 0xEF, 0x79, 0xB0, 0x54, 0x16, 0xE5, 0xAB, 0x25, 0xAB, 0x25, 0xAB, 0x14, 0x92, 0xA3,
        0x1E, 0x73, 0x0D, 0xB3, 0xC8, 0x75, 0xF5, 0x34, 0xCD, 0x5E, 0xF5, 0xAB, 0xB5, 0x96, 0xF2, 0xDD,
        0x4B, 0x1F, 0xBA, 0x70, 0xE1, 0x71, 0x4A, 0x69, 0x2F, 0x3C, 0x90, 0xF4, 0xE7, 0xD7, 0x5B, 0x55,
        0x35, 0x54, 0x4C, 0xC9, 0x91, 0x32, 0xC5, 0xE4, 0xC6, 0x46, 0x8E, 0x24, 0x81, 0xFA, 0x93, 0xF2,
        0x70, 0x02, 0x71, 0x3E, 0x43, 0x95, 0x9D, 0x34, 0x98, 0x8D, 0x33, 0x6F, 0x56, 0xF2, 0x10, 0xB6,
        0xDC, 0x4F, 0x54, 0xA3, 0xFC, 0x82, 0x97, 0x83, 0xC6, 0xFD, 0x38, 0xD6, 0xF3, 0xC2, 0x89, 0x5E,
        0xCA, 0xC8, 0xCC, 0x80, 0x54, 0xF6, 0x98, 0xEB, 0xA5, 0xC4, 0xA9, 0x5B, 0xC1, 0xF3, 0xA6, 0x36,
        0x54, 0x04, 0x36, 0xC3, 0xC5, 0xC5, 0xF9, 0x9B, 0xF4, 0x7D, 0x6A, 0x8E, 0xC9, 0xD9, 0x94, 0xB4,
        0x0D, 0x93, 0x49, 0x5C, 0x27, 0x63, 0xA9, 0xA6, 0xD2, 0x84, 0x84, 0xB8, 0x7F, 0x1B, 0x1F, 0x23,
        0xC0, 0xCD, 0x41, 0x2C, 0xB8, 0xF3, 0x0A, 0x72, 0x53, 0xCF, 0xBA, 0x55, 0xE7, 0x11, 0xE7, 0xEC,
        0xBB, 0x6F, 0x9E, 0x76, 0x5C, 0xD6, 0xB9, 0xF5, 0x25, 0x67, 0xC2, 0x96, 0xEA, 0x96, 0x56, 0xAF,
        0x38, 0x09, 0xC4, 0xFE, 0x1A, 0x50, 0xF9, 0x24, 0xA7, 0x22, 0xB3, 0x21, 0x0F, 0x45, 0x81, 0x29,
        0x9C, 0x93, 0x15, 0x70, 0x97, 0xFB, 0x39, 0xE9, 0x78, 0x47, 0x53, 0x49, 0x76, 0x3C, 0xB9, 0x71,
        0x6C, 0xEB, 0xED, 0x56, 0xE4, 0x86, 0x1E, 0x8C, 0xE3, 0x98, 0x71, 0x3F, 0x94, 0xED, 0xE3, 0x03,
        0x84, 0x86, 0x6A, 0x6C, 0xE4, 0xE2, 0x39, 0x1E, 0x8D, 0x60, 0xF1, 0xDD, 0x08, 0x54, 0xE5, 0x93,
        0x8D, 0xFE, 0x88, 0x3F, 0x5C, 0x99, 0x6B, 0x82, 0x53, 0xD1, 0xD7, 0x52, 0xB4, 0xDB, 0x63, 0xFD,
        0x88, 0x57, 0x80, 0xEA, 0x93, 0xE2, 0xA5, 0x9A, 0xF7, 0xAC, 0x5E, 0xEB, 0x39, 0x8B, 0x2B, 0x09,
        0x1D, 0x04, 0x15, 0x21, 0x17, 0xF4, 0xF1, 0x66, 0x52, 0x5D, 0xD7, 0xD7, 0xAE, 0xA1, 0xD8, 0x50,
        0x40, 0xBB, 0x83, 0x1A, 0x5D, 0x57, 0x51, 0x09, 0x56, 0x17, 0x4B, 0x4B, 0xD6, 0x0B, 0x07, 0xC1,
        0x18, 0x09, 0x18, 0x82, 0x0A, 0xB9, 0xDA, 0x38, 0x75, 0xB0, 0x5A, 0xD2, 0x24, 0x6B, 0xC9, 0xE5,
        0x49, 0x32, 0xDF, 0xDE, 0x71, 0xF3, 0x8D, 0x2C, 0x6A, 0xEA, 0xFC, 0x17, 0xA5, 0x95, 0xB5, 0xC8,
        0x73, 0xF3, 0xBA, 0x7B, 0x5B, 0x84, 0x7A, 0xC3, 0x91, 0x90, 0x9E, 0x43, 0x91, 0xEC, 0x29, 0x3D,
        0x5D, 0xCD, 0x53, 0x5D, 0xA7, 0x99, 0xA4, 0xA9, 0x99, 0xDF, 0xF7, 0x7E, 0xB3, 0xAE, 0x62, 0x37,
        0xAF, 0x69, 0x6A, 0x6D, 0x27, 0xB1, 0x55, 0x5A, 0xBE, 0xFF, 0x00, 0xA0, 0x87, 0xC0, 0x50, 0xCD,
        0xB3, 0xB4, 0xF5, 0xF3, 0xD5, 0xDC, 0x97, 0x19, 0xCB, 0x4D, 0xE6, 0x7A, 0xEE, 0x7F, 0xF8, 0x2B,
        0xFF, 0x00, 0x59, 0x71, 0x55, 0x76, 0x90, 0xBD, 0xA7, 0x45, 0x4D, 0x45, 0x3B, 0xD7, 0xFC, 0xCB,
        0x7D, 0x1F, 0x43, 0xEC, 0x4E, 0x06, 0x96, 0x3D, 0x05, 0x33, 0x5F, 0x6D, 0xB3, 0x00, 0xBF, 0x22,
        0xCE, 0x47, 0xE6, 0xE2, 0x49, 0x32, 0x42, 0xFE, 0x72, 0x8F, 0x95, 0x21, 0x7E, 0x03, 0x8E, 0x79,
        0xFE, 0x9E, 0x90, 0x5B, 0x62, 0xCF, 0xBF, 0x43, 0x8D, 0xF6, 0x95, 0x74, 0x3D, 0x15, 0xA3, 0x3E,
        0x96, 0x41, 0x6D, 0x1C, 0x69, 0x27, 0xDA, 0xD6, 0xFD, 0x81, 0xA1, 0xEE, 0x28, 0xF9, 0x84, 0xD4,
        0x74, 0x51, 0xB7, 0x1E, 0xDF, 0xEF, 0xAE, 0xB9, 0x0A, 0xEB, 0x2E, 0x83, 0xA2, 0xE3, 0x25, 0x43,
        0x8E, 0xF3, 0xA9, 0xF5, 0x27, 0x5D, 0x58, 0xBE, 0xEB, 0x97, 0xB5, 0x94, 0xC5, 0x2C, 0xCF, 0x77,
        0xFF, 0x00, 0xE9, 0xF0, 0x3C, 0xFC, 0xBA, 0x0E, 0x3B, 0x81, 0xA5, 0xE9, 0x20, 0xD7, 0x5C, 0x57,
        0x3D, 0xC9, 0xF5, 0x54, 0xCE, 0x20, 0xCD, 0xB2, 0x7F, 0xF3, 0x35, 0xED, 0xE4, 0x05, 0xFC, 0xE4,
        0x2B, 0xE6, 0x7F, 0x5F, 0xE9, 0x43, 0x79, 0x3E, 0x86, 0xCE, 0x57, 0x7D, 0xEB, 0xFE, 0x83, 0x2C,
        0x3D, 0xA3, 0x5B, 0x0E, 0xAB, 0xD7, 0xFD, 0xD5, 0x6F, 0x2C, 0x8A, 0x0E, 0xBE, 0x0D, 0x5F, 0x6B,
        0xDC, 0xF4, 0xD1, 0x7A, 0x3B, 0xDE, 0x2B, 0xDA, 0x89, 0xA4, 0xAC, 0x67, 0xB1, 0x82, 0xDF, 0xB0,
        0x2D, 0xBD, 0x89, 0xEB, 0xEB, 0xA7, 0xED, 0x7A, 0x3F, 0x5B, 0xC8, 0xAD, 0x63, 0xD8, 0xB5, 0x2D,
        0xF0, 0x9E, 0xBD, 0xF6, 0x0B, 0x3C, 0xB3, 0x08, 0xEC, 0x7E, 0xEE, 0xE7, 0xAB, 0xED, 0xA8, 0x3A,
        0x3B, 0xFE, 0xDB, 0xDA, 0x0E, 0xDD, 0x35, 0x4F, 0xDB, 0x74, 0x15, 0xF6, 0x9D, 0xDF, 0x53, 0x49,
        0xD8, 0xBF, 0x5D, 0x20, 0x35, 0x2A, 0x7D, 0x92, 0x18, 0x0E, 0x39, 0xE4, 0xA5, 0x7F, 0x39, 0x2A,
        0xF9, 0x9F, 0xD7, 0xFB, 0x2A, 0xC7, 0x0B, 0x76, 0x11, 0xA6, 0x1F, 0xE6, 0x5F, 0x96, 0x64, 0xC9,
        0x5A, 0xFF, 0x00, 0x29, 0x57, 0xCE, 0x42, 0xBE, 0x7F, 0xD9, 0xC6, 0x50, 0x4C, 0x96, 0xE7, 0x29,
        0x32, 0x99, 0xF8, 0xB2, 0xB5, 0x7E, 0x52, 0xBF, 0x9B, 0xA9, 0xFF, 0x00, 0x66, 0xA3, 0x35, 0x19,
        0xA8, 0xCD, 0x46, 0x6A, 0x33, 0x51, 0x9A, 0x8C, 0xD4, 0x66, 0xA3, 0x35, 0x19, 0xA8, 0xCD, 0x46,
        0x6A, 0x33, 0x51, 0x9A, 0x8C, 0xD4, 0x66, 0xA3, 0x35, 0x19, 0xA8, 0xC0, 0x91, 0x9A, 0x8C, 0xF0,
        0x35, 0x50, 0xFC, 0xA1, 0x23, 0x7F, 0xFF, 0xDA, 0x00, 0x08, 0x01, 0x02, 0x02, 0x06, 0x3F, 0x00,
        0x6B, 0xFF, 0xDA, 0x00, 0x08, 0x01, 0x03, 0x02, 0x06, 0x3F, 0x00, 0x6B, 0xFF, 0xDA, 0x00, 0x08,
        0x01, 0x01, 0x01, 0x06, 0x3F, 0x00, 0x6F, 0x39, 0xAE, 0x91, 0x36, 0x6C, 0x49, 0xCB, 0xCF, 0x8E,
        0x56, 0xC7, 0x37, 0x0D, 0x62, 0x62, 0x67, 0x5D, 0x43, 0xC3, 0x26, 0x9A, 0xFC, 0x43, 0xD3, 0xCB,
        0x04, 0x13, 0x4B, 0x0C, 0xC0, 0x01, 0x71, 0x69, 0x92, 0x41, 0xEC, 0xFC, 0xDA, 0x87, 0xA6, 0xAD,
        0xC0, 0x77, 0x2B, 0x23, 0xAF, 0x6A, 0xA2, 0x6D, 0x96, 0x4F, 0xB0, 0xB5, 0x2E, 0x36, 0x10, 0x22,
        0x08, 0xEC, 0x00, 0x63, 0xA8, 0xDF, 0xC5, 0xBC, 0x7F, 0xB0, 0xC5, 0x3C, 0x89, 0xA6, 0x39, 0xC6,
        0xA8, 0xDB, 0xCA, 0x2A, 0x1C, 0xC3, 0x63, 0x1C, 0xE7, 0x4A, 0x28, 0xBD, 0xFB, 0x4A, 0x7E, 0xD2,
        0xD1, 0x49, 0x14, 0xAB, 0xAE, 0xC2, 0xA4, 0x58, 0x8A, 0x5F, 0x38, 0xA6, 0xF3, 0x9A, 0xE8, 0x99,
        0xD1, 0x80, 0x72, 0x7A, 0x74, 0xAA, 0x85, 0x98, 0xDB, 0x76, 0x30, 0xF8, 0xB3, 0xFD, 0xAC, 0x76,
        0xAC, 0x9E, 0xA0, 0xAE, 0x18, 0x65, 0x43, 0x14, 0x4B, 0x18, 0x1B, 0x43, 0x44, 0x64, 0x6D, 0x6C,
        0xDE, 0x2D, 0x5C, 0xCA, 0xEA, 0x39, 0xF9, 0x72, 0x2C, 0xB9, 0x73, 0x5D, 0x63, 0x64, 0x06, 0xCB,
        0x1D, 0xF5, 0xE9, 0xDE, 0xF1, 0xC8, 0xFC, 0x75, 0x24, 0xEF, 0xB5, 0xE5, 0x62, 0xC7, 0xF3, 0xFC,
        0x25, 0x8A, 0x25, 0x2F, 0x23, 0x90, 0xA8, 0x8A, 0x2E, 0x49, 0x3D, 0x80, 0x57, 0x37, 0xA8, 0x64,
        0x47, 0x86, 0x7F, 0x95, 0x63, 0x2B, 0xFD, 0x6E, 0x59, 0xD0, 0xBF, 0x6E, 0x9B, 0x5E, 0x7B, 0xB6,
        0x91, 0x7B, 0x08, 0xC2, 0x93, 0xB7, 0xDA, 0x76, 0xAB, 0x42, 0xFC, 0xF4, 0x22, 0xF7, 0xB5, 0x8F,
        0xD9, 0xAD, 0xA2, 0xDF, 0x0D, 0xB1, 0x89, 0x1F, 0x78, 0xC2, 0x25, 0x57, 0xBC, 0xE8, 0x3B, 0xF1,
        0x37, 0xED, 0x25, 0x2C, 0x2A, 0x8C, 0x33, 0x71, 0x99, 0xC0, 0x8E, 0xC7, 0x51, 0x2A, 0xE6, 0x64,
        0x28, 0x0F, 0x85, 0xAF, 0x58, 0xC1, 0x3D, 0xE2, 0x4C, 0x91, 0xB4, 0xE0, 0x5F, 0x66, 0x9D, 0xE9,
        0x75, 0xFD, 0x5A, 0x9F, 0x96, 0x02, 0xA0, 0x94, 0x85, 0x51, 0xD8, 0x00, 0x3D, 0xD4, 0xDE, 0x73,
        0x5D, 0x39, 0x53, 0xB4, 0xC2, 0x24, 0x6B, 0x6C, 0xDE, 0x90, 0xB4, 0xAD, 0xFB, 0x75, 0x75, 0x62,
        0x85, 0xBB, 0x1B, 0xBC, 0x0F, 0xAD, 0x46, 0x2C, 0x57, 0xD7, 0x2D, 0xEE, 0xBA, 0xDB, 0xB7, 0xE9,
        0x35, 0x6A, 0xCB, 0xCD, 0xC7, 0x89, 0xAD, 0xC1, 0x72, 0x4F, 0xA7, 0x45, 0x14, 0xD4, 0xAF, 0x6E,
        0xC6, 0x43, 0x70, 0x7E, 0x0C, 0x1D, 0x66, 0x51, 0xAB, 0x2B, 0x21, 0x98, 0x63, 0x13, 0xD9, 0x1A,
        0x0B, 0xC7, 0xAC, 0x0F, 0xE6, 0xC9, 0x4C, 0x13, 0x78, 0xF7, 0xFC, 0x67, 0xE3, 0xAE, 0xCE, 0xFA,
        0x0C, 0xAC, 0xC1, 0x97, 0x6A, 0x90, 0x4E, 0xC3, 0x45, 0x27, 0x23, 0x98, 0x82, 0xE1, 0xBB, 0x35,
        0x0F, 0x10, 0x3E, 0xD5, 0x06, 0x1D, 0x84, 0x5C, 0x7C, 0x16, 0x94, 0xCB, 0x14, 0x10, 0xAB, 0x69,
        0x32, 0x4A, 0xE1, 0x45, 0xED, 0xAA, 0xCA, 0xBC, 0x6D, 0x51, 0x4D, 0x93, 0x3A, 0xB6, 0x24, 0x8A,
        0xD1, 0xC9, 0x2A, 0x5C, 0xAD, 0x98, 0x1D, 0x1F, 0xF9, 0x15, 0x6B, 0x1F, 0x0D, 0xC0, 0x59, 0x1D,
        0x39, 0xBC, 0xC1, 0xC0, 0x05, 0xF8, 0x39, 0x9C, 0x34, 0x1F, 0x66, 0xB6, 0x2C, 0xD2, 0x37, 0xEA,
        0xE9, 0xA7, 0xB1, 0xB8, 0x12, 0xB8, 0xBF, 0x99, 0xDA, 0x9B, 0xCE, 0x6B, 0x14, 0x44, 0x9A, 0xDA,
        0x10, 0x60, 0x65, 0x26, 0xC2, 0xF1, 0xEC, 0xBF, 0xD8, 0x29, 0x45, 0xA7, 0x1C, 0xB5, 0x41, 0xBC,
        0xDB, 0x08, 0x1B, 0x29, 0xA3, 0xC0, 0x50, 0xA9, 0x6B, 0x09, 0x98, 0x5A, 0xFF, 0x00, 0x41, 0x68,
        0xCB, 0x33, 0x19, 0x24, 0x63, 0x76, 0x66, 0x37, 0x27, 0xE1, 0x62, 0xAD, 0xEC, 0xD1, 0xB4, 0x91,
        0xA9, 0xFA, 0x2E, 0x5B, 0x65, 0xBD, 0x97, 0xA7, 0x82, 0x18, 0x92, 0x61, 0x19, 0xD2, 0xD2, 0xC9,
        0x20, 0x41, 0x7F, 0x66, 0xF5, 0x3E, 0x7B, 0xC2, 0x34, 0xC4, 0x2F, 0xA5, 0x76, 0x83, 0x61, 0xE1,
        0xF9, 0xF4, 0x27, 0x18, 0xE8, 0x98, 0xD2, 0x5C, 0xA1, 0x77, 0xB3, 0x30, 0x1E, 0x45, 0xA6, 0x2A,
        0xA5, 0x05, 0xF8, 0x6F, 0x7B, 0x7D, 0x6A, 0x88, 0xA1, 0xBA, 0xE8, 0x5B, 0x11, 0xE6, 0xF8, 0x3B,
        0x45, 0xE9, 0x98, 0xC4, 0xAC, 0x1C, 0x58, 0xDF, 0xB3, 0xCF, 0xB2, 0x9B, 0x1C, 0x8D, 0x2F, 0x22,
        0x9D, 0x44, 0x76, 0x04, 0x24, 0x37, 0xBA, 0x45, 0xE2, 0xD7, 0x6D, 0x29, 0xF4, 0xE8, 0xFD, 0xE0,
        0xCA, 0xD3, 0x63, 0x20, 0x01, 0xDE, 0xE7, 0x51, 0x24, 0xEE, 0x29, 0xF1, 0x72, 0x97, 0x4C, 0x6C,
        0xF5, 0x1C, 0xAF, 0xC5, 0x2B, 0x34, 0x87, 0xEB, 0x31, 0xAD, 0x1D, 0x9A, 0x9A, 0xDF, 0x29, 0xA7,
        0xC1, 0x9E, 0x37, 0xE7, 0x63, 0xCF, 0x20, 0x6D, 0x0A, 0x08, 0x21, 0x88, 0x74, 0x7D, 0x4C, 0x57,
        0x89, 0x4D, 0x4B, 0x8C, 0x89, 0x22, 0xEA, 0x65, 0x22, 0xE0, 0x5B, 0xEB, 0x6F, 0x50, 0xF8, 0x68,
        0x55, 0xF5, 0x27, 0x2D, 0x4D, 0xB6, 0x0D, 0x36, 0x3C, 0xB6, 0x8D, 0x74, 0xFC, 0xDE, 0x5E, 0xF5,
        0x18, 0xF1, 0xE2, 0x88, 0x2A, 0x5D, 0x9A, 0x49, 0x10, 0x31, 0x5B, 0x9D, 0x5A, 0xD9, 0xF7, 0x57,
        0x57, 0xD3, 0xA6, 0x5C, 0xDC, 0x81, 0x19, 0x95, 0x48, 0x44, 0xBF, 0x64, 0x63, 0x63, 0xC8, 0xF6,
        0x1B, 0xAC, 0xDF, 0xC3, 0xA9, 0x7A, 0x5B, 0xCE, 0xDF, 0x77, 0x0E, 0xDF, 0x74, 0x91, 0xAC, 0x40,
        0x5F, 0xE5, 0xFB, 0x34, 0xE2, 0x06, 0x69, 0x16, 0xD7, 0x2E, 0xC2, 0xC4, 0x93, 0xB7, 0x84, 0x54,
        0x2A, 0x45, 0x88, 0x8D, 0x41, 0x1F, 0x98, 0x7C, 0x31, 0x0E, 0x66, 0x3C, 0xB9, 0x32, 0xAA, 0x7B,
        0x9D, 0x2C, 0x15, 0x02, 0x13, 0xC2, 0xDA, 0xB7, 0xF7, 0x5B, 0x55, 0x18, 0xBA, 0x5F, 0x4E, 0x0B,
        0x1A, 0x46, 0x56, 0xC0, 0x34, 0xB6, 0x1B, 0x75, 0x3E, 0x94, 0x0A, 0xBB, 0xAA, 0xD5, 0x8E, 0xCD,
        0xDB, 0xB4, 0x0F, 0x30, 0x62, 0x05, 0x01, 0x20, 0xF7, 0x31, 0xBB, 0x6B, 0x92, 0xF7, 0xEC, 0xBE,
        0xD5, 0x51, 0x53, 0xB3, 0xBD, 0x9A, 0x49, 0x09, 0x45, 0x00, 0x93, 0xA7, 0x62, 0xA6, 0xAF, 0x92,
        0xB9, 0x8A, 0xFB, 0xBB, 0x08, 0xB8, 0x37, 0xA5, 0x63, 0xDA, 0x40, 0x27, 0xE1, 0xB6, 0x2E, 0x42,
        0x16, 0x86, 0x69, 0x01, 0x12, 0xDC, 0xFB, 0xA0, 0x46, 0x89, 0x5B, 0x97, 0xE2, 0xD7, 0xEE, 0xE9,
        0x55, 0x37, 0x81, 0x72, 0x55, 0x2F, 0x65, 0x6D, 0x9A, 0x84, 0xAC, 0xDF, 0x37, 0x6D, 0x59, 0x9A,
        0x30, 0xA3, 0xB8, 0x23, 0x38, 0xFA, 0xDA, 0x8A, 0x2D, 0x04, 0x9D, 0x92, 0x38, 0xD9, 0xB4, 0xBB,
        0xC4, 0x86, 0x3B, 0x13, 0xE2, 0xD3, 0xA9, 0x96, 0xA5, 0x63, 0x73, 0x8D, 0x0B, 0x5A, 0xF7, 0xED,
        0xB1, 0xF7, 0x6B, 0x7F, 0xAB, 0xFF, 0x00, 0x02, 0x22, 0x42, 0x99, 0x09, 0x36, 0xB8, 0x05, 0xAD,
        0xF1, 0x5E, 0x99, 0x20, 0xC9, 0x96, 0x24, 0x70, 0x55, 0x95, 0x18, 0xA8, 0x20, 0xF6, 0xA9, 0x51,
        0xBB, 0x52, 0x60, 0xCE, 0xE1, 0x51, 0x5A, 0xF0, 0xDF, 0x60, 0x04, 0x9B, 0x98, 0xEA, 0x55, 0x23,
        0x68, 0x63, 0xDB, 0xF1, 0xED, 0xA3, 0x6A, 0xD9, 0xDD, 0xB2, 0xA3, 0x3E, 0xC8, 0xFD, 0x14, 0x31,
        0x70, 0x62, 0x33, 0x4C, 0x45, 0xC8, 0x1B, 0x00, 0x03, 0xC6, 0xEE, 0xDB, 0xA8, 0xB5, 0xAF, 0x26,
        0x28, 0xD2, 0x3B, 0x81, 0xAF, 0x9A, 0x87, 0x69, 0xF2, 0x2E, 0xAD, 0x6D, 0xF6, 0x6A, 0x45, 0x59,
        0x54, 0x08, 0x9B, 0x41, 0x27, 0x65, 0xC8, 0xF2, 0x55, 0xCE, 0x44, 0x60, 0x0F, 0x3D, 0x59, 0x66,
        0x56, 0xF8, 0xC0, 0x35, 0x7E, 0x7A, 0x5B, 0xCA, 0x41, 0x02, 0xA7, 0xCD, 0x9A, 0x41, 0x3B, 0xC2,
        0x8C, 0xD1, 0xC6, 0xBC, 0x1A, 0x80, 0xDC, 0xD7, 0xAB, 0x79, 0xF7, 0xBC, 0x35, 0x14, 0xB8, 0x7B,
        0xB2, 0xC7, 0x08, 0x0F, 0x28, 0x22, 0xE8, 0xC0, 0x0B, 0xAC, 0xA8, 0xDC, 0x4B, 0xED, 0x53, 0x2E,
        0x46, 0x62, 0x40, 0x54, 0x5C, 0x07, 0x46, 0x5D, 0x43, 0xD8, 0x6D, 0xB1, 0xB7, 0xD4, 0xA2, 0xD2,
        0xB9, 0x66, 0x3B, 0x4D, 0xCD, 0xE8, 0xCB, 0x10, 0x0C, 0xAC, 0x2C, 0xF1, 0xB7, 0x61, 0x14, 0x16,
        0x74, 0x6C, 0x76, 0x3E, 0x23, 0xBC, 0x9F, 0x68, 0x7F, 0x86, 0xB5, 0x36, 0x4C, 0x64, 0x77, 0x05,
        0x3A, 0x8F, 0xD9, 0x5A, 0xB6, 0xB7, 0xF3, 0xE8, 0x34, 0xB0, 0xC3, 0x2E, 0xA9, 0x1F, 0x85, 0x48,
        0x22, 0xFE, 0xCE, 0xF7, 0x8B, 0xE0, 0x63, 0x8E, 0xED, 0x0C, 0x7D, 0x35, 0xA9, 0x5D, 0x97, 0x57,
        0xC6, 0x6D, 0x57, 0x61, 0x76, 0x72, 0x2E, 0x4F, 0x69, 0xDB, 0x59, 0x08, 0xDE, 0x09, 0x5C, 0x7C,
        0x86, 0xAF, 0x7B, 0x0A, 0xDD, 0x04, 0xDB, 0xBF, 0xBA, 0x91, 0x1C, 0x9D, 0x4A, 0x2C, 0x6C, 0x2B,
        0x24, 0xCF, 0x16, 0x44, 0x92, 0xCE, 0xCB, 0xCB, 0x31, 0x20, 0x20, 0x85, 0x0C, 0x34, 0x33, 0xB3,
        0xAE, 0x9D, 0xF7, 0xA4, 0x66, 0x51, 0x89, 0x1C, 0x28, 0xEB, 0x14, 0x77, 0x2C, 0x4E, 0xAD, 0xE6,
        0xE6, 0xB6, 0xC5, 0xD4, 0xDA, 0x57, 0x4D, 0x29, 0x04, 0xD9, 0x99, 0xB5, 0x7C, 0x64, 0x1E, 0xDA,
        0x02, 0xE4, 0x52, 0x6F, 0x70, 0x93, 0xE9, 0xAD, 0xD6, 0x23, 0x6D, 0xFE, 0x4A, 0x38, 0xED, 0x72,
        0xF2, 0xB8, 0x5D, 0x9D, 0xA4, 0x7C, 0x5F, 0x3A, 0xB2, 0x53, 0x22, 0xC8, 0x64, 0xD0, 0x11, 0x3C,
        0x6D, 0xA7, 0x56, 0xCE, 0x5F, 0x16, 0x9D, 0xEF, 0x15, 0x09, 0xB3, 0x5C, 0x95, 0xDB, 0xC9, 0x81,
        0x86, 0xEA, 0x83, 0xB2, 0xFC, 0xBA, 0xE6, 0x32, 0x04, 0xD2, 0x6E, 0x48, 0xEF, 0x51, 0x4A, 0xC1,
        0x34, 0x2B, 0x0D, 0x4A, 0xA7, 0x66, 0xC3, 0x56, 0xAB, 0x0E, 0xEA, 0xB7, 0x61, 0x14, 0x2C, 0x48,
        0x6E, 0xD0, 0x46, 0xCB, 0x11, 0x5C, 0xBC, 0x8D, 0x59, 0x2A, 0x0F, 0xBB, 0x24, 0xEF, 0x5B, 0xC4,
        0xA5, 0x8E, 0xF7, 0xD1, 0xA5, 0x75, 0xC9, 0x8C, 0x6A, 0x1C, 0x2C, 0xC1, 0x58, 0x7C, 0x4C, 0xAD,
        0x6A, 0xD5, 0x1B, 0x07, 0x5F, 0x2A, 0x90, 0x47, 0xEA, 0xD4, 0x6B, 0xDD, 0xCA, 0x16, 0xF9, 0x5A,
        0xF5, 0x6A, 0x53, 0xDF, 0x71, 0xFA, 0x6B, 0x35, 0x46, 0xC0, 0x66, 0x90, 0xFC, 0xA5, 0xAA, 0xD6,
        0xBD, 0xE8, 0xA2, 0xED, 0xEF, 0x6B, 0x76, 0x0B, 0x52, 0xCB, 0x27, 0x07, 0x68, 0x1E, 0x5B, 0x56,
        0x81, 0xE1, 0xE0, 0x27, 0xBC, 0x50, 0x6B, 0xEC, 0x1B, 0x3C, 0xD5, 0x18, 0x3B, 0x4A, 0xF6, 0x0A,
        0xB7, 0x69, 0x34, 0x4D, 0x37, 0x75, 0xBD, 0x55, 0x78, 0xC5, 0xC6, 0x36, 0xD4, 0x1E, 0x57, 0x3D,
        0xFF, 0x00, 0x56, 0xB9, 0xF3, 0x1E, 0x66, 0x43, 0xED, 0x03, 0xB4, 0xED, 0xEF, 0x34, 0x5E, 0x4D,
        0xAC, 0xC3, 0xE4, 0x14, 0xAA, 0xEA, 0x0C, 0x76, 0x2A, 0x45, 0xBC, 0xA0, 0xFA, 0xEB, 0x0D, 0x48,
        0x03, 0x4C, 0x5A, 0x7E, 0xCB, 0x32, 0xD1, 0x96, 0xF7, 0x15, 0xAA, 0xF7, 0x27, 0xB4, 0x55, 0x87,
        0xCB, 0xF9, 0x2D, 0xB2, 0xFD, 0xFE, 0x41, 0xF1, 0x57, 0x71, 0x3F, 0x25, 0x6A, 0x86, 0x46, 0x89,
        0xBC, 0xA8, 0x48, 0xFD, 0x15, 0xCC, 0x99, 0xCC, 0x92, 0xF6, 0x16, 0x63, 0x72, 0x6D, 0x56, 0xA5,
        0xBF, 0x94, 0x54, 0x99, 0xF9, 0xBC, 0xC5, 0x79, 0x4E, 0xD5, 0x89, 0xF6, 0x12, 0x3B, 0xD7, 0x75,
        0xA8, 0xFD, 0xCE, 0x4C, 0xA0, 0xE3, 0xB1, 0x65, 0xD2, 0xC8, 0x7E, 0xB2, 0x72, 0xA4, 0xA2, 0x84,
        0x6E, 0x8D, 0xBA, 0x57, 0xB0, 0xFE, 0x7E, 0x2A, 0xB9, 0xD9, 0xE4, 0x03, 0xB0, 0x0A, 0x06, 0xFD,
        0x94, 0x57, 0xE7, 0x51, 0x1D, 0xBA, 0x46, 0x91, 0x56, 0x35, 0xA7, 0xE5, 0xA0, 0x9C, 0xB7, 0x0D,
        0x30, 0x56, 0x89, 0x4A, 0x9B, 0xB8, 0x6E, 0x16, 0x8D, 0x6D, 0xAA, 0x45, 0x6F, 0x0E, 0x8A, 0x2D,
        0x91, 0x0C, 0x90, 0x4B, 0x33, 0x6E, 0x2C, 0x88, 0xCA, 0x6C, 0x37, 0x77, 0x43, 0x85, 0xD5, 0x4A,
        0x99, 0x11, 0xCB, 0x1C, 0xB2, 0xED, 0x45, 0x74, 0x60, 0xCD, 0xF4, 0x03, 0x28, 0xD5, 0x4B, 0x1C,
        0xB8, 0xF2, 0xC2, 0xEF, 0xB5, 0x23, 0x74, 0x65, 0x76, 0x1E, 0xC4, 0x6C, 0xBB, 0xD5, 0x23, 0xE2,
        0x06, 0x6D, 0x3B, 0xF2, 0x0D, 0x37, 0x1D, 0xC2, 0xEC, 0x57, 0x86, 0xB1, 0xF9, 0x70, 0x4B, 0x23,
        0x0D, 0x57, 0x08, 0x8C, 0x4E, 0x9D, 0x5C, 0x7B, 0xA3, 0xF7, 0x74, 0xB8, 0xD1, 0xE1, 0xE4, 0x12,
        0x06, 0xA2, 0x04, 0x52, 0x6D, 0xBF, 0x7F, 0x0F, 0x0D, 0x72, 0xA7, 0x8D, 0xA1, 0x92, 0xC2, 0xE9,
        0x22, 0x94, 0x6F, 0x64, 0xE8, 0x7B, 0x37, 0xC0, 0xD9, 0xB4, 0xD6, 0x96, 0x3D, 0xBD, 0xC2, 0x87,
        0x23, 0x12, 0x69, 0x01, 0xE1, 0x2A, 0x87, 0xFE, 0x55, 0xB7, 0xA7, 0xC8, 0xB7, 0xF9, 0xE5, 0x13,
        0xF6, 0xDD, 0x68, 0x37, 0xDD, 0x7B, 0xFB, 0x04, 0x91, 0x93, 0xFF, 0x00, 0xC9, 0x4C, 0x2F, 0xB3,
        0x6E, 0xCF, 0x8F, 0xF2, 0x2B, 0x8E, 0xF1, 0x58, 0xF3, 0xC9, 0x04, 0x72, 0x5C, 0x69, 0x75, 0x22,
        0xD7, 0xFA, 0xCB, 0xA5, 0xAA, 0x09, 0x7A, 0x6A, 0x18, 0xF5, 0xC4, 0xAF, 0x20, 0x0E, 0x58, 0x6A,
        0x6D, 0xED, 0x3B, 0xFA, 0xB8, 0x28, 0x7B, 0x3B, 0x4F, 0xE6, 0xAD, 0xBD, 0xB4, 0x58, 0xF1, 0x1E,
        0xCA, 0xC7, 0x8B, 0x3E, 0x5F, 0xBB, 0xE0, 0x97, 0x07, 0x2A, 0x63, 0x73, 0x68, 0xC6, 0xF4, 0x96,
        0xE5, 0x86, 0x6D, 0x6F, 0xA7, 0x96, 0x95, 0xD3, 0xBA, 0x83, 0x64, 0xBE, 0x34, 0xBD, 0x2B, 0x3D,
        0x1E, 0x35, 0x9E, 0x20, 0x9F, 0xE8, 0x9C, 0xFF, 0x00, 0xB6, 0x87, 0xEE, 0xC6, 0x7D, 0x7F, 0x73,
        0xD0, 0x8F, 0xEF, 0x34, 0x56, 0x3B, 0x43, 0x9C, 0xA2, 0x48, 0xFA, 0x99, 0xCD, 0x8A, 0x58, 0x93,
        0x23, 0x2E, 0x35, 0x8C, 0xAB, 0xA2, 0xC9, 0x90, 0xB9, 0xC1, 0x24, 0x5E, 0x2F, 0xF6, 0xF8, 0x52,
        0x56, 0x0E, 0x4E, 0x46, 0x5B, 0x34, 0x8B, 0x34, 0xCD, 0x2C, 0x58, 0xDC, 0xFC, 0x8C, 0x78, 0xF9,
        0x91, 0x3C, 0x51, 0xE7, 0xC6, 0x33, 0x53, 0x9F, 0x04, 0xE9, 0x33, 0xFF, 0x00, 0xB7, 0x49, 0x25,
        0xF7, 0x7E, 0xDD, 0x74, 0xF8, 0x7A, 0x87, 0x53, 0x5E, 0xA1, 0x2C, 0x59, 0xE7, 0x24, 0xE4, 0x8E,
        0x63, 0x08, 0x62, 0x30, 0xC9, 0x03, 0x0D, 0x73, 0xA2, 0x4D, 0xAF, 0x22, 0x67, 0x56, 0x78, 0xA3,
        0x4A, 0xEA, 0x98, 0xB9, 0x1D, 0x4B, 0x19, 0xC7, 0x51, 0xC6, 0x68, 0x60, 0x96, 0x31, 0x36, 0x84,
        0x61, 0x22, 0xC8, 0xA3, 0x27, 0x5C, 0x08, 0xC9, 0xCC, 0xF9, 0xE9, 0xCC, 0xAE, 0x88, 0xA9, 0x99,
        0xEE, 0xFA, 0x5A, 0x46, 0x33, 0x72, 0x21, 0xD6, 0x22, 0x23, 0x9D, 0xCF, 0x91, 0x57, 0x62, 0x49,
        0x34, 0x71, 0xC6, 0x7F, 0x97, 0x5F, 0x89, 0xDB, 0x2F, 0xA8, 0x5D, 0x33, 0x58, 0x8E, 0x9C, 0xD3,
        0xC9, 0x90, 0x88, 0x53, 0x9E, 0xF2, 0xE9, 0x49, 0x71, 0x43, 0xE4, 0xE3, 0xA7, 0x2F, 0xE6, 0x68,
        0xA9, 0x5D, 0x27, 0x4C, 0x84, 0x60, 0xA5, 0x5E, 0x39, 0x25, 0x95, 0x06, 0xCF, 0xDD, 0x89, 0xB3,
        0x82, 0xE4, 0xB6, 0x9F, 0x6E, 0xAF, 0xE5, 0xFC, 0x9B, 0x2B, 0x7A, 0xE4, 0x58, 0xEC, 0xF2, 0x9B,
        0x6E, 0xFE, 0xB5, 0x47, 0x3C, 0xB1, 0x2B, 0xE7, 0xBA, 0x86, 0x92, 0x47, 0x17, 0x28, 0x4F, 0xF0,
        0xE3, 0xBF, 0x06, 0x8A, 0x53, 0xFC, 0x67, 0x1A, 0x9D, 0xFB, 0xF6, 0xF8, 0x6F, 0x46, 0x30, 0xE5,
        0x09, 0xB9, 0x2C, 0xB6, 0xB8, 0x03, 0xE6, 0xDE, 0xF4, 0x2F, 0x34, 0x87, 0x6F, 0xF3, 0x1B, 0xFC,
        0x54, 0xFE, 0x73, 0xFA, 0x68, 0x50, 0x3E, 0x4A, 0x54, 0xBF, 0x0D, 0x2F, 0x4B, 0x86, 0x43, 0x14,
        0x00, 0x19, 0xB2, 0x65, 0x3B, 0x74, 0x46, 0x08, 0x56, 0x28, 0x3E, 0x7B, 0xB3, 0x68, 0x4A, 0x1D,
        0x2A, 0x6E, 0x99, 0x27, 0x53, 0xCD, 0x45, 0x06, 0x76, 0x27, 0x59, 0x5B, 0x8D, 0x4B, 0xCD, 0x69,
        0x24, 0x8A, 0x25, 0x76, 0x5D, 0xFD, 0x11, 0x25, 0x49, 0xD4, 0xBF, 0x0A, 0xA3, 0xF4, 0xFC, 0xB8,
        0x89, 0x4E, 0x4B, 0x92, 0x17, 0x98, 0x00, 0x7E, 0x4C, 0xD1, 0x33, 0x4A, 0xA9, 0xAD, 0x5B, 0x72,
        0x58, 0x5E, 0xBA, 0xA0, 0xEB, 0x38, 0x6B, 0x90, 0xF8, 0x8F, 0x12, 0x46, 0x1C, 0xB2, 0x94, 0x24,
        0x4B, 0xCD, 0x5F, 0x76, 0xC9, 0xE2, 0x4A, 0xCA, 0xE8, 0xF9, 0x38, 0xCB, 0x26, 0x02, 0x49, 0x96,
        0xAB, 0x01, 0x2C, 0x00, 0x11, 0xB1, 0x58, 0x97, 0x52, 0xB6, 0xBD, 0xCF, 0xA5, 0x51, 0xF5, 0x3E,
        0x87, 0x07, 0x26, 0x3C, 0x6F, 0xF7, 0xB8, 0xC8, 0x59, 0xB5, 0x46, 0x37, 0xB9, 0xF1, 0xEB, 0x2E,
        0xDA, 0xA3, 0xFE, 0x2F, 0xFD, 0x2F, 0xE9, 0xD6, 0x4E, 0x3E, 0x6C, 0x02, 0x78, 0x61, 0x80, 0x34,
        0x6B, 0xA9, 0x94, 0x02, 0x5B, 0x4D, 0xFD, 0xDB, 0x2F, 0x86, 0x9B, 0xA3, 0x34, 0x37, 0xC0, 0x13,
        0xBA, 0x72, 0x2E, 0xD6, 0xD2, 0x21, 0x32, 0xAA, 0xEB, 0xD5, 0xAF, 0x8F, 0xDB, 0xA8, 0xF0, 0xF2,
        0xBA, 0x34, 0xB3, 0x49, 0x2C, 0x7C, 0xD5, 0x30, 0x96, 0x65, 0x03, 0x53, 0x26, 0xDD, 0x79, 0x09,
        0xBD, 0xB9, 0x59, 0x30, 0x74, 0xCE, 0x93, 0x36, 0x3E, 0x73, 0xC6, 0xCB, 0x8F, 0x2B, 0x1D, 0x8B,
        0x27, 0x81, 0x8F, 0xFA, 0x97, 0xE1, 0x6F, 0x62, 0xB0, 0x72, 0xF3, 0xB0, 0x92, 0x59, 0xF2, 0x23,
        0xB4, 0xB2, 0x33, 0xB8, 0xD4, 0x4B, 0x32, 0x0E, 0x19, 0x15, 0x77, 0xAB, 0x2B, 0xA7, 0x2A, 0xE9,
        0x84, 0x37, 0x37, 0x15, 0x8D, 0xF6, 0xC3, 0x26, 0xF4, 0x5F, 0x4B, 0x97, 0xBD, 0x0F, 0xF9, 0x55,
        0x95, 0xD5, 0x7A, 0xD4, 0x02, 0x6C, 0x72, 0xE2, 0x0C, 0x54, 0x76, 0x65, 0x5B, 0xAF, 0xEF, 0xA5,
        0xDC, 0x64, 0xF1, 0xB2, 0x44, 0x9F, 0xE6, 0x56, 0x0C, 0x3D, 0x2F, 0x19, 0x71, 0xA3, 0x9E, 0x27,
        0x69, 0x02, 0x96, 0x6B, 0xB0, 0x60, 0x14, 0xEF, 0xB3, 0xD4, 0x70, 0xCE, 0xBA, 0xB0, 0x31, 0x57,
        0x9D, 0x96, 0x36, 0x80, 0x54, 0x1B, 0x47, 0x0E, 0xA0, 0x7F, 0x8D, 0x27, 0xFE, 0x3E, 0x65, 0x1E,
        0xAB, 0xF8, 0x7F, 0x19, 0x61, 0x6C, 0x29, 0x0F, 0xDE, 0x84, 0x6C, 0xCF, 0xAA, 0x3B, 0xF2, 0xA5,
        0xE3, 0x79, 0x37, 0xF1, 0xA5, 0x5D, 0xEF, 0xF3, 0x6B, 0x0D, 0x0E, 0xD0, 0x66, 0x4B, 0xFE, 0x63,
        0xAA, 0xA3, 0x87, 0xB9, 0x9A, 0xED, 0xE6, 0x1B, 0x4D, 0x1B, 0x76, 0x77, 0x53, 0x00, 0x7B, 0x00,
        0x1F, 0xA4, 0xFF, 0x00, 0x7D, 0x0F, 0x38, 0xA7, 0x1E, 0x52, 0x6A, 0xDF, 0x97, 0xA9, 0xC6, 0x6D,
        0xCC, 0x68, 0x23, 0x65, 0x1D, 0xFA, 0x55, 0xC8, 0x7F, 0xDB, 0x8E, 0xBA, 0xAA, 0xCA, 0x08, 0x2D,
        0x30, 0x61, 0x7F, 0x9A, 0xC8, 0x8C, 0x9F, 0xA9, 0x4F, 0x37, 0x49, 0xC4, 0x9F, 0x22, 0x14, 0x6D,
        0x0E, 0xF1, 0x1B, 0x00, 0xF6, 0x0D, 0xA4, 0xEF, 0x2F, 0x85, 0xAB, 0xAC, 0xC6, 0xC0, 0x87, 0x49,
        0x20, 0x0E, 0x0F, 0x6E, 0xA0, 0x27, 0xD5, 0x59, 0xD7, 0xEC, 0x12, 0xE7, 0x5B, 0xED, 0xB5, 0x3E,
        0x26, 0x73, 0xFF, 0x00, 0xF9, 0x39, 0x50, 0x42, 0x25, 0xD4, 0x76, 0x44, 0xE4, 0xC8, 0xBC, 0xF4,
        0x53, 0xE1, 0xF0, 0xE4, 0x7D, 0xBF, 0x05, 0x65, 0xE7, 0xE1, 0x15, 0x3D, 0x33, 0x36, 0x00, 0x62,
        0x45, 0x23, 0xDD, 0xC9, 0xAF, 0x5B, 0x22, 0x5B, 0x8A, 0x07, 0x5D, 0xF8, 0xBE, 0xC5, 0x36, 0xC7,
        0xD0, 0x72, 0x64, 0xB1, 0xF0, 0x5F, 0xEE, 0xC6, 0xA1, 0x8B, 0xAF, 0x74, 0xD6, 0xCD, 0xC8, 0x6C,
        0x70, 0xF1, 0x3A, 0xDF, 0x83, 0x5B, 0xAF, 0x2B, 0x8D, 0x3C, 0x5A, 0x9E, 0x92, 0x2E, 0x87, 0xD1,
        0xDF, 0x03, 0x24, 0x48, 0x19, 0xE5, 0x24, 0x58, 0xA0, 0x0C, 0x34, 0x6C, 0x91, 0xFC, 0x6C, 0x8D,
        0x4B, 0x93, 0x01, 0x31, 0xCB, 0x16, 0x27, 0x3A, 0x36, 0x1D, 0xAA, 0xD1, 0xC9, 0xCE, 0x46, 0xFA,
        0xAC, 0x95, 0xD2, 0xBA, 0xFF, 0x00, 0x4A, 0x4D, 0x59, 0xC0, 0xAC, 0x52, 0xC6, 0xBE, 0x49, 0x19,
        0x61, 0x9E, 0x36, 0xF6, 0x71, 0xB2, 0x77, 0xFF, 0x00, 0xA5, 0xCC, 0x92, 0xBF, 0x0B, 0xFE, 0x0C,
        0xC0, 0x6B, 0x5E, 0x68, 0x65, 0xC9, 0x23, 0x61, 0x31, 0xC2, 0xDA, 0xD7, 0x5F, 0xFF, 0x00, 0x67,
        0x25, 0x1E, 0x67, 0xFE, 0x95, 0x74, 0xCF, 0xE8, 0x49, 0xFB, 0x6B, 0x4F, 0x3C, 0x10, 0x09, 0x3A,
        0xC6, 0x7C, 0x67, 0x20, 0x46, 0xC4, 0x2E, 0xF1, 0x5F, 0xF4, 0x70, 0x3B, 0xB7, 0x0A, 0xA2, 0xEF,
        0xBF, 0xF5, 0x24, 0xAC, 0xFE, 0x95, 0xF8, 0x96, 0x05, 0x7C, 0x7C, 0x87, 0x69, 0x11, 0x8C, 0x8B,
        0x26, 0xAE, 0x76, 0xAF, 0xBD, 0xC4, 0xFA, 0x18, 0xF1, 0xB7, 0xBC, 0xFF, 0x00, 0x32, 0x4A, 0x93,
        0x19, 0x81, 0x64, 0xC4, 0x94, 0x3C, 0x25, 0xBC, 0x70, 0xB6, 0xF4, 0x6D, 0xF4, 0xB9, 0x4D, 0xFF,
        0x00, 0x72, 0x9C, 0xF6, 0x8E, 0x51, 0x65, 0x3E, 0x72, 0xB4, 0xDB, 0x6A, 0x46, 0xF2, 0xB1, 0xF4,
        0x6E, 0xFF, 0x00, 0x75, 0x2F, 0x9C, 0x53, 0x79, 0xCD, 0x1F, 0xCB, 0x17, 0x52, 0xC0, 0x6D, 0x33,
        0x45, 0xB0, 0xA9, 0xDA, 0xAE, 0x87, 0x8E, 0x29, 0x17, 0xC4, 0x8F, 0x51, 0xCF, 0xF8, 0x8F, 0xA2,
        0xCB, 0xF7, 0xC4, 0x50, 0xA5, 0xE3, 0xB3, 0x6C, 0x1E, 0x1E, 0x6A, 0x4B, 0x8D, 0x2B, 0x27, 0xF5,
        0x16, 0x9B, 0xA4, 0xFE, 0x12, 0xC0, 0x3D, 0x3A, 0x16, 0x04, 0x09, 0xDF, 0x48, 0x65, 0xD5, 0xC6,
        0xF1, 0xC4, 0x86, 0x4D, 0x53, 0x37, 0xF3, 0xA5, 0x96, 0xB3, 0x97, 0x36, 0x19, 0xB2, 0x3E, 0xF6,
        0xD1, 0x94, 0x30, 0x85, 0x36, 0xE5, 0x89, 0x35, 0x6B, 0xE6, 0xBC, 0x7C, 0x5C, 0xCA, 0xCA, 0xFC,
        0x43, 0x34, 0x32, 0xBE, 0x36, 0x43, 0xE4, 0x32, 0xC4, 0x9A, 0x79, 0x80, 0x4C, 0xC5, 0x93, 0x56,
        0xA6, 0x54, 0xDD, 0xF1, 0x6F, 0xD7, 0xFE, 0xCB, 0x0E, 0x29, 0x21, 0x8F, 0x92, 0x91, 0x69, 0x98,
        0x2E, 0xAB, 0xA9, 0x7B, 0x9D, 0xC6, 0x75, 0xF1, 0xD7, 0xFE, 0xB3, 0xAB, 0xC3, 0x36, 0x5C, 0x70,
        0x58, 0x62, 0x49, 0x16, 0x92, 0xCA, 0x9F, 0xC9, 0x93, 0x98, 0xC9, 0xB8, 0x9F, 0xC2, 0xFB, 0x14,
        0xDF, 0x8A, 0x4C, 0x33, 0x1C, 0x33, 0x23, 0x3F, 0x20, 0x69, 0xE6, 0x6F, 0x42, 0x71, 0xFE, 0x77,
        0x2F, 0x8F, 0xDB, 0xA4, 0xC8, 0xEA, 0x9D, 0x17, 0x27, 0x2A, 0x58, 0xD7, 0x96, 0x8E, 0xE1, 0x2E,
        0x16, 0xE5, 0xB4, 0xEE, 0xE4, 0x2F, 0x89, 0xAB, 0x26, 0x0E, 0x9F, 0xD0, 0x65, 0xC7, 0xCC, 0x92,
        0x36, 0x5C, 0x79, 0x9A, 0xD6, 0x47, 0x23, 0x71, 0xCF, 0xBF, 0x7E, 0x1F, 0xA3, 0x47, 0xF0, 0xD1,
        0xC6, 0xC8, 0x39, 0x47, 0x15, 0xF1, 0xF9, 0xA0, 0x27, 0x2F, 0x53, 0x6A, 0xB3, 0x7E, 0xF3, 0x5E,
        0x8D, 0xEF, 0x99, 0x59, 0x58, 0x79, 0xF1, 0x4B, 0x91, 0x8B, 0x33, 0x09, 0x61, 0x58, 0xB4, 0x92,
        0x8F, 0x6D, 0x12, 0xFE, 0xF1, 0x93, 0x76, 0x45, 0xE5, 0xFD, 0x8A, 0x4F, 0xC4, 0xF9, 0xA8, 0xEF,
        0x0A, 0x4F, 0xAD, 0x61, 0x5B, 0x16, 0x58, 0x94, 0x18, 0xE1, 0x89, 0x75, 0x15, 0x4D, 0xC4, 0xAE,
        0x95, 0x9D, 0x36, 0x36, 0x48, 0xC0, 0xC1, 0xBF, 0xDE, 0x61, 0x60, 0x9A, 0xE4, 0x1A, 0x84, 0x8A,
        0x89, 0xEF, 0x34, 0x68, 0x7D, 0x3A, 0x24, 0xDE, 0xAC, 0x58, 0x3A, 0x19, 0xC9, 0xE9, 0xD1, 0xC4,
        0xCC, 0xF3, 0xBE, 0xBE, 0x5B, 0xB1, 0xB6, 0x98, 0xD0, 0x1C, 0x77, 0x3E, 0xED, 0x77, 0xFC, 0x55,
        0x8B, 0x9B, 0x3E, 0x7E, 0x56, 0x4C, 0x30, 0x48, 0xAD, 0x2C, 0x12, 0x4C, 0xEC, 0xAE, 0x9D, 0x92,
        0x47, 0xA5, 0xDB, 0x46, 0xF2, 0x56, 0x0B, 0x74, 0xFC, 0x6C, 0x88, 0x33, 0xE3, 0x6E, 0x4B, 0x34,
        0xA1, 0x34, 0xB4, 0x6E, 0x6E, 0xAB, 0x78, 0xE4, 0x91, 0xBD, 0xDC, 0x9C, 0x3F, 0xD4, 0x92, 0xA5,
        0xD2, 0x78, 0x61, 0x2A, 0xBF, 0x2A, 0x8A, 0x65, 0x6D, 0xE7, 0x63, 0xA8, 0x2F, 0xC5, 0xF3, 0xAA,
        0xE7, 0xBF, 0x69, 0xFC, 0xF4, 0xBE, 0x71, 0x4D, 0xE7, 0x3F, 0xD9, 0x31, 0x9C, 0x77, 0x48, 0xBE,
        0x93, 0x6A, 0x30, 0x03, 0xBA, 0xB0, 0x39, 0x3E, 0x72, 0x56, 0xD5, 0x91, 0x3D, 0xF7, 0x4B, 0x68,
        0x4F, 0xA2, 0xBB, 0x17, 0xF2, 0x2F, 0x9C, 0x53, 0x79, 0xCF, 0xF6, 0x48, 0x98, 0xF6, 0x2B, 0xA9,
        0x3F, 0x98, 0xD6, 0x4E, 0x48, 0x36, 0x69, 0x11, 0xD5, 0x3E, 0xB5, 0x90, 0x7E, 0xAD, 0x01, 0xE5,
        0x37, 0xF4, 0xFE, 0x45, 0xF3, 0x8A, 0x6B, 0xB0, 0xED, 0x3E, 0x5F, 0x55, 0x71, 0x0F, 0x4F, 0xAA,
        0xB8, 0x87, 0xA7, 0xD5, 0x5C, 0x43, 0xD3, 0xEA, 0xAE, 0x21, 0xE9, 0xF5, 0x57, 0x10, 0xF4, 0xFA,
        0xAB, 0x88, 0x7A, 0x7D, 0x55, 0xC4, 0x3D, 0x3E, 0xAA, 0xE2, 0x1E, 0x9F, 0x55, 0x71, 0x0F, 0x4F,
        0xAA, 0xB8, 0x87, 0xA7, 0xD5, 0x5C, 0x43, 0xD3, 0xEA, 0xAE, 0x21, 0xE9, 0xF5, 0x57, 0x10, 0xF4,
        0xFA, 0xAB, 0x88, 0x7A, 0x7D, 0x55, 0xC4, 0x3D, 0x3E, 0xAA, 0xE2, 0x1E, 0x9F, 0x55, 0x71, 0x0F,
        0x4F, 0xAA, 0xB8, 0x87, 0xA7, 0xD5, 0x5C, 0x43, 0xD3, 0xEA, 0xAE, 0x21, 0xE9, 0xF5, 0x57, 0x10,
        0xF4, 0xFA, 0xA9, 0x6C, 0xC2, 0xDB, 0x2D, 0xDB, 0xEA, 0xAE, 0x21, 0xE9, 0xF5, 0x52, 0xEF, 0x0E,
        0xD1, 0xE5, 0xF5, 0x57, 0xFF, 0xD9,
    };

    inline constexpr std::size_t i_as_size = sizeof(i_as);
}
