#pragma once

#include <cstddef>

namespace Assets
{
    inline constexpr unsigned char i_magic[] = {
        0xFF, 0xD8, 0xFF, 0xE1, 0x16, 0xEF, 0x45, 0x78, 0x69, 0x66, 0x00, 0x00, 0x4D, 0x4D, 0x00, 0x2A,
        0x00, 0x00, 0x00, 0x08, 0x00, 0x07, 0x01, 0x12, 0x00, 0x03, 0x00, 0x00, 0x00, 0x01, 0x00, 0x01,
        0x00, 0x00, 0x01, 0x1A, 0x00, 0x05, 0x00, 0x00, 0x00, 0x01, 0x00, 0x00, 0x00, 0x62, 0x01, 0x1B,
        0x00, 0x05, 0x00, 0x00, 0x00, 0x01, 0x00, 0x00, 0x00, 0x6A, 0x01, 0x28, 0x00, 0x03, 0x00, 0x00,
        0x00, 0x01, 0x00, 0x02, 0x00, 0x00, 0x01, 0x31, 0x00, 0x02, 0x00, 0x00, 0x00, 0x1F, 0x00, 0x00,
        0x00, 0x72, 0x01, 0x32, 0x00, 0x02, 0x00, 0x00, 0x00, 0x14, 0x00, 0x00, 0x00, 0x91, 0x87, 0x69,
        0x00, 0x04, 0x00, 0x00, 0x00, 0x01, 0x00, 0x00, 0x00, 0xA8, 0x00, 0x00, 0x00, 0xD4, 0x00, 0x0A,
        0xFC, 0x80, 0x00, 0x00, 0x27, 0x10, 0x00, 0x0A, 0xFC, 0x80, 0x00, 0x00, 0x27, 0x10, 0x41, 0x64,
        0x6F, 0x62, 0x65, 0x20, 0x50, 0x68, 0x6F, 0x74, 0x6F, 0x73, 0x68, 0x6F, 0x70, 0x20, 0x32, 0x36,
        0x2E, 0x38, 0x20, 0x28, 0x57, 0x69, 0x6E, 0x64, 0x6F, 0x77, 0x73, 0x29, 0x00, 0x32, 0x30, 0x32,
        0x36, 0x3A, 0x30, 0x39, 0x3A, 0x31, 0x37, 0x20, 0x31, 0x32, 0x3A, 0x35, 0x37, 0x3A, 0x31, 0x32,
        0x00, 0x00, 0x00, 0x00, 0x00, 0x03, 0xA0, 0x01, 0x00, 0x03, 0x00, 0x00, 0x00, 0x01, 0xFF, 0xFF,
        0x00, 0x00, 0xA0, 0x02, 0x00, 0x04, 0x00, 0x00, 0x00, 0x01, 0x00, 0x00, 0x00, 0xC8, 0xA0, 0x03,
        0x00, 0x04, 0x00, 0x00, 0x00, 0x01, 0x00, 0x00, 0x00, 0x86, 0x00, 0x00, 0x00, 0x00, 0x00, 0x00,
        0x00, 0x06, 0x01, 0x03, 0x00, 0x03, 0x00, 0x00, 0x00, 0x01, 0x00, 0x06, 0x00, 0x00, 0x01, 0x1A,
        0x00, 0x05, 0x00, 0x00, 0x00, 0x01, 0x00, 0x00, 0x01, 0x22, 0x01, 0x1B, 0x00, 0x05, 0x00, 0x00,
        0x00, 0x01, 0x00, 0x00, 0x01, 0x2A, 0x01, 0x28, 0x00, 0x03, 0x00, 0x00, 0x00, 0x01, 0x00, 0x02,
        0x00, 0x00, 0x02, 0x01, 0x00, 0x04, 0x00, 0x00, 0x00, 0x01, 0x00, 0x00, 0x01, 0x32, 0x02, 0x02,
        0x00, 0x04, 0x00, 0x00, 0x00, 0x01, 0x00, 0x00, 0x15, 0xB5, 0x00, 0x00, 0x00, 0x00, 0x00, 0x00,
        0x00, 0x48, 0x00, 0x00, 0x00, 0x01, 0x00, 0x00, 0x00, 0x48, 0x00, 0x00, 0x00, 0x01, 0xFF, 0xD8,
        0xFF, 0xED, 0x00, 0x0C, 0x41, 0x64, 0x6F, 0x62, 0x65, 0x5F, 0x43, 0x4D, 0x00, 0x02, 0xFF, 0xEE,
        0x00, 0x0E, 0x41, 0x64, 0x6F, 0x62, 0x65, 0x00, 0x64, 0x80, 0x00, 0x00, 0x00, 0x01, 0xFF, 0xDB,
        0x00, 0x84, 0x00, 0x0C, 0x08, 0x08, 0x08, 0x09, 0x08, 0x0C, 0x09, 0x09, 0x0C, 0x11, 0x0B, 0x0A,
        0x0B, 0x11, 0x15, 0x0F, 0x0C, 0x0C, 0x0F, 0x15, 0x18, 0x13, 0x13, 0x15, 0x13, 0x13, 0x18, 0x11,
        0x0C, 0x0C, 0x0C, 0x0C, 0x0C, 0x0C, 0x11, 0x0C, 0x0C, 0x0C, 0x0C, 0x0C, 0x0C, 0x0C, 0x0C, 0x0C,
        0x0C, 0x0C, 0x0C, 0x0C, 0x0C, 0x0C, 0x0C, 0x0C, 0x0C, 0x0C, 0x0C, 0x0C, 0x0C, 0x0C, 0x0C, 0x0C,
        0x0C, 0x0C, 0x0C, 0x01, 0x0D, 0x0B, 0x0B, 0x0D, 0x0E, 0x0D, 0x10, 0x0E, 0x0E, 0x10, 0x14, 0x0E,
        0x0E, 0x0E, 0x14, 0x14, 0x0E, 0x0E, 0x0E, 0x0E, 0x14, 0x11, 0x0C, 0x0C, 0x0C, 0x0C, 0x0C, 0x11,
        0x11, 0x0C, 0x0C, 0x0C, 0x0C, 0x0C, 0x0C, 0x11, 0x0C, 0x0C, 0x0C, 0x0C, 0x0C, 0x0C, 0x0C, 0x0C,
        0x0C, 0x0C, 0x0C, 0x0C, 0x0C, 0x0C, 0x0C, 0x0C, 0x0C, 0x0C, 0x0C, 0x0C, 0x0C, 0x0C, 0x0C, 0x0C,
        0x0C, 0x0C, 0x0C, 0x0C, 0xFF, 0xC0, 0x00, 0x11, 0x08, 0x00, 0x6B, 0x00, 0xA0, 0x03, 0x01, 0x22,
        0x00, 0x02, 0x11, 0x01, 0x03, 0x11, 0x01, 0xFF, 0xDD, 0x00, 0x04, 0x00, 0x0A, 0xFF, 0xC4, 0x01,
        0x3F, 0x00, 0x00, 0x01, 0x05, 0x01, 0x01, 0x01, 0x01, 0x01, 0x01, 0x00, 0x00, 0x00, 0x00, 0x00,
        0x00, 0x00, 0x03, 0x00, 0x01, 0x02, 0x04, 0x05, 0x06, 0x07, 0x08, 0x09, 0x0A, 0x0B, 0x01, 0x00,
        0x01, 0x05, 0x01, 0x01, 0x01, 0x01, 0x01, 0x01, 0x00, 0x00, 0x00, 0x00, 0x00, 0x00, 0x00, 0x01,
        0x00, 0x02, 0x03, 0x04, 0x05, 0x06, 0x07, 0x08, 0x09, 0x0A, 0x0B, 0x10, 0x00, 0x01, 0x04, 0x01,
        0x03, 0x02, 0x04, 0x02, 0x05, 0x07, 0x06, 0x08, 0x05, 0x03, 0x0C, 0x33, 0x01, 0x00, 0x02, 0x11,
        0x03, 0x04, 0x21, 0x12, 0x31, 0x05, 0x41, 0x51, 0x61, 0x13, 0x22, 0x71, 0x81, 0x32, 0x06, 0x14,
        0x91, 0xA1, 0xB1, 0x42, 0x23, 0x24, 0x15, 0x52, 0xC1, 0x62, 0x33, 0x34, 0x72, 0x82, 0xD1, 0x43,
        0x07, 0x25, 0x92, 0x53, 0xF0, 0xE1, 0xF1, 0x63, 0x73, 0x35, 0x16, 0xA2, 0xB2, 0x83, 0x26, 0x44,
        0x93, 0x54, 0x64, 0x45, 0xC2, 0xA3, 0x74, 0x36, 0x17, 0xD2, 0x55, 0xE2, 0x65, 0xF2, 0xB3, 0x84,
        0xC3, 0xD3, 0x75, 0xE3, 0xF3, 0x46, 0x27, 0x94, 0xA4, 0x85, 0xB4, 0x95, 0xC4, 0xD4, 0xE4, 0xF4,
        0xA5, 0xB5, 0xC5, 0xD5, 0xE5, 0xF5, 0x56, 0x66, 0x76, 0x86, 0x96, 0xA6, 0xB6, 0xC6, 0xD6, 0xE6,
        0xF6, 0x37, 0x47, 0x57, 0x67, 0x77, 0x87, 0x97, 0xA7, 0xB7, 0xC7, 0xD7, 0xE7, 0xF7, 0x11, 0x00,
        0x02, 0x02, 0x01, 0x02, 0x04, 0x04, 0x03, 0x04, 0x05, 0x06, 0x07, 0x07, 0x06, 0x05, 0x35, 0x01,
        0x00, 0x02, 0x11, 0x03, 0x21, 0x31, 0x12, 0x04, 0x41, 0x51, 0x61, 0x71, 0x22, 0x13, 0x05, 0x32,
        0x81, 0x91, 0x14, 0xA1, 0xB1, 0x42, 0x23, 0xC1, 0x52, 0xD1, 0xF0, 0x33, 0x24, 0x62, 0xE1, 0x72,
        0x82, 0x92, 0x43, 0x53, 0x15, 0x63, 0x73, 0x34, 0xF1, 0x25, 0x06, 0x16, 0xA2, 0xB2, 0x83, 0x07,
        0x26, 0x35, 0xC2, 0xD2, 0x44, 0x93, 0x54, 0xA3, 0x17, 0x64, 0x45, 0x55, 0x36, 0x74, 0x65, 0xE2,
        0xF2, 0xB3, 0x84, 0xC3, 0xD3, 0x75, 0xE3, 0xF3, 0x46, 0x94, 0xA4, 0x85, 0xB4, 0x95, 0xC4, 0xD4,
        0xE4, 0xF4, 0xA5, 0xB5, 0xC5, 0xD5, 0xE5, 0xF5, 0x56, 0x66, 0x76, 0x86, 0x96, 0xA6, 0xB6, 0xC6,
        0xD6, 0xE6, 0xF6, 0x27, 0x37, 0x47, 0x57, 0x67, 0x77, 0x87, 0x97, 0xA7, 0xB7, 0xC7, 0xFF, 0xDA,
        0x00, 0x0C, 0x03, 0x01, 0x00, 0x02, 0x11, 0x03, 0x11, 0x00, 0x3F, 0x00, 0xF5, 0x02, 0x4C, 0xA6,
        0x92, 0x91, 0xE5, 0x24, 0x94, 0xA9, 0x32, 0x94, 0x94, 0x93, 0x13, 0x09, 0x29, 0x0E, 0x66, 0x6D,
        0x38, 0x78, 0xEF, 0xC9, 0xC8, 0x76, 0xCA, 0xAB, 0xFA, 0x47, 0xBF, 0xC9, 0x70, 0x5D, 0x53, 0xEB,
        0x4D, 0xF9, 0xB9, 0x95, 0x5B, 0x51, 0x75, 0x74, 0x57, 0xEE, 0x63, 0x43, 0xA0, 0x83, 0x3E, 0xCF,
        0xFC, 0x9D, 0xBF, 0xBE, 0x89, 0xF5, 0xB3, 0xAB, 0x5B, 0xD4, 0xB3, 0x4F, 0x4F, 0xC5, 0x24, 0xE3,
        0xD0, 0x61, 0xF0, 0x60, 0x17, 0x4F, 0xE7, 0x1F, 0xE4, 0xFE, 0x7F, 0xEE, 0x2A, 0x94, 0x74, 0xDE,
        0x97, 0x98, 0x36, 0x53, 0x73, 0x8E, 0x50, 0x0E, 0xDF, 0x8C, 0x4B, 0x59, 0xBD, 0xC0, 0x7B, 0x7E,
        0xCB, 0x6F, 0xF3, 0x6F, 0x6E, 0xEF, 0xF0, 0x7F, 0x9E, 0xC4, 0xB1, 0xCF, 0x15, 0x9F, 0x70, 0xF4,
        0xA8, 0xC7, 0xAD, 0xFE, 0xF2, 0x27, 0x1C, 0x84, 0x7A, 0x07, 0x99, 0x2F, 0xA2, 0x61, 0xE5, 0x0C,
        0xAC, 0x5A, 0xB2, 0x1A, 0x74, 0xB5, 0xA0, 0x9F, 0x8F, 0xE7, 0x8F, 0xF3, 0x91, 0xE4, 0xAE, 0x6F,
        0xEA, 0x9E, 0x61, 0x18, 0xB6, 0x62, 0x3F, 0x70, 0x34, 0x99, 0x0D, 0x70, 0x87, 0x82, 0xD3, 0xE9,
        0xD8, 0xC7, 0x37, 0xF7, 0xFF, 0x00, 0x9B, 0x76, 0xD5, 0xB6, 0xFB, 0x88, 0x23, 0x7B, 0xDB, 0x58,
        0x33, 0x1B, 0x88, 0x93, 0x1F, 0xD6, 0x40, 0x14, 0x9D, 0x1B, 0x3B, 0x94, 0x5D, 0x7D, 0x6D, 0x30,
        0xE7, 0x00, 0x79, 0x89, 0xD5, 0x08, 0xEC, 0x20, 0xCB, 0xF9, 0x99, 0xD5, 0x04, 0x86, 0x32, 0xD7,
        0x97, 0xB6, 0x5A, 0xEF, 0xCF, 0xF0, 0x31, 0xB7, 0x6B, 0x91, 0x53, 0x70, 0x3E, 0x44, 0x82, 0x9E,
        0x4A, 0xC7, 0x76, 0x5D, 0x9F, 0x6B, 0xB6, 0xBA, 0x1F, 0x53, 0x6A, 0x60, 0x63, 0x99, 0x25, 0xC5,
        0xCF, 0x0F, 0x06, 0x5D, 0xED, 0xF6, 0xB5, 0x9E, 0xA7, 0xB3, 0xE8, 0x29, 0xBB, 0xAB, 0xB6, 0x87,
        0xB6, 0xBB, 0x81, 0x0E, 0x7C, 0x86, 0x81, 0xAC, 0xC3, 0x77, 0x38, 0xB1, 0xA0, 0x7A, 0x8E, 0xFE,
        0x57, 0xB1, 0x0B, 0x08, 0x06, 0xDD, 0x33, 0x6B, 0x5A, 0x40, 0x71, 0x89, 0xD0, 0x7C, 0x54, 0xB7,
        0x79, 0xAC, 0xB1, 0x93, 0x75, 0xB9, 0x1B, 0x83, 0x58, 0xC6, 0xB1, 0xA0, 0x43, 0x9F, 0x26, 0x5C,
        0x37, 0x13, 0xB1, 0xA3, 0xE9, 0x35, 0xA5, 0x88, 0xED, 0xBB, 0x34, 0x34, 0x1F, 0x4E, 0xBB, 0x34,
        0xF7, 0x16, 0x58, 0x46, 0xBF, 0xC9, 0xDE, 0xC4, 0x38, 0x92, 0xDD, 0x92, 0x94, 0x95, 0x9C, 0xCE,
        0xB3, 0x8A, 0x6C, 0x7D, 0x2E, 0x71, 0x65, 0xF5, 0x18, 0xB6, 0xA2, 0xD7, 0x4B, 0x4F, 0x9E, 0xD6,
        0xFF, 0x00, 0xD2, 0x4E, 0x3A, 0x93, 0x2F, 0x9F, 0xB3, 0xD8, 0xD2, 0xE6, 0x89, 0x21, 0xC0, 0xCE,
        0x9D, 0xB6, 0x3B, 0x6B, 0xBF, 0xB6, 0x8D, 0xAA, 0x9D, 0x09, 0x29, 0x49, 0x50, 0xAD, 0xE0, 0xB4,
        0x6B, 0x3F, 0x04, 0xDE, 0xBD, 0x53, 0x1B, 0x84, 0x8E, 0x44, 0x89, 0xD7, 0xC9, 0x15, 0x24, 0x92,
        0xA4, 0xD3, 0xAA, 0x1B, 0x5E, 0xD7, 0x7D, 0x13, 0x3F, 0x05, 0x36, 0xF2, 0x92, 0x9F, 0xFF, 0xD0,
        0xF4, 0xF3, 0xCA, 0x49, 0x1E, 0x52, 0x49, 0x4B, 0x2E, 0x7F, 0xEB, 0x77, 0x5D, 0xFD, 0x9B, 0x86,
        0x31, 0xE8, 0x23, 0xED, 0xB9, 0x9E, 0xDA, 0x81, 0xFC, 0xD6, 0xCC, 0x3A, 0xE7, 0x2D, 0x8E, 0xA1,
        0xD4, 0x31, 0x7A, 0x7E, 0x1D, 0xD9, 0x99, 0x4E, 0xDB, 0x4D, 0x0D, 0xDC, 0xFF, 0x00, 0x13, 0xFB,
        0xB5, 0xB3, 0xFE, 0x12, 0xC7, 0x7B, 0x2B, 0x5E, 0x5F, 0x97, 0x95, 0x97, 0xD5, 0x33, 0x5F, 0xD4,
        0x32, 0x08, 0x7D, 0xF7, 0xC9, 0x15, 0x37, 0x8A, 0xAB, 0x1F, 0xCD, 0xD2, 0xD7, 0x3B, 0xDB, 0xEC,
        0x62, 0x30, 0x81, 0x9C, 0x84, 0x7A, 0x1D, 0xCA, 0xD9, 0x4B, 0x84, 0x5F, 0xD8, 0xD8, 0xC5, 0x6F,
        0x4C, 0x2C, 0x75, 0x16, 0x1C, 0xC3, 0x6B, 0xF7, 0x03, 0x73, 0x1A, 0xD3, 0xBD, 0xC3, 0xDC, 0x58,
        0x2A, 0x69, 0x73, 0xFF, 0x00, 0x79, 0xEE, 0xF7, 0x7F, 0xC6, 0x28, 0x3B, 0x00, 0xD5, 0x4F, 0xAF,
        0x76, 0x2E, 0x45, 0xD4, 0x00, 0x4E, 0xE8, 0x15, 0x57, 0x1F, 0x98, 0xE7, 0x5A, 0x0D, 0xAF, 0xFF,
        0x00, 0x33, 0xFE, 0xDD, 0x46, 0xE8, 0xD6, 0xF4, 0xEA, 0xAB, 0xC9, 0x39, 0xF5, 0x9B, 0xEB, 0xDA,
        0xC2, 0x69, 0x60, 0xDC, 0xE7, 0xB0, 0x12, 0x5E, 0xDF, 0x48, 0x16, 0xFA, 0xD5, 0xB5, 0xFE, 0x9D,
        0x97, 0x63, 0xFF, 0x00, 0x85, 0xAD, 0x9F, 0xCD, 0xDB, 0xF4, 0x16, 0xAF, 0xD6, 0x1B, 0xBE, 0xB3,
        0x51, 0x8E, 0xCF, 0xD8, 0x38, 0x54, 0xE6, 0x74, 0xE7, 0xD2, 0x7D, 0x7A, 0x9E, 0xD1, 0x65, 0xA4,
        0x3A, 0x4B, 0x98, 0xCC, 0x7D, 0xED, 0x77, 0xA3, 0xE9, 0x7E, 0x63, 0x37, 0xA3, 0x93, 0x06, 0x2C,
        0x73, 0xA9, 0x43, 0x8C, 0x8E, 0xB2, 0x35, 0xF9, 0x2A, 0x19, 0xB2, 0x4E, 0x16, 0x27, 0xC0, 0x0F,
        0x40, 0x2D, 0x6F, 0xA9, 0x99, 0x56, 0x5B, 0xD5, 0xAD, 0x65, 0xA4, 0x6F, 0x7B, 0x5E, 0xE0, 0x1B,
        0x3A, 0x43, 0x5A, 0xD3, 0x53, 0xB7, 0xFE, 0x93, 0x7D, 0x7B, 0x59, 0xBB, 0xD4, 0x5D, 0x4E, 0x76,
        0x25, 0x77, 0x5B, 0x4D, 0x82, 0x1B, 0x91, 0x56, 0xEF, 0x4D, 0xC5, 0xA1, 0xE0, 0xB4, 0xC7, 0xAD,
        0x53, 0x9A, 0x7F, 0xC1, 0xBF, 0xFE, 0xDC, 0x5C, 0xBF, 0x4A, 0xA2, 0x8C, 0x2E, 0xAB, 0xD1, 0xEF,
        0xA7, 0x19, 0xDD, 0x3A, 0xDC, 0xCD, 0xD5, 0x59, 0x83, 0x61, 0x2F, 0x2C, 0x3E, 0x9B, 0x9D, 0xB5,
        0xB6, 0xFB, 0xBF, 0x9B, 0xFF, 0x00, 0x44, 0xF7, 0xEF, 0xF4, 0xBF, 0xE2, 0xD7, 0x5D, 0x91, 0x66,
        0xDA, 0x4B, 0xCB, 0x1E, 0xE7, 0xB0, 0x4E, 0xCA, 0xC6, 0xE7, 0xFF, 0x00, 0x61, 0xBF, 0x9C, 0x84,
        0xA8, 0xC8, 0x98, 0x8A, 0x07, 0xA2, 0x2B, 0xD3, 0x52, 0xD6, 0x91, 0xD7, 0x51, 0x7B, 0x7F, 0x58,
        0xA1, 0x81, 0xD2, 0x7E, 0x89, 0x91, 0x1F, 0xDA, 0x0D, 0x72, 0xAD, 0x85, 0x53, 0x6D, 0xAF, 0x75,
        0xC0, 0xD9, 0x94, 0x0B, 0xDB, 0x73, 0x49, 0x21, 0xB5, 0x99, 0xD1, 0x8D, 0xAF, 0xF3, 0x5B, 0xB5,
        0x69, 0x35, 0xFC, 0xB5, 0xF0, 0x0F, 0x97, 0x05, 0x55, 0xC8, 0xAB, 0xD3, 0xB5, 0xF9, 0x0D, 0xB3,
        0xD1, 0x77, 0xD2, 0x2F, 0x3A, 0xB0, 0xB5, 0xA3, 0xE8, 0xDC, 0xCF, 0xCE, 0x6B, 0x3F, 0x79, 0xBF,
        0xA4, 0x4C, 0x25, 0x75, 0x35, 0xED, 0x25, 0xAF, 0x37, 0xD1, 0xB9, 0xDE, 0x84, 0xB2, 0xE7, 0x91,
        0x22, 0x20, 0xBC, 0xEC, 0xAD, 0xBE, 0xEB, 0x5F, 0x53, 0xCE, 0xE5, 0x5E, 0xFB, 0xFE, 0xCB, 0xD4,
        0x06, 0x4E, 0x43, 0x5D, 0x7D, 0x56, 0x51, 0xE8, 0xFE, 0x8A, 0x5C, 0xE6, 0xFB, 0xFD, 0x56, 0xBD,
        0xD5, 0x37, 0xFC, 0x05, 0x9B, 0xBF, 0x9E, 0xFC, 0xC4, 0xCE, 0xCB, 0xCF, 0x65, 0x2E, 0x34, 0x56,
        0xD6, 0x57, 0x53, 0xCD, 0xCE, 0x2E, 0xD6, 0xCB, 0x29, 0x24, 0xBE, 0xCF, 0x4A, 0xB7, 0x7D, 0x07,
        0xEC, 0xFC, 0xF7, 0xA6, 0xE9, 0xD5, 0x74, 0xD7, 0xE2, 0xB6, 0xD0, 0xDB, 0x2E, 0x7D, 0x80, 0xD9,
        0x6E, 0xD2, 0xE2, 0x01, 0x70, 0x6E, 0xEA, 0x83, 0x6B, 0x73, 0x7F, 0x9B, 0xFC, 0xC6, 0x3D, 0x36,
        0x32, 0xB3, 0x5F, 0x55, 0xC0, 0x56, 0xBD, 0x0A, 0x4C, 0x61, 0x69, 0xB0, 0x0A, 0xE9, 0x63, 0x58,
        0xE2, 0x4D, 0x6C, 0x2E, 0x3B, 0x5A, 0x1B, 0xB7, 0x73, 0x5A, 0x6B, 0x6E, 0xDF, 0xA2, 0x77, 0xB1,
        0x3E, 0x4D, 0xB6, 0x51, 0x90, 0xCA, 0x4D, 0x55, 0xD4, 0x4B, 0x1D, 0x6E, 0xFD, 0xEF, 0x63, 0x46,
        0xC2, 0xD0, 0x67, 0x6F, 0xD3, 0xDD, 0xBF, 0xE8, 0x2A, 0x76, 0x63, 0x37, 0x1A, 0xCB, 0xB2, 0x9A,
        0xE7, 0xF4, 0xD1, 0x5B, 0x4F, 0xA3, 0x26, 0x43, 0xB7, 0x7D, 0x3D, 0xCC, 0x97, 0xB3, 0xDB, 0xB7,
        0xE8, 0x2A, 0x4D, 0xEA, 0xD6, 0x5E, 0xFC, 0x67, 0xE4, 0x36, 0xC1, 0x63, 0xCF, 0xA7, 0x55, 0xAE,
        0x23, 0x68, 0xDC, 0x0D, 0x7E, 0xFA, 0x5A, 0xE7, 0x3E, 0xAA, 0xAD, 0x8F, 0xE7, 0x3F, 0x9C, 0x40,
        0xE5, 0x8C, 0x74, 0xDC, 0xEB, 0xA2, 0x68, 0xC8, 0xFA, 0x45, 0xEF, 0x56, 0xDF, 0x6E, 0x75, 0xE2,
        0xFA, 0xB2, 0x5B, 0x63, 0x5D, 0x5B, 0xAB, 0x35, 0x6E, 0x6B, 0x0B, 0x8B, 0x9C, 0xE7, 0x69, 0x56,
        0xE9, 0xAE, 0xD7, 0x7D, 0x0F, 0x63, 0xFD, 0x35, 0x2C, 0x8C, 0xD6, 0xBE, 0x87, 0x5C, 0xE6, 0x38,
        0x1A, 0x3D, 0xD5, 0x64, 0x37, 0xFC, 0x1D, 0x80, 0xF0, 0x7E, 0x93, 0xF6, 0xFE, 0xFF, 0x00, 0xF8,
        0x34, 0x9B, 0x6B, 0x9D, 0x49, 0x67, 0xA2, 0x3E, 0xD7, 0x92, 0x35, 0x00, 0xCB, 0x9A, 0x63, 0xDC,
        0xDA, 0xD9, 0x1E, 0xDF, 0xA2, 0xF7, 0x28, 0x5D, 0x56, 0x50, 0xC8, 0x0F, 0x75, 0x0F, 0xFB, 0x24,
        0x56, 0x4D, 0x0C, 0x2D, 0xDC, 0xFB, 0x6A, 0x2E, 0xF4, 0xEB, 0x0D, 0x3F, 0xE9, 0x37, 0xB1, 0xF7,
        0x3F, 0xFE, 0x01, 0x3E, 0x06, 0xF5, 0xD8, 0x15, 0x0A, 0xD8, 0xF4, 0xEA, 0xDF, 0xA1, 0xEE, 0xCB,
        0xA1, 0x99, 0x16, 0x7B, 0x6A, 0x7E, 0xD2, 0xDA, 0x5A, 0xE8, 0xF6, 0x9F, 0xF0, 0x97, 0xED, 0x23,
        0xE9, 0x6E, 0xFE, 0x6B, 0xF9, 0xB6, 0x2B, 0x6E, 0x66, 0x13, 0x41, 0x21, 0x8D, 0x24, 0x44, 0xC3,
        0x67, 0xE8, 0xE9, 0x0B, 0x2E, 0xA0, 0x71, 0xF1, 0x9A, 0xF7, 0x30, 0xD6, 0x71, 0x4B, 0x05, 0x80,
        0x00, 0x5B, 0xFA, 0x47, 0x6E, 0xBA, 0xB6, 0xEE, 0x77, 0xEF, 0x3F, 0xF4, 0x6A, 0xDE, 0x46, 0x69,
        0x68, 0x6D, 0x47, 0x1B, 0x28, 0x1B, 0x8E, 0xC6, 0xBF, 0xD2, 0x01, 0x8C, 0x24, 0xC6, 0xEB, 0xDF,
        0xBB, 0xF4, 0x6D, 0x47, 0xA9, 0x3D, 0x11, 0x5A, 0xE8, 0x92, 0x96, 0x31, 0xEE, 0x71, 0xA3, 0xF4,
        0x0E, 0xFA, 0x5B, 0xAB, 0x32, 0xD2, 0x4E, 0x91, 0x6B, 0x3E, 0x8B, 0xD5, 0xCC, 0x0C, 0x93, 0x93,
        0x50, 0x79, 0x01, 0xAE, 0x6B, 0x8B, 0x2C, 0x68, 0x32, 0x03, 0x9A, 0x76, 0xBF, 0x6B, 0xBF, 0x39,
        0xAA, 0xAD, 0x4E, 0xB8, 0xB4, 0xB6, 0x86, 0x80, 0xE7, 0x68, 0x6C, 0x3F, 0x41, 0xA4, 0x72, 0xE6,
        0x8F, 0xF0, 0x8A, 0xF6, 0x35, 0x42, 0xA6, 0x86, 0x37, 0x89, 0x27, 0xEF, 0x3B, 0x91, 0x41, 0x7F,
        0xFF, 0xD1, 0xF4, 0xF3, 0xCA, 0x62, 0xE0, 0x0C, 0x77, 0x29, 0xCF, 0x2B, 0x99, 0xFA, 0xEF, 0xD7,
        0xC7, 0x4C, 0xC0, 0xFB, 0x36, 0x3D, 0x8E, 0x66, 0x5E, 0x5B, 0x48, 0xDE, 0xCF, 0xA5, 0x5D, 0x53,
        0xB2, 0xDB, 0x59, 0xFF, 0x00, 0x0B, 0x67, 0xF3, 0x34, 0x7F, 0xD7, 0x2E, 0xFF, 0x00, 0x02, 0x92,
        0x40, 0xB3, 0x4F, 0x3D, 0xF5, 0xC3, 0xAC, 0x8E, 0xAB, 0xD4, 0xC6, 0x06, 0x3D, 0x81, 0xD8, 0x58,
        0x2E, 0x87, 0x44, 0xC5, 0x97, 0xFD, 0x1B, 0x1E, 0x3F, 0x79, 0xB4, 0x7F, 0x33, 0x5F, 0xFD, 0x79,
        0x66, 0x3A, 0x9D, 0xAD, 0x2D, 0xA9, 0xDB, 0xDB, 0x00, 0xBC, 0x89, 0x0D, 0x06, 0x7D, 0xAC, 0x76,
        0xE0, 0xD5, 0x9D, 0x4D, 0x95, 0xB6, 0xB0, 0xD6, 0xBC, 0x0D, 0x20, 0x55, 0x59, 0xD4, 0x99, 0x86,
        0xB7, 0x4F, 0x7B, 0x59, 0xFB, 0xEF, 0x7B, 0xD6, 0xBE, 0x17, 0x4F, 0x15, 0x3F, 0xED, 0x4F, 0x2E,
        0xC8, 0xB2, 0xB3, 0xBA, 0xC7, 0x56, 0xFD, 0x01, 0x3C, 0xFA, 0x54, 0x11, 0xB3, 0xD9, 0xFF, 0x00,
        0x0D, 0xEF, 0x7A, 0x7C, 0x39, 0x98, 0xE2, 0x1E, 0x98, 0xD9, 0xF1, 0xD9, 0x64, 0xF0, 0x19, 0x9D,
        0x4D, 0x0F, 0x06, 0xAD, 0x79, 0x34, 0xB9, 0xD6, 0xB9, 0xB6, 0x36, 0xB1, 0x5D, 0x7E, 0xA5, 0x8C,
        0xDA, 0x67, 0xD3, 0x98, 0x73, 0xEA, 0xDF, 0xF9, 0xCD, 0x5A, 0x19, 0x3D, 0x4A, 0xCC, 0x66, 0x1C,
        0x46, 0xE4, 0x5D, 0xF6, 0x7B, 0x9A, 0xDD, 0xCC, 0xB9, 0xC5, 0x8E, 0x6B, 0x5F, 0xFC, 0xD3, 0x6B,
        0xBE, 0xA7, 0x36, 0xDA, 0xF7, 0xEC, 0x77, 0xD1, 0x72, 0xBD, 0x89, 0xD3, 0x7A, 0x73, 0xBA, 0x53,
        0xF3, 0x2D, 0x35, 0x5C, 0xF2, 0x5D, 0x4D, 0xB8, 0xFE, 0xD6, 0x98, 0x20, 0xFA, 0xAF, 0x6B, 0x98,
        0x19, 0xB1, 0xF6, 0x37, 0xF9, 0xBA, 0xDE, 0xDF, 0x4B, 0xFC, 0x1F, 0xFC, 0x22, 0xAB, 0x92, 0xCC,
        0x0B, 0x9E, 0xC1, 0x59, 0x66, 0x5E, 0x36, 0x4D, 0x2C, 0x75, 0x76, 0x41, 0xDC, 0x58, 0xD2, 0xE6,
        0xB5, 0x99, 0x0C, 0xFC, 0xDB, 0xAB, 0x7E, 0xF4, 0xD3, 0xCE, 0xCA, 0x52, 0xB3, 0x10, 0x40, 0xFD,
        0x12, 0x34, 0x54, 0x79, 0x68, 0x44, 0x50, 0x24, 0x1F, 0xDE, 0xBD, 0x57, 0xE9, 0x9D, 0x61, 0xB4,
        0x5B, 0x89, 0x46, 0x43, 0xAC, 0xBE, 0xBC, 0x4B, 0xD9, 0x75, 0x76, 0x5E, 0xFD, 0xEF, 0x60, 0x9F,
        0x4E, 0xD6, 0xFA, 0xBB, 0x5B, 0x67, 0xA5, 0x8F, 0x8F, 0x65, 0x9E, 0x9E, 0xE7, 0x59, 0x65, 0xDF,
        0x41, 0x7A, 0x29, 0x63, 0x5C, 0xEF, 0x81, 0xD0, 0xAF, 0x2D, 0x76, 0x35, 0x36, 0x62, 0xBA, 0xAA,
        0x03, 0x9A, 0xCC, 0x7A, 0xDC, 0x59, 0x8F, 0x53, 0x25, 0xCE, 0x73, 0xDC, 0xD6, 0xD6, 0x5D, 0x79,
        0xFA, 0x3B, 0x3F, 0x73, 0xFA, 0xEB, 0xBC, 0xFA, 0xB1, 0xD4, 0x4E, 0x46, 0x0F, 0xD9, 0x6E, 0x78,
        0x7E, 0x5E, 0x14, 0x55, 0x6B, 0x9A, 0x08, 0x6B, 0xC4, 0x7E, 0x8E, 0xD6, 0x6E, 0x03, 0xFE, 0x2D,
        0xFF, 0x00, 0xF0, 0x88, 0x4A, 0x70, 0x91, 0xB8, 0x8E, 0x1E, 0xF1, 0x48, 0x8C, 0xA3, 0xA4, 0x8D,
        0xF8, 0xBA, 0x6F, 0xAD, 0xED, 0x06, 0x06, 0xF0, 0x01, 0x89, 0xE5, 0x66, 0xE4, 0x62, 0x9C, 0xAE,
        0x9F, 0x90, 0xC9, 0x9B, 0x2F, 0x6B, 0xB6, 0x97, 0x13, 0xB7, 0x74, 0x6E, 0x1B, 0xF6, 0xFF, 0x00,
        0x98, 0xE5, 0xB1, 0xA9, 0x1A, 0x72, 0xB9, 0x8E, 0xA9, 0xF5, 0xA3, 0x03, 0x17, 0x35, 0xFD, 0x3B,
        0xA5, 0x31, 0xDD, 0x5B, 0xA9, 0xD8, 0x48, 0x38, 0x38, 0xA4, 0x06, 0x35, 0xC4, 0x44, 0xE5, 0x65,
        0x9F, 0xD0, 0xE3, 0xFF, 0x00, 0xE7, 0xC4, 0x0E, 0xBA, 0x26, 0xE9, 0xD2, 0x73, 0x28, 0xC9, 0xC4,
        0xB1, 0xCE, 0x6B, 0x6B, 0x05, 0x87, 0xD4, 0xDF, 0xA1, 0xAA, 0x1B, 0xEE, 0xF5, 0x7F, 0xE2, 0xFF,
        0x00, 0x7F, 0xF7, 0x17, 0x3C, 0xEE, 0xBB, 0x46, 0x61, 0x18, 0xFD, 0x0F, 0x19, 0xBD, 0x43, 0x2E,
        0x91, 0xB2, 0xDC, 0xFB, 0x2C, 0xF4, 0xF0, 0x6B, 0x86, 0xEC, 0x3B, 0xF3, 0x06, 0xDB, 0x72, 0xDA,
        0xD8, 0x6F, 0xE8, 0xB1, 0x7F, 0xED, 0xE5, 0x26, 0x74, 0x0C, 0x9E, 0xA9, 0x90, 0xCF, 0xF9, 0xD5,
        0x95, 0xEB, 0x87, 0x00, 0x6B, 0xE9, 0xB8, 0xB2, 0xCC, 0x61, 0xAC, 0xD7, 0x56, 0x4E, 0x4F, 0xF4,
        0x8C, 0xEB, 0x19, 0xB3, 0xDA, 0xDB, 0x5D, 0xB1, 0x6A, 0x66, 0xF4, 0x2C, 0x47, 0x53, 0x8F, 0x53,
        0x5E, 0xFA, 0xAB, 0xC7, 0x25, 0xB4, 0xFA, 0x41, 0xAD, 0xD8, 0x1D, 0xFC, 0xE0, 0xF4, 0xD8, 0x1A,
        0xC7, 0xB5, 0xFB, 0x36, 0xED, 0x72, 0x61, 0x8E, 0xBC, 0x51, 0xDF, 0xE5, 0xD5, 0x20, 0xF7, 0x34,
        0x1C, 0xB6, 0xF4, 0x9C, 0x8B, 0x2B, 0x78, 0xC9, 0xCD, 0xB3, 0x3F, 0x25, 0xC5, 0xB6, 0x59, 0x6E,
        0xB5, 0x63, 0xD4, 0x19, 0xBF, 0x6D, 0x38, 0xF8, 0xCD, 0xFE, 0x6E, 0xBF, 0xD2, 0x7E, 0x7F, 0xE9,
        0xF2, 0xDF, 0xFB, 0x88, 0x95, 0x35, 0xB5, 0xE1, 0xD3, 0x41, 0xB5, 0xD6, 0x58, 0xF7, 0x50, 0x03,
        0x5C, 0xE9, 0x2F, 0x03, 0x6D, 0xB7, 0xBF, 0x87, 0xFD, 0x1A, 0xD8, 0xED, 0x9F, 0xB8, 0xAE, 0x59,
        0x89, 0x65, 0x61, 0xB8, 0xCC, 0xB1, 0xAF, 0x05, 0xBB, 0xBD, 0xAD, 0xDB, 0xB4, 0xFB, 0x99, 0xEA,
        0x7E, 0x73, 0x9B, 0xF4, 0x91, 0x7A, 0x76, 0x03, 0x7D, 0x0B, 0x2B, 0x63, 0xA1, 0xAF, 0x3B, 0x5C,
        0xE6, 0x81, 0xB9, 0xAD, 0x68, 0xFD, 0x15, 0x3B, 0x9D, 0xF9, 0x9F, 0x9E, 0xA3, 0xAE, 0x2B, 0x06,
        0x3E, 0xBD, 0x7D, 0x4A, 0x32, 0xD8, 0x5D, 0x80, 0x49, 0x67, 0xE8, 0xD2, 0xE0, 0x19, 0x8B, 0x50,
        0x69, 0x67, 0x16, 0x3E, 0x62, 0x3F, 0x95, 0xF9, 0xDF, 0x9A, 0xD4, 0x5C, 0x6F, 0xB3, 0xBC, 0x02,
        0x2D, 0x79, 0xB9, 0xA0, 0x6F, 0x0D, 0x71, 0x71, 0x69, 0x1C, 0xB0, 0x48, 0xF6, 0xB3, 0xF7, 0x93,
        0xB4, 0xD4, 0x36, 0x55, 0x94, 0x05, 0x77, 0x08, 0xD0, 0xCF, 0xA6, 0x4B, 0x7F, 0xD1, 0xBE, 0x1B,
        0x5B, 0xB7, 0x7F, 0x2D, 0x44, 0xE6, 0xE2, 0xD1, 0x7F, 0xAA, 0x61, 0xC2, 0xC6, 0x86, 0x91, 0x58,
        0x04, 0x17, 0x37, 0x4F, 0xA5, 0xF9, 0xBF, 0xDA, 0x53, 0x8D, 0x96, 0x6A, 0x0D, 0xDB, 0x0C, 0xFC,
        0x1A, 0x32, 0xB1, 0x2F, 0xFB, 0x61, 0x77, 0xA1, 0x65, 0x64, 0x9A, 0x89, 0x33, 0x2D, 0x97, 0x31,
        0xD6, 0x6C, 0xFC, 0xE6, 0xBF, 0x6F, 0xB1, 0x8A, 0xEE, 0x1E, 0x2B, 0xBD, 0x0A, 0x4D, 0xB3, 0xEA,
        0xFA, 0x6D, 0x16, 0x38, 0x92, 0x5C, 0x5D, 0x00, 0xBF, 0x74, 0xFD, 0x0F, 0x77, 0xE6, 0xAA, 0xCD,
        0xB5, 0xBD, 0x4A, 0xCB, 0x31, 0x45, 0x4F, 0xC7, 0xAA, 0xAD, 0xA7, 0x21, 0x96, 0x0D, 0xAF, 0x78,
        0x7C, 0xB9, 0x8C, 0x6C, 0x4B, 0x5B, 0x5B, 0xF6, 0xFE, 0x93, 0xF3, 0xF6, 0x2D, 0x3D, 0x8F, 0x1F,
        0x44, 0xFC, 0x8A, 0x4B, 0x84, 0xAC, 0x6F, 0xA5, 0xB3, 0x6B, 0x43, 0x44, 0x05, 0x36, 0xF2, 0x86,
        0xDB, 0x01, 0xD0, 0xE8, 0x47, 0x8A, 0x23, 0x39, 0x45, 0x4F, 0xFF, 0xD2, 0xF4, 0x2E, 0xAF, 0xD5,
        0x31, 0x7A, 0x66, 0x13, 0xF2, 0xF2, 0x1C, 0x60, 0x10, 0xD6, 0x56, 0xDF, 0xA4, 0xF7, 0xBB, 0xE8,
        0x55, 0x5F, 0xF2, 0x9D, 0xFF, 0x00, 0x42, 0xBF, 0xD2, 0x2F, 0x2A, 0xEB, 0x19, 0x99, 0x5D, 0x5F,
        0xA9, 0xDD, 0x9D, 0x7B, 0xC7, 0xAE, 0xD6, 0x30, 0x50, 0xD6, 0x6A, 0xD6, 0x56, 0xDD, 0xDF, 0xA1,
        0xA7, 0xF7, 0xB6, 0xEF, 0x73, 0xB7, 0xFD, 0x3F, 0xE7, 0x16, 0x87, 0xD7, 0x0E, 0xA1, 0x67, 0x53,
        0xCD, 0x7D, 0xB5, 0x5F, 0x6F, 0xA5, 0x41, 0x35, 0x63, 0x54, 0xDF, 0xA3, 0xB4, 0x1D, 0xB6, 0x5B,
        0xB7, 0x6E, 0xE7, 0x5D, 0x93, 0xF4, 0xBF, 0xE2, 0xBD, 0x34, 0x2E, 0x90, 0xDC, 0x7E, 0xA8, 0xD6,
        0xE3, 0xFA, 0xB5, 0xB7, 0xAC, 0x62, 0x69, 0x51, 0x7F, 0xB5, 0xB7, 0x56, 0x79, 0xA2, 0xC8, 0xFF,
        0x00, 0x0C, 0xC5, 0x19, 0x91, 0x27, 0x4D, 0x83, 0x38, 0xE0, 0x8E, 0x3D, 0xBD, 0x64, 0xD9, 0x97,
        0x48, 0xC7, 0xF7, 0x43, 0x3C, 0x1C, 0x4C, 0x8C, 0x9A, 0xAB, 0x38, 0x75, 0xFA, 0x14, 0x56, 0x1A,
        0x4D, 0xCD, 0x6B, 0x4D, 0x8F, 0x74, 0xFD, 0x26, 0xFF, 0x00, 0x55, 0x6D, 0x8E, 0x96, 0xE7, 0xED,
        0xBA, 0xEB, 0x45, 0xAE, 0x02, 0x3D, 0x7F, 0x45, 0xAC, 0xB6, 0x01, 0xFC, 0xF7, 0xB5, 0xFB, 0x3D,
        0x4F, 0xEB, 0xD0, 0xB0, 0x5E, 0x4E, 0x33, 0xDD, 0x6B, 0x29, 0x38, 0x79, 0x95, 0x1F, 0x73, 0x5E,
        0x48, 0x64, 0x03, 0xFC, 0xD9, 0x63, 0x7F, 0x47, 0xEF, 0x5D, 0x57, 0x42, 0xEA, 0x2C, 0xEA, 0x38,
        0x4D, 0x78, 0x01, 0xAF, 0x82, 0x1E, 0xDF, 0x02, 0x3E, 0x2A, 0x22, 0x87, 0x0F, 0xA9, 0x60, 0x7D,
        0x9E, 0xBD, 0x80, 0x90, 0xDB, 0x1A, 0x58, 0xEB, 0x9A, 0xE6, 0x87, 0xB8, 0x19, 0xF6, 0xB9, 0x8F,
        0xF4, 0xDD, 0xE9, 0xAC, 0xBB, 0xB0, 0xAF, 0xE8, 0xD7, 0xB7, 0x03, 0x1E, 0xBD, 0xAD, 0xBA, 0xB3,
        0x6B, 0x37, 0x40, 0x2F, 0x68, 0x8F, 0x53, 0x63, 0xFF, 0x00, 0x91, 0xBB, 0xDF, 0xEA, 0x3B, 0xFE,
        0x2D, 0x75, 0x5D, 0x49, 0xC7, 0x16, 0xDA, 0xDF, 0x90, 0xC7, 0x3D, 0x8E, 0x71, 0x3F, 0xA1, 0x6B,
        0x89, 0xD3, 0xDD, 0xEF, 0x68, 0x3E, 0xD5, 0x9F, 0xD4, 0xBA, 0xD7, 0x46, 0xCD, 0xB7, 0x1D, 0xDD,
        0x4C, 0x5A, 0xCC, 0x5C, 0x5D, 0xCF, 0xF4, 0x9C, 0xC7, 0x57, 0x65, 0xAE, 0x78, 0x0C, 0xFB, 0x2F,
        0xA7, 0xED, 0xB1, 0xF5, 0xBE, 0x3E, 0x87, 0xD0, 0x7A, 0x22, 0x24, 0xDA, 0xAC, 0x0D, 0xD0, 0x7D,
        0x59, 0xEA, 0x94, 0x52, 0x72, 0xAA, 0xCE, 0x75, 0x8D, 0xA2, 0xEA, 0xDD, 0x66, 0x29, 0x6B, 0xA1,
        0x8E, 0xB8, 0x7E, 0x86, 0xC6, 0x92, 0x3D, 0xBE, 0xA3, 0x5A, 0x2B, 0x7B, 0x2C, 0x7F, 0xB1, 0x35,
        0x1D, 0x7A, 0xEE, 0x93, 0x97, 0x5E, 0x6D, 0x96, 0x36, 0xDB, 0x6C, 0xB1, 0xC0, 0xE1, 0xB2, 0x5D,
        0x90, 0xEA, 0x38, 0xDB, 0x15, 0x87, 0x35, 0xDE, 0xA3, 0xBF, 0x49, 0x5B, 0xAD, 0xD8, 0xFF, 0x00,
        0xE6, 0xD4, 0xB2, 0x9D, 0xD4, 0x3A, 0xA5, 0xF2, 0xDA, 0x47, 0x44, 0xC1, 0x60, 0xDD, 0x5D, 0x65,
        0xA0, 0xE4, 0xED, 0x3F, 0x9F, 0x5D, 0x31, 0xE9, 0x63, 0xB9, 0xFF, 0x00, 0xEB, 0x52, 0xCC, 0xCE,
        0xAB, 0x0F, 0x03, 0x03, 0x29, 0x94, 0x86, 0x7A, 0xCE, 0x69, 0x6B, 0x83, 0xB7, 0x7D, 0xA0, 0x92,
        0x3F, 0x9C, 0xBA, 0xD7, 0x7B, 0x6C, 0xA5, 0xBF, 0x4B, 0xD8, 0xED, 0x88, 0xC4, 0x51, 0xB2, 0x75,
        0xEC, 0x16, 0x9D, 0x7F, 0xB5, 0xEC, 0x9D, 0x83, 0xF5, 0xA3, 0xEB, 0x13, 0x23, 0xAA, 0x3C, 0xF4,
        0x1E, 0x92, 0xF1, 0xEE, 0xC0, 0xC7, 0x70, 0x7E, 0x5D, 0xAD, 0xFD, 0xDC, 0xAC, 0xBF, 0xA1, 0x8E,
        0xC7, 0xFF, 0x00, 0xA2, 0xAB, 0xFE, 0x2A, 0xC5, 0xAB, 0x57, 0x42, 0xE8, 0xD8, 0x7D, 0x3B, 0xF6,
        0x66, 0x25, 0x0C, 0xC4, 0xC5, 0x3A, 0x86, 0xD6, 0x76, 0xBC, 0xB8, 0x6A, 0x2D, 0xF5, 0xBF, 0x9D,
        0x75, 0xEC, 0xFF, 0x00, 0x4A, 0xB5, 0x0E, 0xE2, 0xD1, 0xB8, 0x43, 0xA0, 0x48, 0xF3, 0x85, 0x54,
        0x61, 0xED, 0x98, 0xB1, 0xC6, 0x49, 0x24, 0xBA, 0x0B, 0xA4, 0xFF, 0x00, 0x2A, 0x14, 0xA6, 0x52,
        0x04, 0x50, 0x63, 0x20, 0x11, 0x45, 0xAD, 0x76, 0x2B, 0x9E, 0x5C, 0x6A, 0xDA, 0x43, 0xC6, 0xD7,
        0xB5, 0xE0, 0xED, 0x20, 0x7D, 0x1F, 0x7B, 0x62, 0xC6, 0xBE, 0xB7, 0x7F, 0x37, 0x63, 0x55, 0x3D,
        0xD9, 0x98, 0xAC, 0x75, 0x2E, 0xC8, 0x70, 0x60, 0x07, 0x42, 0x05, 0x84, 0x88, 0x97, 0x7E, 0xB1,
        0x6C, 0xED, 0x6F, 0xF6, 0x16, 0x83, 0xDC, 0xC0, 0xFF, 0x00, 0x4C, 0x07, 0x3D, 0xE4, 0xED, 0x87,
        0x68, 0x38, 0x4E, 0x71, 0x2B, 0xB2, 0xB2, 0xDB, 0xE1, 0xCD, 0x22, 0x20, 0x08, 0x0D, 0xF3, 0x6F,
        0xF2, 0x94, 0x19, 0x63, 0x92, 0x5F, 0xCD, 0xCB, 0x86, 0x40, 0x9F, 0xEE, 0x7F, 0x84, 0xAE, 0x94,
        0xD7, 0xC4, 0xA1, 0x8E, 0x77, 0xA4, 0x5A, 0x77, 0x00, 0x1F, 0x63, 0xCB, 0xA4, 0x92, 0x7E, 0x8B,
        0x6C, 0xFE, 0xCA, 0x3D, 0xD8, 0xF7, 0xD5, 0x6F, 0xAF, 0x8C, 0xDD, 0xFA, 0x06, 0xBE, 0x89, 0x0D,
        0xDC, 0x00, 0xF6, 0xBA, 0xBB, 0x3F, 0x32, 0xC6, 0xFF, 0x00, 0x2F, 0xE9, 0xA0, 0xE2, 0xDC, 0xEA,
        0x9D, 0x5D, 0x0F, 0x6E, 0xD7, 0xB6, 0x47, 0xAA, 0x60, 0x36, 0xC0, 0x3F, 0x3D, 0xBF, 0xCB, 0x7F,
        0xEE, 0x2D, 0x16, 0x58, 0x1C, 0x01, 0xF9, 0xEA, 0xA4, 0xC5, 0xB6, 0xA7, 0x88, 0x83, 0xA9, 0x46,
        0x85, 0xCE, 0xFB, 0x43, 0xEC, 0xB1, 0xD4, 0x8A, 0x6F, 0x02, 0xB8, 0x16, 0x98, 0x06, 0x49, 0x1F,
        0xCD, 0xB5, 0xDB, 0xB6, 0xFF, 0x00, 0x5E, 0xC5, 0x13, 0x8B, 0x69, 0xB6, 0xA3, 0xB7, 0xEC, 0xF5,
        0x92, 0x25, 0xAD, 0x74, 0xD8, 0x0C, 0xCB, 0x36, 0xEC, 0x6E, 0xC6, 0x7F, 0x2D, 0x4A, 0xA7, 0xDB,
        0x82, 0x1F, 0x5B, 0xDA, 0x2C, 0xAD, 0xD6, 0x39, 0xED, 0x78, 0x78, 0x0F, 0x1E, 0xA3, 0x9C, 0xED,
        0xB6, 0x57, 0x67, 0xBB, 0xE9, 0x7E, 0x8E, 0xBD, 0x9F, 0x4D, 0x11, 0x87, 0x2A, 0xEB, 0x1B, 0x73,
        0xAA, 0xF4, 0xE1, 0xA4, 0x56, 0xC7, 0xBA, 0x48, 0x93, 0xF4, 0x9F, 0xB7, 0xFA, 0xBF, 0xEA, 0xF5,
        0x22, 0x37, 0xDD, 0xB7, 0x45, 0x14, 0x63, 0xB0, 0xB2, 0xA6, 0x86, 0x82, 0x4B, 0x8F, 0x72, 0x49,
        0xFA, 0x4F, 0x73, 0x9D, 0xF4, 0x95, 0x4C, 0x8C, 0xCC, 0xDB, 0x2D, 0x68, 0xE9, 0xED, 0x65, 0x95,
        0xB2, 0x7D, 0x77, 0xBC, 0x90, 0x0C, 0x1D, 0xBE, 0x85, 0x0E, 0x1F, 0xE1, 0xBF, 0xE1, 0x1D, 0xFA,
        0x34, 0x73, 0x46, 0xFF, 0x00, 0xE9, 0x0F, 0xDE, 0x27, 0x46, 0x8F, 0x68, 0x8F, 0xDD, 0x74, 0x7D,
        0x34, 0x40, 0x1B, 0x01, 0xB5, 0xB3, 0x41, 0xA0, 0x03, 0x41, 0xA2, 0x29, 0x23, 0x4E, 0xCD, 0x6F,
        0xB7, 0x63, 0x5A, 0xD8, 0xDD, 0xE9, 0xDE, 0x35, 0x15, 0x59, 0xEC, 0xB3, 0x43, 0xB3, 0xE8, 0x3B,
        0xF3, 0x77, 0x7E, 0xEA, 0xD1, 0x6F, 0x3E, 0x4A, 0xBB, 0xF1, 0x6A, 0xB6, 0x3D, 0x76, 0x36, 0xD0,
        0x0C, 0xB4, 0x3D, 0xA1, 0xD1, 0xF7, 0xAB, 0x0C, 0x1A, 0xA4, 0xA1, 0x7D, 0x5F, 0xFF, 0xD3, 0xC8,
        0xCA, 0x6E, 0x2D, 0x19, 0x0E, 0xAA, 0xD7, 0x7A, 0x0F, 0x0F, 0x73, 0x2D, 0x63, 0xB7, 0x03, 0x2D,
        0x71, 0x63, 0xBE, 0x94, 0xFD, 0x04, 0x26, 0xE3, 0xFA, 0x79, 0x0C, 0xBE, 0xA7, 0x03, 0xB5, 0xC1,
        0xCC, 0xB1, 0x8E, 0x04, 0x4C, 0xEE, 0x66, 0xF6, 0x8F, 0xA0, 0xF5, 0xE9, 0x5D, 0x77, 0xEA, 0xEF,
        0x4E, 0xCD, 0xB5, 0xD9, 0x16, 0xEF, 0xAA, 0xCB, 0x80, 0x63, 0xDC, 0xC8, 0x2D, 0xDE, 0x3E, 0x85,
        0xAF, 0xA8, 0x8F, 0xA7, 0xB7, 0xF4, 0x6F, 0xF7, 0xAF, 0x3C, 0xCB, 0xE8, 0xB5, 0xE1, 0xE6, 0xDB,
        0x59, 0x26, 0x97, 0xD4, 0xE0, 0x1C, 0xFA, 0x5D, 0xA3, 0xC4, 0x6E, 0x0F, 0xAE, 0x7F, 0x35, 0xDF,
        0xCB, 0x50, 0x90, 0x6D, 0x94, 0x1D, 0x2D, 0xEE, 0x30, 0xBF, 0x67, 0xFD, 0x60, 0xC3, 0xAD, 0xD6,
        0x7B, 0x73, 0x6B, 0x68, 0x6F, 0xA8, 0x00, 0x0E, 0x27, 0xFA, 0x9F, 0x9F, 0x5B, 0x90, 0x71, 0xFA,
        0x5B, 0xBA, 0x5F, 0x51, 0xF4, 0xC5, 0xE0, 0xB2, 0xFD, 0x4B, 0x1A, 0xD9, 0x03, 0xDD, 0xB7, 0x7C,
        0xB7, 0xE8, 0xED, 0xFF, 0x00, 0x08, 0xC5, 0xC6, 0xB2, 0xFC, 0x8B, 0xDC, 0x2B, 0xC1, 0x05, 0xEF,
        0x1A, 0x1B, 0xC7, 0xB4, 0x01, 0xF4, 0x77, 0xDB, 0x90, 0xDD, 0xBB, 0x79, 0xFF, 0x00, 0x07, 0xB1,
        0x76, 0x3F, 0x56, 0x3A, 0x78, 0xC3, 0xE9, 0xCC, 0x67, 0x51, 0xC8, 0x74, 0x52, 0xF7, 0x3F, 0x19,
        0xF5, 0xBB, 0x6B, 0x6B, 0x0F, 0xF7, 0x5C, 0xCA, 0xDE, 0xDF, 0x7F, 0xA7, 0x63, 0xF7, 0x24, 0x62,
        0x34, 0x27, 0x74, 0x71, 0x1E, 0x9B, 0x22, 0xCD, 0xCB, 0xFA, 0xCB, 0x9E, 0xFB, 0x31, 0x71, 0x85,
        0x3D, 0x36, 0x89, 0x6B, 0x7E, 0xD7, 0x74, 0xBD, 0xE1, 0xB1, 0xFA, 0x4D, 0xDA, 0x7B, 0xDF, 0xF9,
        0x8C, 0xFB, 0x3F, 0xF6, 0xF2, 0x11, 0xB0, 0x3E, 0xAE, 0xF4, 0xBC, 0x19, 0xB9, 0xAF, 0x7E, 0x4E,
        0x63, 0x81, 0xF5, 0x33, 0x6F, 0x21, 0xD6, 0x12, 0x7F, 0xD0, 0x81, 0xED, 0xC5, 0x6F, 0xFC, 0x57,
        0xBF, 0xFE, 0x11, 0xEB, 0x62, 0xDC, 0xDE, 0x8F, 0x60, 0xD8, 0xE7, 0xD6, 0x5A, 0x3D, 0xBB, 0xC9,
        0x02, 0x23, 0xE3, 0xEE, 0x55, 0x73, 0xF1, 0x31, 0xAE, 0xC7, 0x3F, 0x63, 0xC8, 0x60, 0x06, 0x63,
        0x73, 0xE1, 0xA4, 0xCF, 0x72, 0xC7, 0x31, 0xCD, 0x4A, 0xCF, 0x44, 0x79, 0xDB, 0x99, 0x95, 0x7F,
        0x4C, 0xC0, 0x71, 0x61, 0x71, 0x6B, 0xED, 0x74, 0xB5, 0x82, 0x5D, 0xA9, 0xD3, 0x7F, 0xF2, 0x77,
        0x7E, 0xFA, 0xC5, 0x2F, 0xA7, 0x2F, 0xAD, 0x62, 0x62, 0xD7, 0x39, 0x74, 0xE7, 0xBE, 0xAA, 0x8B,
        0x9D, 0xCB, 0x5B, 0xEA, 0x83, 0x78, 0xB5, 0xB1, 0xF4, 0xAB, 0x6B, 0x1D, 0x57, 0xEF, 0xD6, 0x8B,
        0xD4, 0xB1, 0x5D, 0x5B, 0x5C, 0x6C, 0x18, 0x81, 0xFB, 0x49, 0x7B, 0x83, 0x9A, 0xE3, 0x23, 0xF3,
        0xB7, 0x6E, 0x6A, 0xA5, 0xD1, 0xF3, 0x5C, 0x7E, 0xB0, 0xF4, 0xD7, 0xB6, 0xD6, 0x9A, 0xCD, 0xD5,
        0x97, 0x39, 0xA7, 0x40, 0xF1, 0xFA, 0xBD, 0xDF, 0x47, 0xF9, 0xCD, 0xEC, 0x77, 0xD3, 0x42, 0x23,
        0xBA, 0xE2, 0x7B, 0x3E, 0xB2, 0x75, 0x27, 0xE2, 0x53, 0x24, 0x9D, 0x4E, 0xC4, 0xD7, 0xB2, 0x87,
        0xBB, 0x23, 0xD4, 0x63, 0xC8, 0x05, 0xBB, 0x4B, 0x00, 0x11, 0xA1, 0x27, 0x7E, 0xE8, 0xDD, 0xFC,
        0x95, 0x21, 0x8A, 0x67, 0x73, 0xC1, 0x74, 0xF8, 0xEA, 0xA9, 0xFD, 0x67, 0x0E, 0x3F, 0x56, 0x7A,
        0xBE, 0xDF, 0xA5, 0xF6, 0x1C, 0x9D, 0xB1, 0xCC, 0xFA, 0x4F, 0x85, 0xC3, 0x74, 0x4C, 0x1F, 0xB0,
        0xB3, 0xEA, 0xCF, 0x54, 0x77, 0x4A, 0xAF, 0xA4, 0x53, 0x63, 0xF1, 0xD8, 0xEE, 0xA1, 0x8B, 0x7F,
        0xAB, 0x76, 0x41, 0xC8, 0xAC, 0x57, 0x4D, 0x79, 0x54, 0x11, 0x47, 0xA7, 0x8F, 0x97, 0x6B, 0x99,
        0x6D, 0xFF, 0x00, 0xD2, 0xED, 0xAB, 0xFE, 0xDC, 0xB5, 0x0E, 0x10, 0xA7, 0xBF, 0xCA, 0x6E, 0x3D,
        0x94, 0xB2, 0xC3, 0x65, 0x62, 0xA6, 0x5A, 0xD2, 0x6C, 0x71, 0x6E, 0xC9, 0x0E, 0xF4, 0x7D, 0x2D,
        0xD3, 0xB3, 0x7B, 0xAC, 0x77, 0xA5, 0xFF, 0x00, 0x18, 0xA1, 0x6F, 0xEC, 0x7A, 0x6F, 0x6E, 0x3D,
        0xD6, 0xD1, 0x4E, 0x43, 0xB6, 0x39, 0x94, 0xBA, 0xC6, 0xB1, 0xFE, 0xF7, 0x7A, 0x14, 0xB9, 0xB5,
        0x17, 0x35, 0xDF, 0xA5, 0xB7, 0xF4, 0x35, 0xFB, 0x7F, 0x49, 0x67, 0xE8, 0xD7, 0x11, 0xF5, 0xDB,
        0x66, 0x0E, 0x4F, 0x53, 0xAB, 0xA4, 0x16, 0xB7, 0x1B, 0xD3, 0xC7, 0xCD, 0xEB, 0xD4, 0x49, 0x14,
        0xD7, 0x7F, 0xDA, 0x31, 0x9D, 0x85, 0x7D, 0x2D, 0xAD, 0xB6, 0x7A, 0x5D, 0x43, 0x35, 0x8C, 0x77,
        0xDA, 0xAB, 0xFD, 0x17, 0xDA, 0x31, 0xAB, 0xFB, 0x47, 0xF3, 0xCB, 0x57, 0x03, 0xA6, 0x7E, 0xD5,
        0xE9, 0xDD, 0x77, 0xA5, 0x75, 0x07, 0x0A, 0x7E, 0xB2, 0xE4, 0xD8, 0x5D, 0x9B, 0x60, 0x25, 0xAD,
        0x0E, 0x69, 0xDF, 0xD1, 0xF2, 0x30, 0x9C, 0xDF, 0xD3, 0x3B, 0xA6, 0xD1, 0xB2, 0xAF, 0xB3, 0xFF,
        0x00, 0x86, 0xF5, 0x3D, 0x6F, 0x5B, 0xF4, 0xC9, 0x08, 0x80, 0x49, 0x1D, 0x77, 0x53, 0xD1, 0x5F,
        0x67, 0x4E, 0xC1, 0xB2, 0x9A, 0x6D, 0xB5, 0x94, 0x5B, 0x78, 0x79, 0xA2, 0xB2, 0x4E, 0xF7, 0x8A,
        0x9B, 0xEA, 0xDD, 0xE9, 0xB0, 0x6E, 0xB2, 0xCF, 0x4A, 0xBF, 0x73, 0xD2, 0xAF, 0xA8, 0x74, 0xA7,
        0xF4, 0xE6, 0xF5, 0x41, 0x99, 0x48, 0xE9, 0xEE, 0x01, 0xC3, 0x2D, 0xD6, 0x06, 0xD5, 0x04, 0xFA,
        0x5E, 0xEB, 0x5E, 0x5A, 0xD6, 0xFE, 0x97, 0xF4, 0x5E, 0xEF, 0xF0, 0xBF, 0xA3, 0x5C, 0xF7, 0x40,
        0xCF, 0x77, 0xD6, 0x1F, 0xAC, 0x55, 0x75, 0x6C, 0x82, 0x2B, 0x1D, 0x17, 0xA7, 0x36, 0xAC, 0x8A,
        0x5E, 0xD2, 0xCF, 0x47, 0xA8, 0x64, 0x39, 0xE3, 0xA8, 0x47, 0xA9, 0xF4, 0x3D, 0x0A, 0x71, 0x7D,
        0x2B, 0x37, 0x7E, 0x63, 0xD6, 0x5F, 0x4D, 0xA3, 0x0E, 0xCF, 0xAC, 0x58, 0xB9, 0x56, 0x56, 0xFA,
        0xFE, 0xAA, 0xE7, 0x66, 0x5D, 0x67, 0x43, 0xA2, 0xC2, 0x3D, 0x13, 0x9E, 0x1A, 0xD1, 0xF6, 0xA7,
        0x52, 0xF1, 0xBA, 0x9C, 0x7C, 0xD7, 0x37, 0x2D, 0xFD, 0x2A, 0x8F, 0x57, 0xF9, 0xDF, 0x7D, 0x78,
        0xF4, 0xFA, 0xE8, 0xA9, 0xF4, 0x21, 0x5B, 0x5B, 0xA0, 0x11, 0xE4, 0x9E, 0x02, 0x73, 0xCA, 0x49,
        0x29, 0x49, 0xDB, 0xCA, 0x64, 0xED, 0xE5, 0x25, 0x3F, 0xFF, 0xD4, 0xF4, 0x4E, 0xA9, 0x8B, 0x76,
        0x46, 0x23, 0xEA, 0xC7, 0x70, 0x6D, 0x85, 0xCD, 0x20, 0x92, 0x40, 0xF6, 0x9D, 0xCE, 0x6E, 0xE1,
        0xEE, 0x6E, 0xFF, 0x00, 0xA2, 0xBC, 0xF7, 0xAB, 0x7D, 0x87, 0x33, 0x2E, 0xC1, 0xE8, 0xDA, 0x32,
        0x30, 0x43, 0x71, 0xF2, 0x6B, 0xB4, 0x1A, 0xEB, 0x73, 0x87, 0xD0, 0xDB, 0x48, 0xDB, 0xF4, 0x3F,
        0xD3, 0x7F, 0x37, 0x7D, 0x7F, 0xE0, 0x97, 0xA6, 0xBB, 0x52, 0xA8, 0x66, 0xF4, 0x7C, 0x2C, 0xD7,
        0xB6, 0xCB, 0x59, 0x16, 0xB3, 0x6F, 0xE9, 0x1B, 0xA1, 0x2D, 0x61, 0xDE, 0xDA, 0xAC, 0xFD, 0xFA,
        0xF7, 0x26, 0xC8, 0x1D, 0xC2, 0x41, 0xEE, 0xE2, 0x74, 0x1E, 0x8A, 0xC6, 0xD4, 0xCB, 0xEE, 0x63,
        0x43, 0x9C, 0xD0, 0x5B, 0x58, 0x01, 0xAD, 0x68, 0x9D, 0xDF, 0xCD, 0x8F, 0x6A, 0xDA, 0x38, 0xB5,
        0x7A, 0x66, 0xBF, 0x4D, 0xAD, 0x69, 0x91, 0xB6, 0x34, 0x32, 0x55, 0x86, 0xD4, 0x5B, 0x0D, 0x11,
        0x1E, 0x3D, 0xD4, 0x9D, 0x43, 0x8F, 0xE7, 0x42, 0x6F, 0x09, 0x55, 0xEA, 0xF3, 0xB7, 0xFD, 0x57,
        0xE9, 0xC4, 0xB9, 0xF5, 0xB0, 0xD6, 0xEF, 0xDD, 0x6B, 0x88, 0x0B, 0x1A, 0xEF, 0xAB, 0x79, 0x7B,
        0xDC, 0x2A, 0x78, 0x6B, 0x1D, 0xA1, 0x30, 0x1B, 0xA7, 0x97, 0xD3, 0x6B, 0xBF, 0xED, 0xA5, 0xD8,
        0xE6, 0xB2, 0xFA, 0x29, 0x7D, 0xAC, 0x1E, 0xB0, 0x60, 0x92, 0xC6, 0x88, 0x74, 0x7F, 0x27, 0x9D,
        0xCB, 0x22, 0x9C, 0x8C, 0x8C, 0x87, 0xEE, 0x73, 0x76, 0x4C, 0x86, 0x54, 0x7B, 0xF8, 0xD8, 0xE7,
        0x7E, 0xEF, 0xEE, 0x26, 0x91, 0x46, 0x97, 0x82, 0x6A, 0xDE, 0x37, 0x2B, 0xA0, 0x8C, 0x6B, 0x37,
        0x1A, 0xD8, 0x37, 0x48, 0x05, 0xA0, 0x0D, 0x47, 0xE7, 0x6E, 0x6F, 0xB3, 0xFC, 0xD5, 0x5C, 0x62,
        0x57, 0x41, 0xF4, 0xE9, 0xB5, 0xA5, 0xED, 0x3B, 0xC0, 0x02, 0x0B, 0x4E, 0x9F, 0x42, 0xC7, 0x0F,
        0x26, 0xAD, 0x5E, 0xBC, 0x3A, 0x97, 0x50, 0xCE, 0x76, 0x27, 0x4F, 0xAC, 0xE4, 0xDA, 0xCF, 0x64,
        0x03, 0x03, 0x4F, 0x73, 0xC9, 0x76, 0x8D, 0xAD, 0x88, 0x54, 0x7D, 0x54, 0xFA, 0xC1, 0x5D, 0x66,
        0xED, 0x8D, 0xB4, 0x09, 0xDF, 0x49, 0x70, 0xDD, 0xFC, 0xAD, 0x8E, 0x0E, 0xDA, 0xE4, 0x0D, 0xDA,
        0x74, 0xAB, 0x7B, 0xFE, 0x85, 0xD5, 0x99, 0xD5, 0x70, 0x19, 0x90, 0x0C, 0x5C, 0xC3, 0xE9, 0x64,
        0x30, 0xE8, 0x45, 0x8D, 0x1E, 0xED, 0x3F, 0x97, 0xF4, 0xD6, 0x89, 0x07, 0xB6, 0x8B, 0xCE, 0xFE,
        0xA6, 0x65, 0x64, 0xE0, 0xFD, 0x66, 0x1D, 0x3E, 0xEA, 0xDE, 0xC6, 0x75, 0x16, 0xBE, 0x03, 0xE6,
        0x77, 0xD2, 0xD3, 0x67, 0xB9, 0xBF, 0xBC, 0xDD, 0xBF, 0x4D, 0x7A, 0x20, 0x32, 0xA6, 0x89, 0xB0,
        0xC7, 0x21, 0x45, 0x8D, 0xF4, 0xD5, 0x91, 0x45, 0x98, 0xF7, 0xB7, 0x7D, 0x37, 0x31, 0xD5, 0xD8,
        0xC9, 0x22, 0x5A, 0xF1, 0xB1, 0xED, 0x96, 0xFB, 0xBD, 0xCD, 0x2B, 0x23, 0x07, 0xEA, 0x6F, 0xD5,
        0xAC, 0x0C, 0x9A, 0x72, 0xB1, 0xB0, 0xBF, 0x4D, 0x8C, 0x23, 0x1D, 0xD6, 0xDB, 0x75, 0xE2, 0xB8,
        0xE3, 0xD1, 0xAF, 0x2A, 0xDB, 0x6B, 0xA9, 0xCD, 0x8F, 0x6E, 0xC6, 0xAD, 0xA4, 0x91, 0x43, 0x48,
        0x74, 0x5E, 0x92, 0x31, 0x72, 0x30, 0xFE, 0xC9, 0x5B, 0xB1, 0xB3, 0x2D, 0x75, 0xF9, 0x55, 0x3C,
        0x6F, 0x6D, 0x96, 0xBD, 0xC2, 0xD7, 0xDB, 0x6E, 0xFD, 0xDB, 0xDF, 0xBD, 0xAC, 0x52, 0xCE, 0xA9,
        0xF5, 0x83, 0x9F, 0x87, 0x87, 0x56, 0x5F, 0x52, 0xAD, 0xBE, 0x9D, 0x5E, 0xA3, 0xC5, 0x2E, 0x35,
        0xB9, 0xC1, 0xD6, 0x55, 0xF6, 0xAF, 0x4E, 0xE7, 0x32, 0xBF, 0xF0, 0xBE, 0x9E, 0xC5, 0x6D, 0x24,
        0x94, 0xE4, 0x7D, 0x5F, 0xE8, 0xD6, 0x60, 0x60, 0xE4, 0xB7, 0x3C, 0xD7, 0x76, 0x67, 0x52, 0xC8,
        0xB7, 0x2F, 0x3C, 0x56, 0x09, 0xA4, 0xBE, 0xEF, 0x69, 0xA2, 0xA1, 0x60, 0xDC, 0xEC, 0x7A, 0xE9,
        0x6B, 0x2A, 0xFD, 0x27, 0xF3, 0x8B, 0x4A, 0xCC, 0x5C, 0x6B, 0x69, 0x6D, 0x16, 0xD3, 0x5D, 0x94,
        0xD6, 0x5A, 0x59, 0x5B, 0x9A, 0x0B, 0x5A, 0x6B, 0x21, 0xD5, 0x39, 0x8C, 0xFA, 0x2C, 0x75, 0x4E,
        0x6F, 0xE8, 0xB6, 0xFF, 0x00, 0x36, 0x8A, 0x92, 0x4A, 0x51, 0x4D, 0xDD, 0x3A, 0x49, 0x29, 0x49,
        0xDB, 0xCA, 0x64, 0xED, 0xE5, 0x25, 0x3F, 0xFF, 0xD5, 0xF4, 0xF3, 0xCA, 0x49, 0x6B, 0x3D, 0xFF,
        0x00, 0x04, 0xB5, 0xFF, 0x00, 0x58, 0x49, 0x4B, 0x27, 0x4B, 0x59, 0xFF, 0x00, 0x72, 0x5A, 0xFF,
        0x00, 0xAC, 0x24, 0xA5, 0x88, 0x1C, 0xF7, 0x58, 0xBD, 0x6F, 0x0F, 0x36, 0xBC, 0x6B, 0x2E, 0xE9,
        0xB5, 0x7A, 0xCF, 0x68, 0x73, 0x9D, 0x8E, 0xD3, 0x16, 0x1F, 0xCE, 0xDB, 0x8E, 0xE7, 0x7B, 0x3F,
        0xEB, 0x7F, 0xE6, 0x2D, 0xBD, 0x7F, 0xD6, 0x13, 0x3A, 0x63, 0xFD, 0xC9, 0xA6, 0x92, 0x2F, 0xA3,
        0xE7, 0xBF, 0x56, 0x3A, 0xE6, 0x2D, 0xD6, 0x65, 0x53, 0x02, 0xAC, 0xDB, 0x4B, 0x8E, 0x45, 0x6E,
        0x96, 0xDA, 0xD0, 0x3F, 0x9C, 0xA9, 0xEC, 0x76, 0xD7, 0xB2, 0xCA, 0x5D, 0xBD, 0x8B, 0xA1, 0xFD,
        0xA7, 0x89, 0x55, 0x6D, 0x66, 0xCF, 0xD1, 0xD2, 0x09, 0xDA, 0xDE, 0xFB, 0x47, 0xE8, 0xDB, 0xFD,
        0x45, 0x5F, 0xEB, 0x3E, 0xDF, 0xDA, 0xB8, 0xFE, 0xA7, 0xEC, 0x6D, 0xBA, 0x7F, 0xCA, 0x1B, 0xBE,
        0xD9, 0xC7, 0xFD, 0xA6, 0xF4, 0x3F, 0x49, 0xB5, 0x56, 0xEB, 0x9F, 0x63, 0xFB, 0x03, 0xBE, 0xD1,
        0xFB, 0x37, 0x6E, 0xD3, 0x3F, 0xD2, 0xB6, 0x73, 0xFF, 0x00, 0x74, 0x7D, 0xFE, 0x9F, 0xF5, 0x53,
        0x08, 0x17, 0xBA, 0xFB, 0xD3, 0x50, 0xF2, 0xED, 0xFA, 0xC4, 0xEF, 0x57, 0x0F, 0xAC, 0x3D, 0xCE,
        0x7E, 0x6B, 0x1E, 0xE7, 0xB7, 0x69, 0x8D, 0xAE, 0x0E, 0x2D, 0xF4, 0x5C, 0xD1, 0xFF, 0x00, 0x69,
        0x5E, 0xD7, 0x3F, 0x1D, 0x7A, 0xD0, 0x20, 0x92, 0x47, 0x07, 0x51, 0xF3, 0xD5, 0x79, 0x37, 0xD5,
        0xDF, 0xD9, 0x7F, 0xB5, 0x71, 0x7E, 0xCF, 0xFF, 0x00, 0x37, 0xBD, 0x4F, 0x53, 0xDB, 0xB7, 0xF6,
        0x86, 0xEE, 0x1D, 0xFC, 0xCF, 0xDB, 0xBF, 0x56, 0xF5, 0xBF, 0x77, 0xD4, 0x5E, 0xB0, 0xD9, 0x93,
        0xCF, 0xE0, 0x9F, 0x1F, 0x0D, 0x42, 0xD9, 0x74, 0xD1, 0x92, 0x49, 0x6B, 0xFE, 0xB0, 0x96, 0xBF,
        0xEB, 0x09, 0xCB, 0x54, 0x92, 0x5A, 0xFF, 0x00, 0xAC, 0x25, 0xAF, 0xFA, 0xC2, 0x4A, 0x52, 0x49,
        0x6B, 0xFE, 0xB0, 0x96, 0xBF, 0xEB, 0x09, 0x29, 0x49, 0x25, 0xAF, 0xFA, 0xC2, 0x5A, 0xFF, 0x00,
        0xAC, 0x24, 0xA5, 0x27, 0x6F, 0x29, 0xB5, 0xFF, 0x00, 0x58, 0x4E, 0x26, 0x7B, 0xFC, 0xA1, 0x25,
        0x3F, 0xFF, 0xD9, 0xFF, 0xED, 0x1F, 0x14, 0x50, 0x68, 0x6F, 0x74, 0x6F, 0x73, 0x68, 0x6F, 0x70,
        0x20, 0x33, 0x2E, 0x30, 0x00, 0x38, 0x42, 0x49, 0x4D, 0x04, 0x25, 0x00, 0x00, 0x00, 0x00, 0x00,
        0x10, 0x00, 0x00, 0x00, 0x00, 0x00, 0x00, 0x00, 0x00, 0x00, 0x00, 0x00, 0x00, 0x00, 0x00, 0x00,
        0x00, 0x38, 0x42, 0x49, 0x4D, 0x04, 0x3A, 0x00, 0x00, 0x00, 0x00, 0x00, 0xE5, 0x00, 0x00, 0x00,
        0x10, 0x00, 0x00, 0x00, 0x01, 0x00, 0x00, 0x00, 0x00, 0x00, 0x0B, 0x70, 0x72, 0x69, 0x6E, 0x74,
        0x4F, 0x75, 0x74, 0x70, 0x75, 0x74, 0x00, 0x00, 0x00, 0x05, 0x00, 0x00, 0x00, 0x00, 0x50, 0x73,
        0x74, 0x53, 0x62, 0x6F, 0x6F, 0x6C, 0x01, 0x00, 0x00, 0x00, 0x00, 0x49, 0x6E, 0x74, 0x65, 0x65,
        0x6E, 0x75, 0x6D, 0x00, 0x00, 0x00, 0x00, 0x49, 0x6E, 0x74, 0x65, 0x00, 0x00, 0x00, 0x00, 0x43,
        0x6C, 0x72, 0x6D, 0x00, 0x00, 0x00, 0x0F, 0x70, 0x72, 0x69, 0x6E, 0x74, 0x53, 0x69, 0x78, 0x74,
        0x65, 0x65, 0x6E, 0x42, 0x69, 0x74, 0x62, 0x6F, 0x6F, 0x6C, 0x00, 0x00, 0x00, 0x00, 0x0B, 0x70,
        0x72, 0x69, 0x6E, 0x74, 0x65, 0x72, 0x4E, 0x61, 0x6D, 0x65, 0x54, 0x45, 0x58, 0x54, 0x00, 0x00,
        0x00, 0x01, 0x00, 0x00, 0x00, 0x00, 0x00, 0x0F, 0x70, 0x72, 0x69, 0x6E, 0x74, 0x50, 0x72, 0x6F,
        0x6F, 0x66, 0x53, 0x65, 0x74, 0x75, 0x70, 0x4F, 0x62, 0x6A, 0x63, 0x00, 0x00, 0x00, 0x0C, 0x00,
        0x50, 0x00, 0x72, 0x00, 0x6F, 0x00, 0x6F, 0x00, 0x66, 0x00, 0x20, 0x00, 0x53, 0x00, 0x65, 0x00,
        0x74, 0x00, 0x75, 0x00, 0x70, 0x00, 0x00, 0x00, 0x00, 0x00, 0x0A, 0x70, 0x72, 0x6F, 0x6F, 0x66,
        0x53, 0x65, 0x74, 0x75, 0x70, 0x00, 0x00, 0x00, 0x01, 0x00, 0x00, 0x00, 0x00, 0x42, 0x6C, 0x74,
        0x6E, 0x65, 0x6E, 0x75, 0x6D, 0x00, 0x00, 0x00, 0x0C, 0x62, 0x75, 0x69, 0x6C, 0x74, 0x69, 0x6E,
        0x50, 0x72, 0x6F, 0x6F, 0x66, 0x00, 0x00, 0x00, 0x09, 0x70, 0x72, 0x6F, 0x6F, 0x66, 0x43, 0x4D,
        0x59, 0x4B, 0x00, 0x38, 0x42, 0x49, 0x4D, 0x04, 0x3B, 0x00, 0x00, 0x00, 0x00, 0x02, 0x2D, 0x00,
        0x00, 0x00, 0x10, 0x00, 0x00, 0x00, 0x01, 0x00, 0x00, 0x00, 0x00, 0x00, 0x12, 0x70, 0x72, 0x69,
        0x6E, 0x74, 0x4F, 0x75, 0x74, 0x70, 0x75, 0x74, 0x4F, 0x70, 0x74, 0x69, 0x6F, 0x6E, 0x73, 0x00,
        0x00, 0x00, 0x17, 0x00, 0x00, 0x00, 0x00, 0x43, 0x70, 0x74, 0x6E, 0x62, 0x6F, 0x6F, 0x6C, 0x00,
        0x00, 0x00, 0x00, 0x00, 0x43, 0x6C, 0x62, 0x72, 0x62, 0x6F, 0x6F, 0x6C, 0x00, 0x00, 0x00, 0x00,
        0x00, 0x52, 0x67, 0x73, 0x4D, 0x62, 0x6F, 0x6F, 0x6C, 0x00, 0x00, 0x00, 0x00, 0x00, 0x43, 0x72,
        0x6E, 0x43, 0x62, 0x6F, 0x6F, 0x6C, 0x00, 0x00, 0x00, 0x00, 0x00, 0x43, 0x6E, 0x74, 0x43, 0x62,
        0x6F, 0x6F, 0x6C, 0x00, 0x00, 0x00, 0x00, 0x00, 0x4C, 0x62, 0x6C, 0x73, 0x62, 0x6F, 0x6F, 0x6C,
        0x00, 0x00, 0x00, 0x00, 0x00, 0x4E, 0x67, 0x74, 0x76, 0x62, 0x6F, 0x6F, 0x6C, 0x00, 0x00, 0x00,
        0x00, 0x00, 0x45, 0x6D, 0x6C, 0x44, 0x62, 0x6F, 0x6F, 0x6C, 0x00, 0x00, 0x00, 0x00, 0x00, 0x49,
        0x6E, 0x74, 0x72, 0x62, 0x6F, 0x6F, 0x6C, 0x00, 0x00, 0x00, 0x00, 0x00, 0x42, 0x63, 0x6B, 0x67,
        0x4F, 0x62, 0x6A, 0x63, 0x00, 0x00, 0x00, 0x01, 0x00, 0x00, 0x00, 0x00, 0x00, 0x00, 0x52, 0x47,
        0x42, 0x43, 0x00, 0x00, 0x00, 0x03, 0x00, 0x00, 0x00, 0x00, 0x52, 0x64, 0x20, 0x20, 0x64, 0x6F,
        0x75, 0x62, 0x40, 0x6F, 0xE0, 0x00, 0x00, 0x00, 0x00, 0x00, 0x00, 0x00, 0x00, 0x00, 0x47, 0x72,
        0x6E, 0x20, 0x64, 0x6F, 0x75, 0x62, 0x40, 0x6F, 0xE0, 0x00, 0x00, 0x00, 0x00, 0x00, 0x00, 0x00,
        0x00, 0x00, 0x42, 0x6C, 0x20, 0x20, 0x64, 0x6F, 0x75, 0x62, 0x40, 0x6F, 0xE0, 0x00, 0x00, 0x00,
        0x00, 0x00, 0x00, 0x00, 0x00, 0x00, 0x42, 0x72, 0x64, 0x54, 0x55, 0x6E, 0x74, 0x46, 0x23, 0x52,
        0x6C, 0x74, 0x00, 0x00, 0x00, 0x00, 0x00, 0x00, 0x00, 0x00, 0x00, 0x00, 0x00, 0x00, 0x42, 0x6C,
        0x64, 0x20, 0x55, 0x6E, 0x74, 0x46, 0x23, 0x52, 0x6C, 0x74, 0x00, 0x00, 0x00, 0x00, 0x00, 0x00,
        0x00, 0x00, 0x00, 0x00, 0x00, 0x00, 0x52, 0x73, 0x6C, 0x74, 0x55, 0x6E, 0x74, 0x46, 0x23, 0x50,
        0x78, 0x6C, 0x40, 0x52, 0x00, 0x00, 0x00, 0x00, 0x00, 0x00, 0x00, 0x00, 0x00, 0x0A, 0x76, 0x65,
        0x63, 0x74, 0x6F, 0x72, 0x44, 0x61, 0x74, 0x61, 0x62, 0x6F, 0x6F, 0x6C, 0x01, 0x00, 0x00, 0x00,
        0x00, 0x50, 0x67, 0x50, 0x73, 0x65, 0x6E, 0x75, 0x6D, 0x00, 0x00, 0x00, 0x00, 0x50, 0x67, 0x50,
        0x73, 0x00, 0x00, 0x00, 0x00, 0x50, 0x67, 0x50, 0x43, 0x00, 0x00, 0x00, 0x00, 0x4C, 0x65, 0x66,
        0x74, 0x55, 0x6E, 0x74, 0x46, 0x23, 0x52, 0x6C, 0x74, 0x00, 0x00, 0x00, 0x00, 0x00, 0x00, 0x00,
        0x00, 0x00, 0x00, 0x00, 0x00, 0x54, 0x6F, 0x70, 0x20, 0x55, 0x6E, 0x74, 0x46, 0x23, 0x52, 0x6C,
        0x74, 0x00, 0x00, 0x00, 0x00, 0x00, 0x00, 0x00, 0x00, 0x00, 0x00, 0x00, 0x00, 0x53, 0x63, 0x6C,
        0x20, 0x55, 0x6E, 0x74, 0x46, 0x23, 0x50, 0x72, 0x63, 0x40, 0x59, 0x00, 0x00, 0x00, 0x00, 0x00,
        0x00, 0x00, 0x00, 0x00, 0x10, 0x63, 0x72, 0x6F, 0x70, 0x57, 0x68, 0x65, 0x6E, 0x50, 0x72, 0x69,
        0x6E, 0x74, 0x69, 0x6E, 0x67, 0x62, 0x6F, 0x6F, 0x6C, 0x00, 0x00, 0x00, 0x00, 0x0E, 0x63, 0x72,
        0x6F, 0x70, 0x52, 0x65, 0x63, 0x74, 0x42, 0x6F, 0x74, 0x74, 0x6F, 0x6D, 0x6C, 0x6F, 0x6E, 0x67,
        0x00, 0x00, 0x00, 0x00, 0x00, 0x00, 0x00, 0x0C, 0x63, 0x72, 0x6F, 0x70, 0x52, 0x65, 0x63, 0x74,
        0x4C, 0x65, 0x66, 0x74, 0x6C, 0x6F, 0x6E, 0x67, 0x00, 0x00, 0x00, 0x00, 0x00, 0x00, 0x00, 0x0D,
        0x63, 0x72, 0x6F, 0x70, 0x52, 0x65, 0x63, 0x74, 0x52, 0x69, 0x67, 0x68, 0x74, 0x6C, 0x6F, 0x6E,
        0x67, 0x00, 0x00, 0x00, 0x00, 0x00, 0x00, 0x00, 0x0B, 0x63, 0x72, 0x6F, 0x70, 0x52, 0x65, 0x63,
        0x74, 0x54, 0x6F, 0x70, 0x6C, 0x6F, 0x6E, 0x67, 0x00, 0x00, 0x00, 0x00, 0x00, 0x38, 0x42, 0x49,
        0x4D, 0x03, 0xED, 0x00, 0x00, 0x00, 0x00, 0x00, 0x10, 0x00, 0x48, 0x00, 0x00, 0x00, 0x01, 0x00,
        0x01, 0x00, 0x48, 0x00, 0x00, 0x00, 0x01, 0x00, 0x01, 0x38, 0x42, 0x49, 0x4D, 0x04, 0x26, 0x00,
        0x00, 0x00, 0x00, 0x00, 0x0E, 0x00, 0x00, 0x00, 0x00, 0x00, 0x00, 0x00, 0x00, 0x00, 0x00, 0x3F,
        0x80, 0x00, 0x00, 0x38, 0x42, 0x49, 0x4D, 0x04, 0x0D, 0x00, 0x00, 0x00, 0x00, 0x00, 0x04, 0x00,
        0x00, 0x00, 0x5A, 0x38, 0x42, 0x49, 0x4D, 0x04, 0x19, 0x00, 0x00, 0x00, 0x00, 0x00, 0x04, 0x00,
        0x00, 0x00, 0x1E, 0x38, 0x42, 0x49, 0x4D, 0x03, 0xF3, 0x00, 0x00, 0x00, 0x00, 0x00, 0x09, 0x00,
        0x00, 0x00, 0x00, 0x00, 0x00, 0x00, 0x00, 0x01, 0x00, 0x38, 0x42, 0x49, 0x4D, 0x27, 0x10, 0x00,
        0x00, 0x00, 0x00, 0x00, 0x0A, 0x00, 0x01, 0x00, 0x00, 0x00, 0x00, 0x00, 0x00, 0x00, 0x01, 0x38,
        0x42, 0x49, 0x4D, 0x03, 0xF5, 0x00, 0x00, 0x00, 0x00, 0x00, 0x48, 0x00, 0x2F, 0x66, 0x66, 0x00,
        0x01, 0x00, 0x6C, 0x66, 0x66, 0x00, 0x06, 0x00, 0x00, 0x00, 0x00, 0x00, 0x01, 0x00, 0x2F, 0x66,
        0x66, 0x00, 0x01, 0x00, 0xA1, 0x99, 0x9A, 0x00, 0x06, 0x00, 0x00, 0x00, 0x00, 0x00, 0x01, 0x00,
        0x32, 0x00, 0x00, 0x00, 0x01, 0x00, 0x5A, 0x00, 0x00, 0x00, 0x06, 0x00, 0x00, 0x00, 0x00, 0x00,
        0x01, 0x00, 0x35, 0x00, 0x00, 0x00, 0x01, 0x00, 0x2D, 0x00, 0x00, 0x00, 0x06, 0x00, 0x00, 0x00,
        0x00, 0x00, 0x01, 0x38, 0x42, 0x49, 0x4D, 0x03, 0xF8, 0x00, 0x00, 0x00, 0x00, 0x00, 0x70, 0x00,
        0x00, 0xFF, 0xFF, 0xFF, 0xFF, 0xFF, 0xFF, 0xFF, 0xFF, 0xFF, 0xFF, 0xFF, 0xFF, 0xFF, 0xFF, 0xFF,
        0xFF, 0xFF, 0xFF, 0xFF, 0xFF, 0xFF, 0xFF, 0x03, 0xE8, 0x00, 0x00, 0x00, 0x00, 0xFF, 0xFF, 0xFF,
        0xFF, 0xFF, 0xFF, 0xFF, 0xFF, 0xFF, 0xFF, 0xFF, 0xFF, 0xFF, 0xFF, 0xFF, 0xFF, 0xFF, 0xFF, 0xFF,
        0xFF, 0xFF, 0xFF, 0x03, 0xE8, 0x00, 0x00, 0x00, 0x00, 0xFF, 0xFF, 0xFF, 0xFF, 0xFF, 0xFF, 0xFF,
        0xFF, 0xFF, 0xFF, 0xFF, 0xFF, 0xFF, 0xFF, 0xFF, 0xFF, 0xFF, 0xFF, 0xFF, 0xFF, 0xFF, 0xFF, 0x03,
        0xE8, 0x00, 0x00, 0x00, 0x00, 0xFF, 0xFF, 0xFF, 0xFF, 0xFF, 0xFF, 0xFF, 0xFF, 0xFF, 0xFF, 0xFF,
        0xFF, 0xFF, 0xFF, 0xFF, 0xFF, 0xFF, 0xFF, 0xFF, 0xFF, 0xFF, 0xFF, 0x03, 0xE8, 0x00, 0x00, 0x38,
        0x42, 0x49, 0x4D, 0x04, 0x00, 0x00, 0x00, 0x00, 0x00, 0x00, 0x02, 0x00, 0x01, 0x38, 0x42, 0x49,
        0x4D, 0x04, 0x02, 0x00, 0x00, 0x00, 0x00, 0x00, 0x04, 0x00, 0x00, 0x00, 0x00, 0x38, 0x42, 0x49,
        0x4D, 0x04, 0x30, 0x00, 0x00, 0x00, 0x00, 0x00, 0x02, 0x01, 0x01, 0x38, 0x42, 0x49, 0x4D, 0x04,
        0x2D, 0x00, 0x00, 0x00, 0x00, 0x00, 0x06, 0x00, 0x01, 0x00, 0x00, 0x00, 0x02, 0x38, 0x42, 0x49,
        0x4D, 0x04, 0x08, 0x00, 0x00, 0x00, 0x00, 0x00, 0x10, 0x00, 0x00, 0x00, 0x01, 0x00, 0x00, 0x02,
        0x40, 0x00, 0x00, 0x02, 0x40, 0x00, 0x00, 0x00, 0x00, 0x38, 0x42, 0x49, 0x4D, 0x04, 0x44, 0x00,
        0x00, 0x00, 0x00, 0x00, 0x10, 0x00, 0x00, 0x00, 0x02, 0x00, 0x00, 0x02, 0x40, 0x00, 0x00, 0x02,
        0x40, 0x00, 0x00, 0x00, 0x00, 0x38, 0x42, 0x49, 0x4D, 0x04, 0x1E, 0x00, 0x00, 0x00, 0x00, 0x00,
        0x04, 0x00, 0x00, 0x00, 0x00, 0x38, 0x42, 0x49, 0x4D, 0x04, 0x1A, 0x00, 0x00, 0x00, 0x00, 0x03,
        0x4B, 0x00, 0x00, 0x00, 0x06, 0x00, 0x00, 0x00, 0x00, 0x00, 0x00, 0x00, 0x00, 0x00, 0x00, 0x00,
        0x86, 0x00, 0x00, 0x00, 0xC8, 0x00, 0x00, 0x00, 0x0B, 0x00, 0x55, 0x00, 0x6E, 0x00, 0x74, 0x00,
        0x69, 0x00, 0x74, 0x00, 0x6C, 0x00, 0x65, 0x00, 0x64, 0x00, 0x2D, 0x00, 0x31, 0x00, 0x31, 0x00,
        0x00, 0x00, 0x01, 0x00, 0x00, 0x00, 0x00, 0x00, 0x00, 0x00, 0x00, 0x00, 0x00, 0x00, 0x00, 0x00,
        0x00, 0x00, 0x00, 0x00, 0x00, 0x00, 0x01, 0x00, 0x00, 0x00, 0x00, 0x00, 0x00, 0x00, 0x00, 0x00,
        0x00, 0x00, 0xC8, 0x00, 0x00, 0x00, 0x86, 0x00, 0x00, 0x00, 0x00, 0x00, 0x00, 0x00, 0x00, 0x00,
        0x00, 0x00, 0x00, 0x00, 0x00, 0x00, 0x00, 0x01, 0x00, 0x00, 0x00, 0x00, 0x00, 0x00, 0x00, 0x00,
        0x00, 0x00, 0x00, 0x00, 0x00, 0x00, 0x00, 0x00, 0x00, 0x00, 0x00, 0x10, 0x00, 0x00, 0x00, 0x01,
        0x00, 0x00, 0x00, 0x00, 0x00, 0x00, 0x6E, 0x75, 0x6C, 0x6C, 0x00, 0x00, 0x00, 0x02, 0x00, 0x00,
        0x00, 0x06, 0x62, 0x6F, 0x75, 0x6E, 0x64, 0x73, 0x4F, 0x62, 0x6A, 0x63, 0x00, 0x00, 0x00, 0x01,
        0x00, 0x00, 0x00, 0x00, 0x00, 0x00, 0x52, 0x63, 0x74, 0x31, 0x00, 0x00, 0x00, 0x04, 0x00, 0x00,
        0x00, 0x00, 0x54, 0x6F, 0x70, 0x20, 0x6C, 0x6F, 0x6E, 0x67, 0x00, 0x00, 0x00, 0x00, 0x00, 0x00,
        0x00, 0x00, 0x4C, 0x65, 0x66, 0x74, 0x6C, 0x6F, 0x6E, 0x67, 0x00, 0x00, 0x00, 0x00, 0x00, 0x00,
        0x00, 0x00, 0x42, 0x74, 0x6F, 0x6D, 0x6C, 0x6F, 0x6E, 0x67, 0x00, 0x00, 0x00, 0x86, 0x00, 0x00,
        0x00, 0x00, 0x52, 0x67, 0x68, 0x74, 0x6C, 0x6F, 0x6E, 0x67, 0x00, 0x00, 0x00, 0xC8, 0x00, 0x00,
        0x00, 0x06, 0x73, 0x6C, 0x69, 0x63, 0x65, 0x73, 0x56, 0x6C, 0x4C, 0x73, 0x00, 0x00, 0x00, 0x01,
        0x4F, 0x62, 0x6A, 0x63, 0x00, 0x00, 0x00, 0x01, 0x00, 0x00, 0x00, 0x00, 0x00, 0x05, 0x73, 0x6C,
        0x69, 0x63, 0x65, 0x00, 0x00, 0x00, 0x12, 0x00, 0x00, 0x00, 0x07, 0x73, 0x6C, 0x69, 0x63, 0x65,
        0x49, 0x44, 0x6C, 0x6F, 0x6E, 0x67, 0x00, 0x00, 0x00, 0x00, 0x00, 0x00, 0x00, 0x07, 0x67, 0x72,
        0x6F, 0x75, 0x70, 0x49, 0x44, 0x6C, 0x6F, 0x6E, 0x67, 0x00, 0x00, 0x00, 0x00, 0x00, 0x00, 0x00,
        0x06, 0x6F, 0x72, 0x69, 0x67, 0x69, 0x6E, 0x65, 0x6E, 0x75, 0x6D, 0x00, 0x00, 0x00, 0x0C, 0x45,
        0x53, 0x6C, 0x69, 0x63, 0x65, 0x4F, 0x72, 0x69, 0x67, 0x69, 0x6E, 0x00, 0x00, 0x00, 0x0D, 0x61,
        0x75, 0x74, 0x6F, 0x47, 0x65, 0x6E, 0x65, 0x72, 0x61, 0x74, 0x65, 0x64, 0x00, 0x00, 0x00, 0x00,
        0x54, 0x79, 0x70, 0x65, 0x65, 0x6E, 0x75, 0x6D, 0x00, 0x00, 0x00, 0x0A, 0x45, 0x53, 0x6C, 0x69,
        0x63, 0x65, 0x54, 0x79, 0x70, 0x65, 0x00, 0x00, 0x00, 0x00, 0x49, 0x6D, 0x67, 0x20, 0x00, 0x00,
        0x00, 0x06, 0x62, 0x6F, 0x75, 0x6E, 0x64, 0x73, 0x4F, 0x62, 0x6A, 0x63, 0x00, 0x00, 0x00, 0x01,
        0x00, 0x00, 0x00, 0x00, 0x00, 0x00, 0x52, 0x63, 0x74, 0x31, 0x00, 0x00, 0x00, 0x04, 0x00, 0x00,
        0x00, 0x00, 0x54, 0x6F, 0x70, 0x20, 0x6C, 0x6F, 0x6E, 0x67, 0x00, 0x00, 0x00, 0x00, 0x00, 0x00,
        0x00, 0x00, 0x4C, 0x65, 0x66, 0x74, 0x6C, 0x6F, 0x6E, 0x67, 0x00, 0x00, 0x00, 0x00, 0x00, 0x00,
        0x00, 0x00, 0x42, 0x74, 0x6F, 0x6D, 0x6C, 0x6F, 0x6E, 0x67, 0x00, 0x00, 0x00, 0x86, 0x00, 0x00,
        0x00, 0x00, 0x52, 0x67, 0x68, 0x74, 0x6C, 0x6F, 0x6E, 0x67, 0x00, 0x00, 0x00, 0xC8, 0x00, 0x00,
        0x00, 0x03, 0x75, 0x72, 0x6C, 0x54, 0x45, 0x58, 0x54, 0x00, 0x00, 0x00, 0x01, 0x00, 0x00, 0x00,
        0x00, 0x00, 0x00, 0x6E, 0x75, 0x6C, 0x6C, 0x54, 0x45, 0x58, 0x54, 0x00, 0x00, 0x00, 0x01, 0x00,
        0x00, 0x00, 0x00, 0x00, 0x00, 0x4D, 0x73, 0x67, 0x65, 0x54, 0x45, 0x58, 0x54, 0x00, 0x00, 0x00,
        0x01, 0x00, 0x00, 0x00, 0x00, 0x00, 0x06, 0x61, 0x6C, 0x74, 0x54, 0x61, 0x67, 0x54, 0x45, 0x58,
        0x54, 0x00, 0x00, 0x00, 0x01, 0x00, 0x00, 0x00, 0x00, 0x00, 0x0E, 0x63, 0x65, 0x6C, 0x6C, 0x54,
        0x65, 0x78, 0x74, 0x49, 0x73, 0x48, 0x54, 0x4D, 0x4C, 0x62, 0x6F, 0x6F, 0x6C, 0x01, 0x00, 0x00,
        0x00, 0x08, 0x63, 0x65, 0x6C, 0x6C, 0x54, 0x65, 0x78, 0x74, 0x54, 0x45, 0x58, 0x54, 0x00, 0x00,
        0x00, 0x01, 0x00, 0x00, 0x00, 0x00, 0x00, 0x09, 0x68, 0x6F, 0x72, 0x7A, 0x41, 0x6C, 0x69, 0x67,
        0x6E, 0x65, 0x6E, 0x75, 0x6D, 0x00, 0x00, 0x00, 0x0F, 0x45, 0x53, 0x6C, 0x69, 0x63, 0x65, 0x48,
        0x6F, 0x72, 0x7A, 0x41, 0x6C, 0x69, 0x67, 0x6E, 0x00, 0x00, 0x00, 0x07, 0x64, 0x65, 0x66, 0x61,
        0x75, 0x6C, 0x74, 0x00, 0x00, 0x00, 0x09, 0x76, 0x65, 0x72, 0x74, 0x41, 0x6C, 0x69, 0x67, 0x6E,
        0x65, 0x6E, 0x75, 0x6D, 0x00, 0x00, 0x00, 0x0F, 0x45, 0x53, 0x6C, 0x69, 0x63, 0x65, 0x56, 0x65,
        0x72, 0x74, 0x41, 0x6C, 0x69, 0x67, 0x6E, 0x00, 0x00, 0x00, 0x07, 0x64, 0x65, 0x66, 0x61, 0x75,
        0x6C, 0x74, 0x00, 0x00, 0x00, 0x0B, 0x62, 0x67, 0x43, 0x6F, 0x6C, 0x6F, 0x72, 0x54, 0x79, 0x70,
        0x65, 0x65, 0x6E, 0x75, 0x6D, 0x00, 0x00, 0x00, 0x11, 0x45, 0x53, 0x6C, 0x69, 0x63, 0x65, 0x42,
        0x47, 0x43, 0x6F, 0x6C, 0x6F, 0x72, 0x54, 0x79, 0x70, 0x65, 0x00, 0x00, 0x00, 0x00, 0x4E, 0x6F,
        0x6E, 0x65, 0x00, 0x00, 0x00, 0x09, 0x74, 0x6F, 0x70, 0x4F, 0x75, 0x74, 0x73, 0x65, 0x74, 0x6C,
        0x6F, 0x6E, 0x67, 0x00, 0x00, 0x00, 0x00, 0x00, 0x00, 0x00, 0x0A, 0x6C, 0x65, 0x66, 0x74, 0x4F,
        0x75, 0x74, 0x73, 0x65, 0x74, 0x6C, 0x6F, 0x6E, 0x67, 0x00, 0x00, 0x00, 0x00, 0x00, 0x00, 0x00,
        0x0C, 0x62, 0x6F, 0x74, 0x74, 0x6F, 0x6D, 0x4F, 0x75, 0x74, 0x73, 0x65, 0x74, 0x6C, 0x6F, 0x6E,
        0x67, 0x00, 0x00, 0x00, 0x00, 0x00, 0x00, 0x00, 0x0B, 0x72, 0x69, 0x67, 0x68, 0x74, 0x4F, 0x75,
        0x74, 0x73, 0x65, 0x74, 0x6C, 0x6F, 0x6E, 0x67, 0x00, 0x00, 0x00, 0x00, 0x00, 0x38, 0x42, 0x49,
        0x4D, 0x04, 0x28, 0x00, 0x00, 0x00, 0x00, 0x00, 0x0C, 0x00, 0x00, 0x00, 0x02, 0x3F, 0xF0, 0x00,
        0x00, 0x00, 0x00, 0x00, 0x00, 0x38, 0x42, 0x49, 0x4D, 0x04, 0x11, 0x00, 0x00, 0x00, 0x00, 0x00,
        0x01, 0x01, 0x00, 0x38, 0x42, 0x49, 0x4D, 0x04, 0x14, 0x00, 0x00, 0x00, 0x00, 0x00, 0x04, 0x00,
        0x00, 0x00, 0x02, 0x38, 0x42, 0x49, 0x4D, 0x04, 0x0C, 0x00, 0x00, 0x00, 0x00, 0x15, 0xD1, 0x00,
        0x00, 0x00, 0x01, 0x00, 0x00, 0x00, 0xA0, 0x00, 0x00, 0x00, 0x6B, 0x00, 0x00, 0x01, 0xE0, 0x00,
        0x00, 0xC8, 0xA0, 0x00, 0x00, 0x15, 0xB5, 0x00, 0x18, 0x00, 0x01, 0xFF, 0xD8, 0xFF, 0xED, 0x00,
        0x0C, 0x41, 0x64, 0x6F, 0x62, 0x65, 0x5F, 0x43, 0x4D, 0x00, 0x02, 0xFF, 0xEE, 0x00, 0x0E, 0x41,
        0x64, 0x6F, 0x62, 0x65, 0x00, 0x64, 0x80, 0x00, 0x00, 0x00, 0x01, 0xFF, 0xDB, 0x00, 0x84, 0x00,
        0x0C, 0x08, 0x08, 0x08, 0x09, 0x08, 0x0C, 0x09, 0x09, 0x0C, 0x11, 0x0B, 0x0A, 0x0B, 0x11, 0x15,
        0x0F, 0x0C, 0x0C, 0x0F, 0x15, 0x18, 0x13, 0x13, 0x15, 0x13, 0x13, 0x18, 0x11, 0x0C, 0x0C, 0x0C,
        0x0C, 0x0C, 0x0C, 0x11, 0x0C, 0x0C, 0x0C, 0x0C, 0x0C, 0x0C, 0x0C, 0x0C, 0x0C, 0x0C, 0x0C, 0x0C,
        0x0C, 0x0C, 0x0C, 0x0C, 0x0C, 0x0C, 0x0C, 0x0C, 0x0C, 0x0C, 0x0C, 0x0C, 0x0C, 0x0C, 0x0C, 0x0C,
        0x01, 0x0D, 0x0B, 0x0B, 0x0D, 0x0E, 0x0D, 0x10, 0x0E, 0x0E, 0x10, 0x14, 0x0E, 0x0E, 0x0E, 0x14,
        0x14, 0x0E, 0x0E, 0x0E, 0x0E, 0x14, 0x11, 0x0C, 0x0C, 0x0C, 0x0C, 0x0C, 0x11, 0x11, 0x0C, 0x0C,
        0x0C, 0x0C, 0x0C, 0x0C, 0x11, 0x0C, 0x0C, 0x0C, 0x0C, 0x0C, 0x0C, 0x0C, 0x0C, 0x0C, 0x0C, 0x0C,
        0x0C, 0x0C, 0x0C, 0x0C, 0x0C, 0x0C, 0x0C, 0x0C, 0x0C, 0x0C, 0x0C, 0x0C, 0x0C, 0x0C, 0x0C, 0x0C,
        0x0C, 0xFF, 0xC0, 0x00, 0x11, 0x08, 0x00, 0x6B, 0x00, 0xA0, 0x03, 0x01, 0x22, 0x00, 0x02, 0x11,
        0x01, 0x03, 0x11, 0x01, 0xFF, 0xDD, 0x00, 0x04, 0x00, 0x0A, 0xFF, 0xC4, 0x01, 0x3F, 0x00, 0x00,
        0x01, 0x05, 0x01, 0x01, 0x01, 0x01, 0x01, 0x01, 0x00, 0x00, 0x00, 0x00, 0x00, 0x00, 0x00, 0x03,
        0x00, 0x01, 0x02, 0x04, 0x05, 0x06, 0x07, 0x08, 0x09, 0x0A, 0x0B, 0x01, 0x00, 0x01, 0x05, 0x01,
        0x01, 0x01, 0x01, 0x01, 0x01, 0x00, 0x00, 0x00, 0x00, 0x00, 0x00, 0x00, 0x01, 0x00, 0x02, 0x03,
        0x04, 0x05, 0x06, 0x07, 0x08, 0x09, 0x0A, 0x0B, 0x10, 0x00, 0x01, 0x04, 0x01, 0x03, 0x02, 0x04,
        0x02, 0x05, 0x07, 0x06, 0x08, 0x05, 0x03, 0x0C, 0x33, 0x01, 0x00, 0x02, 0x11, 0x03, 0x04, 0x21,
        0x12, 0x31, 0x05, 0x41, 0x51, 0x61, 0x13, 0x22, 0x71, 0x81, 0x32, 0x06, 0x14, 0x91, 0xA1, 0xB1,
        0x42, 0x23, 0x24, 0x15, 0x52, 0xC1, 0x62, 0x33, 0x34, 0x72, 0x82, 0xD1, 0x43, 0x07, 0x25, 0x92,
        0x53, 0xF0, 0xE1, 0xF1, 0x63, 0x73, 0x35, 0x16, 0xA2, 0xB2, 0x83, 0x26, 0x44, 0x93, 0x54, 0x64,
        0x45, 0xC2, 0xA3, 0x74, 0x36, 0x17, 0xD2, 0x55, 0xE2, 0x65, 0xF2, 0xB3, 0x84, 0xC3, 0xD3, 0x75,
        0xE3, 0xF3, 0x46, 0x27, 0x94, 0xA4, 0x85, 0xB4, 0x95, 0xC4, 0xD4, 0xE4, 0xF4, 0xA5, 0xB5, 0xC5,
        0xD5, 0xE5, 0xF5, 0x56, 0x66, 0x76, 0x86, 0x96, 0xA6, 0xB6, 0xC6, 0xD6, 0xE6, 0xF6, 0x37, 0x47,
        0x57, 0x67, 0x77, 0x87, 0x97, 0xA7, 0xB7, 0xC7, 0xD7, 0xE7, 0xF7, 0x11, 0x00, 0x02, 0x02, 0x01,
        0x02, 0x04, 0x04, 0x03, 0x04, 0x05, 0x06, 0x07, 0x07, 0x06, 0x05, 0x35, 0x01, 0x00, 0x02, 0x11,
        0x03, 0x21, 0x31, 0x12, 0x04, 0x41, 0x51, 0x61, 0x71, 0x22, 0x13, 0x05, 0x32, 0x81, 0x91, 0x14,
        0xA1, 0xB1, 0x42, 0x23, 0xC1, 0x52, 0xD1, 0xF0, 0x33, 0x24, 0x62, 0xE1, 0x72, 0x82, 0x92, 0x43,
        0x53, 0x15, 0x63, 0x73, 0x34, 0xF1, 0x25, 0x06, 0x16, 0xA2, 0xB2, 0x83, 0x07, 0x26, 0x35, 0xC2,
        0xD2, 0x44, 0x93, 0x54, 0xA3, 0x17, 0x64, 0x45, 0x55, 0x36, 0x74, 0x65, 0xE2, 0xF2, 0xB3, 0x84,
        0xC3, 0xD3, 0x75, 0xE3, 0xF3, 0x46, 0x94, 0xA4, 0x85, 0xB4, 0x95, 0xC4, 0xD4, 0xE4, 0xF4, 0xA5,
        0xB5, 0xC5, 0xD5, 0xE5, 0xF5, 0x56, 0x66, 0x76, 0x86, 0x96, 0xA6, 0xB6, 0xC6, 0xD6, 0xE6, 0xF6,
        0x27, 0x37, 0x47, 0x57, 0x67, 0x77, 0x87, 0x97, 0xA7, 0xB7, 0xC7, 0xFF, 0xDA, 0x00, 0x0C, 0x03,
        0x01, 0x00, 0x02, 0x11, 0x03, 0x11, 0x00, 0x3F, 0x00, 0xF5, 0x02, 0x4C, 0xA6, 0x92, 0x91, 0xE5,
        0x24, 0x94, 0xA9, 0x32, 0x94, 0x94, 0x93, 0x13, 0x09, 0x29, 0x0E, 0x66, 0x6D, 0x38, 0x78, 0xEF,
        0xC9, 0xC8, 0x76, 0xCA, 0xAB, 0xFA, 0x47, 0xBF, 0xC9, 0x70, 0x5D, 0x53, 0xEB, 0x4D, 0xF9, 0xB9,
        0x95, 0x5B, 0x51, 0x75, 0x74, 0x57, 0xEE, 0x63, 0x43, 0xA0, 0x83, 0x3E, 0xCF, 0xFC, 0x9D, 0xBF,
        0xBE, 0x89, 0xF5, 0xB3, 0xAB, 0x5B, 0xD4, 0xB3, 0x4F, 0x4F, 0xC5, 0x24, 0xE3, 0xD0, 0x61, 0xF0,
        0x60, 0x17, 0x4F, 0xE7, 0x1F, 0xE4, 0xFE, 0x7F, 0xEE, 0x2A, 0x94, 0x74, 0xDE, 0x97, 0x98, 0x36,
        0x53, 0x73, 0x8E, 0x50, 0x0E, 0xDF, 0x8C, 0x4B, 0x59, 0xBD, 0xC0, 0x7B, 0x7E, 0xCB, 0x6F, 0xF3,
        0x6F, 0x6E, 0xEF, 0xF0, 0x7F, 0x9E, 0xC4, 0xB1, 0xCF, 0x15, 0x9F, 0x70, 0xF4, 0xA8, 0xC7, 0xAD,
        0xFE, 0xF2, 0x27, 0x1C, 0x84, 0x7A, 0x07, 0x99, 0x2F, 0xA2, 0x61, 0xE5, 0x0C, 0xAC, 0x5A, 0xB2,
        0x1A, 0x74, 0xB5, 0xA0, 0x9F, 0x8F, 0xE7, 0x8F, 0xF3, 0x91, 0xE4, 0xAE, 0x6F, 0xEA, 0x9E, 0x61,
        0x18, 0xB6, 0x62, 0x3F, 0x70, 0x34, 0x99, 0x0D, 0x70, 0x87, 0x82, 0xD3, 0xE9, 0xD8, 0xC7, 0x37,
        0xF7, 0xFF, 0x00, 0x9B, 0x76, 0xD5, 0xB6, 0xFB, 0x88, 0x23, 0x7B, 0xDB, 0x58, 0x33, 0x1B, 0x88,
        0x93, 0x1F, 0xD6, 0x40, 0x14, 0x9D, 0x1B, 0x3B, 0x94, 0x5D, 0x7D, 0x6D, 0x30, 0xE7, 0x00, 0x79,
        0x89, 0xD5, 0x08, 0xEC, 0x20, 0xCB, 0xF9, 0x99, 0xD5, 0x04, 0x86, 0x32, 0xD7, 0x97, 0xB6, 0x5A,
        0xEF, 0xCF, 0xF0, 0x31, 0xB7, 0x6B, 0x91, 0x53, 0x70, 0x3E, 0x44, 0x82, 0x9E, 0x4A, 0xC7, 0x76,
        0x5D, 0x9F, 0x6B, 0xB6, 0xBA, 0x1F, 0x53, 0x6A, 0x60, 0x63, 0x99, 0x25, 0xC5, 0xCF, 0x0F, 0x06,
        0x5D, 0xED, 0xF6, 0xB5, 0x9E, 0xA7, 0xB3, 0xE8, 0x29, 0xBB, 0xAB, 0xB6, 0x87, 0xB6, 0xBB, 0x81,
        0x0E, 0x7C, 0x86, 0x81, 0xAC, 0xC3, 0x77, 0x38, 0xB1, 0xA0, 0x7A, 0x8E, 0xFE, 0x57, 0xB1, 0x0B,
        0x08, 0x06, 0xDD, 0x33, 0x6B, 0x5A, 0x40, 0x71, 0x89, 0xD0, 0x7C, 0x54, 0xB7, 0x79, 0xAC, 0xB1,
        0x93, 0x75, 0xB9, 0x1B, 0x83, 0x58, 0xC6, 0xB1, 0xA0, 0x43, 0x9F, 0x26, 0x5C, 0x37, 0x13, 0xB1,
        0xA3, 0xE9, 0x35, 0xA5, 0x88, 0xED, 0xBB, 0x34, 0x34, 0x1F, 0x4E, 0xBB, 0x34, 0xF7, 0x16, 0x58,
        0x46, 0xBF, 0xC9, 0xDE, 0xC4, 0x38, 0x92, 0xDD, 0x92, 0x94, 0x95, 0x9C, 0xCE, 0xB3, 0x8A, 0x6C,
        0x7D, 0x2E, 0x71, 0x65, 0xF5, 0x18, 0xB6, 0xA2, 0xD7, 0x4B, 0x4F, 0x9E, 0xD6, 0xFF, 0x00, 0xD2,
        0x4E, 0x3A, 0x93, 0x2F, 0x9F, 0xB3, 0xD8, 0xD2, 0xE6, 0x89, 0x21, 0xC0, 0xCE, 0x9D, 0xB6, 0x3B,
        0x6B, 0xBF, 0xB6, 0x8D, 0xAA, 0x9D, 0x09, 0x29, 0x49, 0x50, 0xAD, 0xE0, 0xB4, 0x6B, 0x3F, 0x04,
        0xDE, 0xBD, 0x53, 0x1B, 0x84, 0x8E, 0x44, 0x89, 0xD7, 0xC9, 0x15, 0x24, 0x92, 0xA4, 0xD3, 0xAA,
        0x1B, 0x5E, 0xD7, 0x7D, 0x13, 0x3F, 0x05, 0x36, 0xF2, 0x92, 0x9F, 0xFF, 0xD0, 0xF4, 0xF3, 0xCA,
        0x49, 0x1E, 0x52, 0x49, 0x4B, 0x2E, 0x7F, 0xEB, 0x77, 0x5D, 0xFD, 0x9B, 0x86, 0x31, 0xE8, 0x23,
        0xED, 0xB9, 0x9E, 0xDA, 0x81, 0xFC, 0xD6, 0xCC, 0x3A, 0xE7, 0x2D, 0x8E, 0xA1, 0xD4, 0x31, 0x7A,
        0x7E, 0x1D, 0xD9, 0x99, 0x4E, 0xDB, 0x4D, 0x0D, 0xDC, 0xFF, 0x00, 0x13, 0xFB, 0xB5, 0xB3, 0xFE,
        0x12, 0xC7, 0x7B, 0x2B, 0x5E, 0x5F, 0x97, 0x95, 0x97, 0xD5, 0x33, 0x5F, 0xD4, 0x32, 0x08, 0x7D,
        0xF7, 0xC9, 0x15, 0x37, 0x8A, 0xAB, 0x1F, 0xCD, 0xD2, 0xD7, 0x3B, 0xDB, 0xEC, 0x62, 0x30, 0x81,
        0x9C, 0x84, 0x7A, 0x1D, 0xCA, 0xD9, 0x4B, 0x84, 0x5F, 0xD8, 0xD8, 0xC5, 0x6F, 0x4C, 0x2C, 0x75,
        0x16, 0x1C, 0xC3, 0x6B, 0xF7, 0x03, 0x73, 0x1A, 0xD3, 0xBD, 0xC3, 0xDC, 0x58, 0x2A, 0x69, 0x73,
        0xFF, 0x00, 0x79, 0xEE, 0xF7, 0x7F, 0xC6, 0x28, 0x3B, 0x00, 0xD5, 0x4F, 0xAF, 0x76, 0x2E, 0x45,
        0xD4, 0x00, 0x4E, 0xE8, 0x15, 0x57, 0x1F, 0x98, 0xE7, 0x5A, 0x0D, 0xAF, 0xFF, 0x00, 0x33, 0xFE,
        0xDD, 0x46, 0xE8, 0xD6, 0xF4, 0xEA, 0xAB, 0xC9, 0x39, 0xF5, 0x9B, 0xEB, 0xDA, 0xC2, 0x69, 0x60,
        0xDC, 0xE7, 0xB0, 0x12, 0x5E, 0xDF, 0x48, 0x16, 0xFA, 0xD5, 0xB5, 0xFE, 0x9D, 0x97, 0x63, 0xFF,
        0x00, 0x85, 0xAD, 0x9F, 0xCD, 0xDB, 0xF4, 0x16, 0xAF, 0xD6, 0x1B, 0xBE, 0xB3, 0x51, 0x8E, 0xCF,
        0xD8, 0x38, 0x54, 0xE6, 0x74, 0xE7, 0xD2, 0x7D, 0x7A, 0x9E, 0xD1, 0x65, 0xA4, 0x3A, 0x4B, 0x98,
        0xCC, 0x7D, 0xED, 0x77, 0xA3, 0xE9, 0x7E, 0x63, 0x37, 0xA3, 0x93, 0x06, 0x2C, 0x73, 0xA9, 0x43,
        0x8C, 0x8E, 0xB2, 0x35, 0xF9, 0x2A, 0x19, 0xB2, 0x4E, 0x16, 0x27, 0xC0, 0x0F, 0x40, 0x2D, 0x6F,
        0xA9, 0x99, 0x56, 0x5B, 0xD5, 0xAD, 0x65, 0xA4, 0x6F, 0x7B, 0x5E, 0xE0, 0x1B, 0x3A, 0x43, 0x5A,
        0xD3, 0x53, 0xB7, 0xFE, 0x93, 0x7D, 0x7B, 0x59, 0xBB, 0xD4, 0x5D, 0x4E, 0x76, 0x25, 0x77, 0x5B,
        0x4D, 0x82, 0x1B, 0x91, 0x56, 0xEF, 0x4D, 0xC5, 0xA1, 0xE0, 0xB4, 0xC7, 0xAD, 0x53, 0x9A, 0x7F,
        0xC1, 0xBF, 0xFE, 0xDC, 0x5C, 0xBF, 0x4A, 0xA2, 0x8C, 0x2E, 0xAB, 0xD1, 0xEF, 0xA7, 0x19, 0xDD,
        0x3A, 0xDC, 0xCD, 0xD5, 0x59, 0x83, 0x61, 0x2F, 0x2C, 0x3E, 0x9B, 0x9D, 0xB5, 0xB6, 0xFB, 0xBF,
        0x9B, 0xFF, 0x00, 0x44, 0xF7, 0xEF, 0xF4, 0xBF, 0xE2, 0xD7, 0x5D, 0x91, 0x66, 0xDA, 0x4B, 0xCB,
        0x1E, 0xE7, 0xB0, 0x4E, 0xCA, 0xC6, 0xE7, 0xFF, 0x00, 0x61, 0xBF, 0x9C, 0x84, 0xA8, 0xC8, 0x98,
        0x8A, 0x07, 0xA2, 0x2B, 0xD3, 0x52, 0xD6, 0x91, 0xD7, 0x51, 0x7B, 0x7F, 0x58, 0xA1, 0x81, 0xD2,
        0x7E, 0x89, 0x91, 0x1F, 0xDA, 0x0D, 0x72, 0xAD, 0x85, 0x53, 0x6D, 0xAF, 0x75, 0xC0, 0xD9, 0x94,
        0x0B, 0xDB, 0x73, 0x49, 0x21, 0xB5, 0x99, 0xD1, 0x8D, 0xAF, 0xF3, 0x5B, 0xB5, 0x69, 0x35, 0xFC,
        0xB5, 0xF0, 0x0F, 0x97, 0x05, 0x55, 0xC8, 0xAB, 0xD3, 0xB5, 0xF9, 0x0D, 0xB3, 0xD1, 0x77, 0xD2,
        0x2F, 0x3A, 0xB0, 0xB5, 0xA3, 0xE8, 0xDC, 0xCF, 0xCE, 0x6B, 0x3F, 0x79, 0xBF, 0xA4, 0x4C, 0x25,
        0x75, 0x35, 0xED, 0x25, 0xAF, 0x37, 0xD1, 0xB9, 0xDE, 0x84, 0xB2, 0xE7, 0x91, 0x22, 0x20, 0xBC,
        0xEC, 0xAD, 0xBE, 0xEB, 0x5F, 0x53, 0xCE, 0xE5, 0x5E, 0xFB, 0xFE, 0xCB, 0xD4, 0x06, 0x4E, 0x43,
        0x5D, 0x7D, 0x56, 0x51, 0xE8, 0xFE, 0x8A, 0x5C, 0xE6, 0xFB, 0xFD, 0x56, 0xBD, 0xD5, 0x37, 0xFC,
        0x05, 0x9B, 0xBF, 0x9E, 0xFC, 0xC4, 0xCE, 0xCB, 0xCF, 0x65, 0x2E, 0x34, 0x56, 0xD6, 0x57, 0x53,
        0xCD, 0xCE, 0x2E, 0xD6, 0xCB, 0x29, 0x24, 0xBE, 0xCF, 0x4A, 0xB7, 0x7D, 0x07, 0xEC, 0xFC, 0xF7,
        0xA6, 0xE9, 0xD5, 0x74, 0xD7, 0xE2, 0xB6, 0xD0, 0xDB, 0x2E, 0x7D, 0x80, 0xD9, 0x6E, 0xD2, 0xE2,
        0x01, 0x70, 0x6E, 0xEA, 0x83, 0x6B, 0x73, 0x7F, 0x9B, 0xFC, 0xC6, 0x3D, 0x36, 0x32, 0xB3, 0x5F,
        0x55, 0xC0, 0x56, 0xBD, 0x0A, 0x4C, 0x61, 0x69, 0xB0, 0x0A, 0xE9, 0x63, 0x58, 0xE2, 0x4D, 0x6C,
        0x2E, 0x3B, 0x5A, 0x1B, 0xB7, 0x73, 0x5A, 0x6B, 0x6E, 0xDF, 0xA2, 0x77, 0xB1, 0x3E, 0x4D, 0xB6,
        0x51, 0x90, 0xCA, 0x4D, 0x55, 0xD4, 0x4B, 0x1D, 0x6E, 0xFD, 0xEF, 0x63, 0x46, 0xC2, 0xD0, 0x67,
        0x6F, 0xD3, 0xDD, 0xBF, 0xE8, 0x2A, 0x76, 0x63, 0x37, 0x1A, 0xCB, 0xB2, 0x9A, 0xE7, 0xF4, 0xD1,
        0x5B, 0x4F, 0xA3, 0x26, 0x43, 0xB7, 0x7D, 0x3D, 0xCC, 0x97, 0xB3, 0xDB, 0xB7, 0xE8, 0x2A, 0x4D,
        0xEA, 0xD6, 0x5E, 0xFC, 0x67, 0xE4, 0x36, 0xC1, 0x63, 0xCF, 0xA7, 0x55, 0xAE, 0x23, 0x68, 0xDC,
        0x0D, 0x7E, 0xFA, 0x5A, 0xE7, 0x3E, 0xAA, 0xAD, 0x8F, 0xE7, 0x3F, 0x9C, 0x40, 0xE5, 0x8C, 0x74,
        0xDC, 0xEB, 0xA2, 0x68, 0xC8, 0xFA, 0x45, 0xEF, 0x56, 0xDF, 0x6E, 0x75, 0xE2, 0xFA, 0xB2, 0x5B,
        0x63, 0x5D, 0x5B, 0xAB, 0x35, 0x6E, 0x6B, 0x0B, 0x8B, 0x9C, 0xE7, 0x69, 0x56, 0xE9, 0xAE, 0xD7,
        0x7D, 0x0F, 0x63, 0xFD, 0x35, 0x2C, 0x8C, 0xD6, 0xBE, 0x87, 0x5C, 0xE6, 0x38, 0x1A, 0x3D, 0xD5,
        0x64, 0x37, 0xFC, 0x1D, 0x80, 0xF0, 0x7E, 0x93, 0xF6, 0xFE, 0xFF, 0x00, 0xF8, 0x34, 0x9B, 0x6B,
        0x9D, 0x49, 0x67, 0xA2, 0x3E, 0xD7, 0x92, 0x35, 0x00, 0xCB, 0x9A, 0x63, 0xDC, 0xDA, 0xD9, 0x1E,
        0xDF, 0xA2, 0xF7, 0x28, 0x5D, 0x56, 0x50, 0xC8, 0x0F, 0x75, 0x0F, 0xFB, 0x24, 0x56, 0x4D, 0x0C,
        0x2D, 0xDC, 0xFB, 0x6A, 0x2E, 0xF4, 0xEB, 0x0D, 0x3F, 0xE9, 0x37, 0xB1, 0xF7, 0x3F, 0xFE, 0x01,
        0x3E, 0x06, 0xF5, 0xD8, 0x15, 0x0A, 0xD8, 0xF4, 0xEA, 0xDF, 0xA1, 0xEE, 0xCB, 0xA1, 0x99, 0x16,
        0x7B, 0x6A, 0x7E, 0xD2, 0xDA, 0x5A, 0xE8, 0xF6, 0x9F, 0xF0, 0x97, 0xED, 0x23, 0xE9, 0x6E, 0xFE,
        0x6B, 0xF9, 0xB6, 0x2B, 0x6E, 0x66, 0x13, 0x41, 0x21, 0x8D, 0x24, 0x44, 0xC3, 0x67, 0xE8, 0xE9,
        0x0B, 0x2E, 0xA0, 0x71, 0xF1, 0x9A, 0xF7, 0x30, 0xD6, 0x71, 0x4B, 0x05, 0x80, 0x00, 0x5B, 0xFA,
        0x47, 0x6E, 0xBA, 0xB6, 0xEE, 0x77, 0xEF, 0x3F, 0xF4, 0x6A, 0xDE, 0x46, 0x69, 0x68, 0x6D, 0x47,
        0x1B, 0x28, 0x1B, 0x8E, 0xC6, 0xBF, 0xD2, 0x01, 0x8C, 0x24, 0xC6, 0xEB, 0xDF, 0xBB, 0xF4, 0x6D,
        0x47, 0xA9, 0x3D, 0x11, 0x5A, 0xE8, 0x92, 0x96, 0x31, 0xEE, 0x71, 0xA3, 0xF4, 0x0E, 0xFA, 0x5B,
        0xAB, 0x32, 0xD2, 0x4E, 0x91, 0x6B, 0x3E, 0x8B, 0xD5, 0xCC, 0x0C, 0x93, 0x93, 0x50, 0x79, 0x01,
        0xAE, 0x6B, 0x8B, 0x2C, 0x68, 0x32, 0x03, 0x9A, 0x76, 0xBF, 0x6B, 0xBF, 0x39, 0xAA, 0xAD, 0x4E,
        0xB8, 0xB4, 0xB6, 0x86, 0x80, 0xE7, 0x68, 0x6C, 0x3F, 0x41, 0xA4, 0x72, 0xE6, 0x8F, 0xF0, 0x8A,
        0xF6, 0x35, 0x42, 0xA6, 0x86, 0x37, 0x89, 0x27, 0xEF, 0x3B, 0x91, 0x41, 0x7F, 0xFF, 0xD1, 0xF4,
        0xF3, 0xCA, 0x62, 0xE0, 0x0C, 0x77, 0x29, 0xCF, 0x2B, 0x99, 0xFA, 0xEF, 0xD7, 0xC7, 0x4C, 0xC0,
        0xFB, 0x36, 0x3D, 0x8E, 0x66, 0x5E, 0x5B, 0x48, 0xDE, 0xCF, 0xA5, 0x5D, 0x53, 0xB2, 0xDB, 0x59,
        0xFF, 0x00, 0x0B, 0x67, 0xF3, 0x34, 0x7F, 0xD7, 0x2E, 0xFF, 0x00, 0x02, 0x92, 0x40, 0xB3, 0x4F,
        0x3D, 0xF5, 0xC3, 0xAC, 0x8E, 0xAB, 0xD4, 0xC6, 0x06, 0x3D, 0x81, 0xD8, 0x58, 0x2E, 0x87, 0x44,
        0xC5, 0x97, 0xFD, 0x1B, 0x1E, 0x3F, 0x79, 0xB4, 0x7F, 0x33, 0x5F, 0xFD, 0x79, 0x66, 0x3A, 0x9D,
        0xAD, 0x2D, 0xA9, 0xDB, 0xDB, 0x00, 0xBC, 0x89, 0x0D, 0x06, 0x7D, 0xAC, 0x76, 0xE0, 0xD5, 0x9D,
        0x4D, 0x95, 0xB6, 0xB0, 0xD6, 0xBC, 0x0D, 0x20, 0x55, 0x59, 0xD4, 0x99, 0x86, 0xB7, 0x4F, 0x7B,
        0x59, 0xFB, 0xEF, 0x7B, 0xD6, 0xBE, 0x17, 0x4F, 0x15, 0x3F, 0xED, 0x4F, 0x2E, 0xC8, 0xB2, 0xB3,
        0xBA, 0xC7, 0x56, 0xFD, 0x01, 0x3C, 0xFA, 0x54, 0x11, 0xB3, 0xD9, 0xFF, 0x00, 0x0D, 0xEF, 0x7A,
        0x7C, 0x39, 0x98, 0xE2, 0x1E, 0x98, 0xD9, 0xF1, 0xD9, 0x64, 0xF0, 0x19, 0x9D, 0x4D, 0x0F, 0x06,
        0xAD, 0x79, 0x34, 0xB9, 0xD6, 0xB9, 0xB6, 0x36, 0xB1, 0x5D, 0x7E, 0xA5, 0x8C, 0xDA, 0x67, 0xD3,
        0x98, 0x73, 0xEA, 0xDF, 0xF9, 0xCD, 0x5A, 0x19, 0x3D, 0x4A, 0xCC, 0x66, 0x1C, 0x46, 0xE4, 0x5D,
        0xF6, 0x7B, 0x9A, 0xDD, 0xCC, 0xB9, 0xC5, 0x8E, 0x6B, 0x5F, 0xFC, 0xD3, 0x6B, 0xBE, 0xA7, 0x36,
        0xDA, 0xF7, 0xEC, 0x77, 0xD1, 0x72, 0xBD, 0x89, 0xD3, 0x7A, 0x73, 0xBA, 0x53, 0xF3, 0x2D, 0x35,
        0x5C, 0xF2, 0x5D, 0x4D, 0xB8, 0xFE, 0xD6, 0x98, 0x20, 0xFA, 0xAF, 0x6B, 0x98, 0x19, 0xB1, 0xF6,
        0x37, 0xF9, 0xBA, 0xDE, 0xDF, 0x4B, 0xFC, 0x1F, 0xFC, 0x22, 0xAB, 0x92, 0xCC, 0x0B, 0x9E, 0xC1,
        0x59, 0x66, 0x5E, 0x36, 0x4D, 0x2C, 0x75, 0x76, 0x41, 0xDC, 0x58, 0xD2, 0xE6, 0xB5, 0x99, 0x0C,
        0xFC, 0xDB, 0xAB, 0x7E, 0xF4, 0xD3, 0xCE, 0xCA, 0x52, 0xB3, 0x10, 0x40, 0xFD, 0x12, 0x34, 0x54,
        0x79, 0x68, 0x44, 0x50, 0x24, 0x1F, 0xDE, 0xBD, 0x57, 0xE9, 0x9D, 0x61, 0xB4, 0x5B, 0x89, 0x46,
        0x43, 0xAC, 0xBE, 0xBC, 0x4B, 0xD9, 0x75, 0x76, 0x5E, 0xFD, 0xEF, 0x60, 0x9F, 0x4E, 0xD6, 0xFA,
        0xBB, 0x5B, 0x67, 0xA5, 0x8F, 0x8F, 0x65, 0x9E, 0x9E, 0xE7, 0x59, 0x65, 0xDF, 0x41, 0x7A, 0x29,
        0x63, 0x5C, 0xEF, 0x81, 0xD0, 0xAF, 0x2D, 0x76, 0x35, 0x36, 0x62, 0xBA, 0xAA, 0x03, 0x9A, 0xCC,
        0x7A, 0xDC, 0x59, 0x8F, 0x53, 0x25, 0xCE, 0x73, 0xDC, 0xD6, 0xD6, 0x5D, 0x79, 0xFA, 0x3B, 0x3F,
        0x73, 0xFA, 0xEB, 0xBC, 0xFA, 0xB1, 0xD4, 0x4E, 0x46, 0x0F, 0xD9, 0x6E, 0x78, 0x7E, 0x5E, 0x14,
        0x55, 0x6B, 0x9A, 0x08, 0x6B, 0xC4, 0x7E, 0x8E, 0xD6, 0x6E, 0x03, 0xFE, 0x2D, 0xFF, 0x00, 0xF0,
        0x88, 0x4A, 0x70, 0x91, 0xB8, 0x8E, 0x1E, 0xF1, 0x48, 0x8C, 0xA3, 0xA4, 0x8D, 0xF8, 0xBA, 0x6F,
        0xAD, 0xED, 0x06, 0x06, 0xF0, 0x01, 0x89, 0xE5, 0x66, 0xE4, 0x62, 0x9C, 0xAE, 0x9F, 0x90, 0xC9,
        0x9B, 0x2F, 0x6B, 0xB6, 0x97, 0x13, 0xB7, 0x74, 0x6E, 0x1B, 0xF6, 0xFF, 0x00, 0x98, 0xE5, 0xB1,
        0xA9, 0x1A, 0x72, 0xB9, 0x8E, 0xA9, 0xF5, 0xA3, 0x03, 0x17, 0x35, 0xFD, 0x3B, 0xA5, 0x31, 0xDD,
        0x5B, 0xA9, 0xD8, 0x48, 0x38, 0x38, 0xA4, 0x06, 0x35, 0xC4, 0x44, 0xE5, 0x65, 0x9F, 0xD0, 0xE3,
        0xFF, 0x00, 0xE7, 0xC4, 0x0E, 0xBA, 0x26, 0xE9, 0xD2, 0x73, 0x28, 0xC9, 0xC4, 0xB1, 0xCE, 0x6B,
        0x6B, 0x05, 0x87, 0xD4, 0xDF, 0xA1, 0xAA, 0x1B, 0xEE, 0xF5, 0x7F, 0xE2, 0xFF, 0x00, 0x7F, 0xF7,
        0x17, 0x3C, 0xEE, 0xBB, 0x46, 0x61, 0x18, 0xFD, 0x0F, 0x19, 0xBD, 0x43, 0x2E, 0x91, 0xB2, 0xDC,
        0xFB, 0x2C, 0xF4, 0xF0, 0x6B, 0x86, 0xEC, 0x3B, 0xF3, 0x06, 0xDB, 0x72, 0xDA, 0xD8, 0x6F, 0xE8,
        0xB1, 0x7F, 0xED, 0xE5, 0x26, 0x74, 0x0C, 0x9E, 0xA9, 0x90, 0xCF, 0xF9, 0xD5, 0x95, 0xEB, 0x87,
        0x00, 0x6B, 0xE9, 0xB8, 0xB2, 0xCC, 0x61, 0xAC, 0xD7, 0x56, 0x4E, 0x4F, 0xF4, 0x8C, 0xEB, 0x19,
        0xB3, 0xDA, 0xDB, 0x5D, 0xB1, 0x6A, 0x66, 0xF4, 0x2C, 0x47, 0x53, 0x8F, 0x53, 0x5E, 0xFA, 0xAB,
        0xC7, 0x25, 0xB4, 0xFA, 0x41, 0xAD, 0xD8, 0x1D, 0xFC, 0xE0, 0xF4, 0xD8, 0x1A, 0xC7, 0xB5, 0xFB,
        0x36, 0xED, 0x72, 0x61, 0x8E, 0xBC, 0x51, 0xDF, 0xE5, 0xD5, 0x20, 0xF7, 0x34, 0x1C, 0xB6, 0xF4,
        0x9C, 0x8B, 0x2B, 0x78, 0xC9, 0xCD, 0xB3, 0x3F, 0x25, 0xC5, 0xB6, 0x59, 0x6E, 0xB5, 0x63, 0xD4,
        0x19, 0xBF, 0x6D, 0x38, 0xF8, 0xCD, 0xFE, 0x6E, 0xBF, 0xD2, 0x7E, 0x7F, 0xE9, 0xF2, 0xDF, 0xFB,
        0x88, 0x95, 0x35, 0xB5, 0xE1, 0xD3, 0x41, 0xB5, 0xD6, 0x58, 0xF7, 0x50, 0x03, 0x5C, 0xE9, 0x2F,
        0x03, 0x6D, 0xB7, 0xBF, 0x87, 0xFD, 0x1A, 0xD8, 0xED, 0x9F, 0xB8, 0xAE, 0x59, 0x89, 0x65, 0x61,
        0xB8, 0xCC, 0xB1, 0xAF, 0x05, 0xBB, 0xBD, 0xAD, 0xDB, 0xB4, 0xFB, 0x99, 0xEA, 0x7E, 0x73, 0x9B,
        0xF4, 0x91, 0x7A, 0x76, 0x03, 0x7D, 0x0B, 0x2B, 0x63, 0xA1, 0xAF, 0x3B, 0x5C, 0xE6, 0x81, 0xB9,
        0xAD, 0x68, 0xFD, 0x15, 0x3B, 0x9D, 0xF9, 0x9F, 0x9E, 0xA3, 0xAE, 0x2B, 0x06, 0x3E, 0xBD, 0x7D,
        0x4A, 0x32, 0xD8, 0x5D, 0x80, 0x49, 0x67, 0xE8, 0xD2, 0xE0, 0x19, 0x8B, 0x50, 0x69, 0x67, 0x16,
        0x3E, 0x62, 0x3F, 0x95, 0xF9, 0xDF, 0x9A, 0xD4, 0x5C, 0x6F, 0xB3, 0xBC, 0x02, 0x2D, 0x79, 0xB9,
        0xA0, 0x6F, 0x0D, 0x71, 0x71, 0x69, 0x1C, 0xB0, 0x48, 0xF6, 0xB3, 0xF7, 0x93, 0xB4, 0xD4, 0x36,
        0x55, 0x94, 0x05, 0x77, 0x08, 0xD0, 0xCF, 0xA6, 0x4B, 0x7F, 0xD1, 0xBE, 0x1B, 0x5B, 0xB7, 0x7F,
        0x2D, 0x44, 0xE6, 0xE2, 0xD1, 0x7F, 0xAA, 0x61, 0xC2, 0xC6, 0x86, 0x91, 0x58, 0x04, 0x17, 0x37,
        0x4F, 0xA5, 0xF9, 0xBF, 0xDA, 0x53, 0x8D, 0x96, 0x6A, 0x0D, 0xDB, 0x0C, 0xFC, 0x1A, 0x32, 0xB1,
        0x2F, 0xFB, 0x61, 0x77, 0xA1, 0x65, 0x64, 0x9A, 0x89, 0x33, 0x2D, 0x97, 0x31, 0xD6, 0x6C, 0xFC,
        0xE6, 0xBF, 0x6F, 0xB1, 0x8A, 0xEE, 0x1E, 0x2B, 0xBD, 0x0A, 0x4D, 0xB3, 0xEA, 0xFA, 0x6D, 0x16,
        0x38, 0x92, 0x5C, 0x5D, 0x00, 0xBF, 0x74, 0xFD, 0x0F, 0x77, 0xE6, 0xAA, 0xCD, 0xB5, 0xBD, 0x4A,
        0xCB, 0x31, 0x45, 0x4F, 0xC7, 0xAA, 0xAD, 0xA7, 0x21, 0x96, 0x0D, 0xAF, 0x78, 0x7C, 0xB9, 0x8C,
        0x6C, 0x4B, 0x5B, 0x5B, 0xF6, 0xFE, 0x93, 0xF3, 0xF6, 0x2D, 0x3D, 0x8F, 0x1F, 0x44, 0xFC, 0x8A,
        0x4B, 0x84, 0xAC, 0x6F, 0xA5, 0xB3, 0x6B, 0x43, 0x44, 0x05, 0x36, 0xF2, 0x86, 0xDB, 0x01, 0xD0,
        0xE8, 0x47, 0x8A, 0x23, 0x39, 0x45, 0x4F, 0xFF, 0xD2, 0xF4, 0x2E, 0xAF, 0xD5, 0x31, 0x7A, 0x66,
        0x13, 0xF2, 0xF2, 0x1C, 0x60, 0x10, 0xD6, 0x56, 0xDF, 0xA4, 0xF7, 0xBB, 0xE8, 0x55, 0x5F, 0xF2,
        0x9D, 0xFF, 0x00, 0x42, 0xBF, 0xD2, 0x2F, 0x2A, 0xEB, 0x19, 0x99, 0x5D, 0x5F, 0xA9, 0xDD, 0x9D,
        0x7B, 0xC7, 0xAE, 0xD6, 0x30, 0x50, 0xD6, 0x6A, 0xD6, 0x56, 0xDD, 0xDF, 0xA1, 0xA7, 0xF7, 0xB6,
        0xEF, 0x73, 0xB7, 0xFD, 0x3F, 0xE7, 0x16, 0x87, 0xD7, 0x0E, 0xA1, 0x67, 0x53, 0xCD, 0x7D, 0xB5,
        0x5F, 0x6F, 0xA5, 0x41, 0x35, 0x63, 0x54, 0xDF, 0xA3, 0xB4, 0x1D, 0xB6, 0x5B, 0xB7, 0x6E, 0xE7,
        0x5D, 0x93, 0xF4, 0xBF, 0xE2, 0xBD, 0x34, 0x2E, 0x90, 0xDC, 0x7E, 0xA8, 0xD6, 0xE3, 0xFA, 0xB5,
        0xB7, 0xAC, 0x62, 0x69, 0x51, 0x7F, 0xB5, 0xB7, 0x56, 0x79, 0xA2, 0xC8, 0xFF, 0x00, 0x0C, 0xC5,
        0x19, 0x91, 0x27, 0x4D, 0x83, 0x38, 0xE0, 0x8E, 0x3D, 0xBD, 0x64, 0xD9, 0x97, 0x48, 0xC7, 0xF7,
        0x43, 0x3C, 0x1C, 0x4C, 0x8C, 0x9A, 0xAB, 0x38, 0x75, 0xFA, 0x14, 0x56, 0x1A, 0x4D, 0xCD, 0x6B,
        0x4D, 0x8F, 0x74, 0xFD, 0x26, 0xFF, 0x00, 0x55, 0x6D, 0x8E, 0x96, 0xE7, 0xED, 0xBA, 0xEB, 0x45,
        0xAE, 0x02, 0x3D, 0x7F, 0x45, 0xAC, 0xB6, 0x01, 0xFC, 0xF7, 0xB5, 0xFB, 0x3D, 0x4F, 0xEB, 0xD0,
        0xB0, 0x5E, 0x4E, 0x33, 0xDD, 0x6B, 0x29, 0x38, 0x79, 0x95, 0x1F, 0x73, 0x5E, 0x48, 0x64, 0x03,
        0xFC, 0xD9, 0x63, 0x7F, 0x47, 0xEF, 0x5D, 0x57, 0x42, 0xEA, 0x2C, 0xEA, 0x38, 0x4D, 0x78, 0x01,
        0xAF, 0x82, 0x1E, 0xDF, 0x02, 0x3E, 0x2A, 0x22, 0x87, 0x0F, 0xA9, 0x60, 0x7D, 0x9E, 0xBD, 0x80,
        0x90, 0xDB, 0x1A, 0x58, 0xEB, 0x9A, 0xE6, 0x87, 0xB8, 0x19, 0xF6, 0xB9, 0x8F, 0xF4, 0xDD, 0xE9,
        0xAC, 0xBB, 0xB0, 0xAF, 0xE8, 0xD7, 0xB7, 0x03, 0x1E, 0xBD, 0xAD, 0xBA, 0xB3, 0x6B, 0x37, 0x40,
        0x2F, 0x68, 0x8F, 0x53, 0x63, 0xFF, 0x00, 0x91, 0xBB, 0xDF, 0xEA, 0x3B, 0xFE, 0x2D, 0x75, 0x5D,
        0x49, 0xC7, 0x16, 0xDA, 0xDF, 0x90, 0xC7, 0x3D, 0x8E, 0x71, 0x3F, 0xA1, 0x6B, 0x89, 0xD3, 0xDD,
        0xEF, 0x68, 0x3E, 0xD5, 0x9F, 0xD4, 0xBA, 0xD7, 0x46, 0xCD, 0xB7, 0x1D, 0xDD, 0x4C, 0x5A, 0xCC,
        0x5C, 0x5D, 0xCF, 0xF4, 0x9C, 0xC7, 0x57, 0x65, 0xAE, 0x78, 0x0C, 0xFB, 0x2F, 0xA7, 0xED, 0xB1,
        0xF5, 0xBE, 0x3E, 0x87, 0xD0, 0x7A, 0x22, 0x24, 0xDA, 0xAC, 0x0D, 0xD0, 0x7D, 0x59, 0xEA, 0x94,
        0x52, 0x72, 0xAA, 0xCE, 0x75, 0x8D, 0xA2, 0xEA, 0xDD, 0x66, 0x29, 0x6B, 0xA1, 0x8E, 0xB8, 0x7E,
        0x86, 0xC6, 0x92, 0x3D, 0xBE, 0xA3, 0x5A, 0x2B, 0x7B, 0x2C, 0x7F, 0xB1, 0x35, 0x1D, 0x7A, 0xEE,
        0x93, 0x97, 0x5E, 0x6D, 0x96, 0x36, 0xDB, 0x6C, 0xB1, 0xC0, 0xE1, 0xB2, 0x5D, 0x90, 0xEA, 0x38,
        0xDB, 0x15, 0x87, 0x35, 0xDE, 0xA3, 0xBF, 0x49, 0x5B, 0xAD, 0xD8, 0xFF, 0x00, 0xE6, 0xD4, 0xB2,
        0x9D, 0xD4, 0x3A, 0xA5, 0xF2, 0xDA, 0x47, 0x44, 0xC1, 0x60, 0xDD, 0x5D, 0x65, 0xA0, 0xE4, 0xED,
        0x3F, 0x9F, 0x5D, 0x31, 0xE9, 0x63, 0xB9, 0xFF, 0x00, 0xEB, 0x52, 0xCC, 0xCE, 0xAB, 0x0F, 0x03,
        0x03, 0x29, 0x94, 0x86, 0x7A, 0xCE, 0x69, 0x6B, 0x83, 0xB7, 0x7D, 0xA0, 0x92, 0x3F, 0x9C, 0xBA,
        0xD7, 0x7B, 0x6C, 0xA5, 0xBF, 0x4B, 0xD8, 0xED, 0x88, 0xC4, 0x51, 0xB2, 0x75, 0xEC, 0x16, 0x9D,
        0x7F, 0xB5, 0xEC, 0x9D, 0x83, 0xF5, 0xA3, 0xEB, 0x13, 0x23, 0xAA, 0x3C, 0xF4, 0x1E, 0x92, 0xF1,
        0xEE, 0xC0, 0xC7, 0x70, 0x7E, 0x5D, 0xAD, 0xFD, 0xDC, 0xAC, 0xBF, 0xA1, 0x8E, 0xC7, 0xFF, 0x00,
        0xA2, 0xAB, 0xFE, 0x2A, 0xC5, 0xAB, 0x57, 0x42, 0xE8, 0xD8, 0x7D, 0x3B, 0xF6, 0x66, 0x25, 0x0C,
        0xC4, 0xC5, 0x3A, 0x86, 0xD6, 0x76, 0xBC, 0xB8, 0x6A, 0x2D, 0xF5, 0xBF, 0x9D, 0x75, 0xEC, 0xFF,
        0x00, 0x4A, 0xB5, 0x0E, 0xE2, 0xD1, 0xB8, 0x43, 0xA0, 0x48, 0xF3, 0x85, 0x54, 0x61, 0xED, 0x98,
        0xB1, 0xC6, 0x49, 0x24, 0xBA, 0x0B, 0xA4, 0xFF, 0x00, 0x2A, 0x14, 0xA6, 0x52, 0x04, 0x50, 0x63,
        0x20, 0x11, 0x45, 0xAD, 0x76, 0x2B, 0x9E, 0x5C, 0x6A, 0xDA, 0x43, 0xC6, 0xD7, 0xB5, 0xE0, 0xED,
        0x20, 0x7D, 0x1F, 0x7B, 0x62, 0xC6, 0xBE, 0xB7, 0x7F, 0x37, 0x63, 0x55, 0x3D, 0xD9, 0x98, 0xAC,
        0x75, 0x2E, 0xC8, 0x70, 0x60, 0x07, 0x42, 0x05, 0x84, 0x88, 0x97, 0x7E, 0xB1, 0x6C, 0xED, 0x6F,
        0xF6, 0x16, 0x83, 0xDC, 0xC0, 0xFF, 0x00, 0x4C, 0x07, 0x3D, 0xE4, 0xED, 0x87, 0x68, 0x38, 0x4E,
        0x71, 0x2B, 0xB2, 0xB2, 0xDB, 0xE1, 0xCD, 0x22, 0x20, 0x08, 0x0D, 0xF3, 0x6F, 0xF2, 0x94, 0x19,
        0x63, 0x92, 0x5F, 0xCD, 0xCB, 0x86, 0x40, 0x9F, 0xEE, 0x7F, 0x84, 0xAE, 0x94, 0xD7, 0xC4, 0xA1,
        0x8E, 0x77, 0xA4, 0x5A, 0x77, 0x00, 0x1F, 0x63, 0xCB, 0xA4, 0x92, 0x7E, 0x8B, 0x6C, 0xFE, 0xCA,
        0x3D, 0xD8, 0xF7, 0xD5, 0x6F, 0xAF, 0x8C, 0xDD, 0xFA, 0x06, 0xBE, 0x89, 0x0D, 0xDC, 0x00, 0xF6,
        0xBA, 0xBB, 0x3F, 0x32, 0xC6, 0xFF, 0x00, 0x2F, 0xE9, 0xA0, 0xE2, 0xDC, 0xEA, 0x9D, 0x5D, 0x0F,
        0x6E, 0xD7, 0xB6, 0x47, 0xAA, 0x60, 0x36, 0xC0, 0x3F, 0x3D, 0xBF, 0xCB, 0x7F, 0xEE, 0x2D, 0x16,
        0x58, 0x1C, 0x01, 0xF9, 0xEA, 0xA4, 0xC5, 0xB6, 0xA7, 0x88, 0x83, 0xA9, 0x46, 0x85, 0xCE, 0xFB,
        0x43, 0xEC, 0xB1, 0xD4, 0x8A, 0x6F, 0x02, 0xB8, 0x16, 0x98, 0x06, 0x49, 0x1F, 0xCD, 0xB5, 0xDB,
        0xB6, 0xFF, 0x00, 0x5E, 0xC5, 0x13, 0x8B, 0x69, 0xB6, 0xA3, 0xB7, 0xEC, 0xF5, 0x92, 0x25, 0xAD,
        0x74, 0xD8, 0x0C, 0xCB, 0x36, 0xEC, 0x6E, 0xC6, 0x7F, 0x2D, 0x4A, 0xA7, 0xDB, 0x82, 0x1F, 0x5B,
        0xDA, 0x2C, 0xAD, 0xD6, 0x39, 0xED, 0x78, 0x78, 0x0F, 0x1E, 0xA3, 0x9C, 0xED, 0xB6, 0x57, 0x67,
        0xBB, 0xE9, 0x7E, 0x8E, 0xBD, 0x9F, 0x4D, 0x11, 0x87, 0x2A, 0xEB, 0x1B, 0x73, 0xAA, 0xF4, 0xE1,
        0xA4, 0x56, 0xC7, 0xBA, 0x48, 0x93, 0xF4, 0x9F, 0xB7, 0xFA, 0xBF, 0xEA, 0xF5, 0x22, 0x37, 0xDD,
        0xB7, 0x45, 0x14, 0x63, 0xB0, 0xB2, 0xA6, 0x86, 0x82, 0x4B, 0x8F, 0x72, 0x49, 0xFA, 0x4F, 0x73,
        0x9D, 0xF4, 0x95, 0x4C, 0x8C, 0xCC, 0xDB, 0x2D, 0x68, 0xE9, 0xED, 0x65, 0x95, 0xB2, 0x7D, 0x77,
        0xBC, 0x90, 0x0C, 0x1D, 0xBE, 0x85, 0x0E, 0x1F, 0xE1, 0xBF, 0xE1, 0x1D, 0xFA, 0x34, 0x73, 0x46,
        0xFF, 0x00, 0xE9, 0x0F, 0xDE, 0x27, 0x46, 0x8F, 0x68, 0x8F, 0xDD, 0x74, 0x7D, 0x34, 0x40, 0x1B,
        0x01, 0xB5, 0xB3, 0x41, 0xA0, 0x03, 0x41, 0xA2, 0x29, 0x23, 0x4E, 0xCD, 0x6F, 0xB7, 0x63, 0x5A,
        0xD8, 0xDD, 0xE9, 0xDE, 0x35, 0x15, 0x59, 0xEC, 0xB3, 0x43, 0xB3, 0xE8, 0x3B, 0xF3, 0x77, 0x7E,
        0xEA, 0xD1, 0x6F, 0x3E, 0x4A, 0xBB, 0xF1, 0x6A, 0xB6, 0x3D, 0x76, 0x36, 0xD0, 0x0C, 0xB4, 0x3D,
        0xA1, 0xD1, 0xF7, 0xAB, 0x0C, 0x1A, 0xA4, 0xA1, 0x7D, 0x5F, 0xFF, 0xD3, 0xC8, 0xCA, 0x6E, 0x2D,
        0x19, 0x0E, 0xAA, 0xD7, 0x7A, 0x0F, 0x0F, 0x73, 0x2D, 0x63, 0xB7, 0x03, 0x2D, 0x71, 0x63, 0xBE,
        0x94, 0xFD, 0x04, 0x26, 0xE3, 0xFA, 0x79, 0x0C, 0xBE, 0xA7, 0x03, 0xB5, 0xC1, 0xCC, 0xB1, 0x8E,
        0x04, 0x4C, 0xEE, 0x66, 0xF6, 0x8F, 0xA0, 0xF5, 0xE9, 0x5D, 0x77, 0xEA, 0xEF, 0x4E, 0xCD, 0xB5,
        0xD9, 0x16, 0xEF, 0xAA, 0xCB, 0x80, 0x63, 0xDC, 0xC8, 0x2D, 0xDE, 0x3E, 0x85, 0xAF, 0xA8, 0x8F,
        0xA7, 0xB7, 0xF4, 0x6F, 0xF7, 0xAF, 0x3C, 0xCB, 0xE8, 0xB5, 0xE1, 0xE6, 0xDB, 0x59, 0x26, 0x97,
        0xD4, 0xE0, 0x1C, 0xFA, 0x5D, 0xA3, 0xC4, 0x6E, 0x0F, 0xAE, 0x7F, 0x35, 0xDF, 0xCB, 0x50, 0x90,
        0x6D, 0x94, 0x1D, 0x2D, 0xEE, 0x30, 0xBF, 0x67, 0xFD, 0x60, 0xC3, 0xAD, 0xD6, 0x7B, 0x73, 0x6B,
        0x68, 0x6F, 0xA8, 0x00, 0x0E, 0x27, 0xFA, 0x9F, 0x9F, 0x5B, 0x90, 0x71, 0xFA, 0x5B, 0xBA, 0x5F,
        0x51, 0xF4, 0xC5, 0xE0, 0xB2, 0xFD, 0x4B, 0x1A, 0xD9, 0x03, 0xDD, 0xB7, 0x7C, 0xB7, 0xE8, 0xED,
        0xFF, 0x00, 0x08, 0xC5, 0xC6, 0xB2, 0xFC, 0x8B, 0xDC, 0x2B, 0xC1, 0x05, 0xEF, 0x1A, 0x1B, 0xC7,
        0xB4, 0x01, 0xF4, 0x77, 0xDB, 0x90, 0xDD, 0xBB, 0x79, 0xFF, 0x00, 0x07, 0xB1, 0x76, 0x3F, 0x56,
        0x3A, 0x78, 0xC3, 0xE9, 0xCC, 0x67, 0x51, 0xC8, 0x74, 0x52, 0xF7, 0x3F, 0x19, 0xF5, 0xBB, 0x6B,
        0x6B, 0x0F, 0xF7, 0x5C, 0xCA, 0xDE, 0xDF, 0x7F, 0xA7, 0x63, 0xF7, 0x24, 0x62, 0x34, 0x27, 0x74,
        0x71, 0x1E, 0x9B, 0x22, 0xCD, 0xCB, 0xFA, 0xCB, 0x9E, 0xFB, 0x31, 0x71, 0x85, 0x3D, 0x36, 0x89,
        0x6B, 0x7E, 0xD7, 0x74, 0xBD, 0xE1, 0xB1, 0xFA, 0x4D, 0xDA, 0x7B, 0xDF, 0xF9, 0x8C, 0xFB, 0x3F,
        0xF6, 0xF2, 0x11, 0xB0, 0x3E, 0xAE, 0xF4, 0xBC, 0x19, 0xB9, 0xAF, 0x7E, 0x4E, 0x63, 0x81, 0xF5,
        0x33, 0x6F, 0x21, 0xD6, 0x12, 0x7F, 0xD0, 0x81, 0xED, 0xC5, 0x6F, 0xFC, 0x57, 0xBF, 0xFE, 0x11,
        0xEB, 0x62, 0xDC, 0xDE, 0x8F, 0x60, 0xD8, 0xE7, 0xD6, 0x5A, 0x3D, 0xBB, 0xC9, 0x02, 0x23, 0xE3,
        0xEE, 0x55, 0x73, 0xF1, 0x31, 0xAE, 0xC7, 0x3F, 0x63, 0xC8, 0x60, 0x06, 0x63, 0x73, 0xE1, 0xA4,
        0xCF, 0x72, 0xC7, 0x31, 0xCD, 0x4A, 0xCF, 0x44, 0x79, 0xDB, 0x99, 0x95, 0x7F, 0x4C, 0xC0, 0x71,
        0x61, 0x71, 0x6B, 0xED, 0x74, 0xB5, 0x82, 0x5D, 0xA9, 0xD3, 0x7F, 0xF2, 0x77, 0x7E, 0xFA, 0xC5,
        0x2F, 0xA7, 0x2F, 0xAD, 0x62, 0x62, 0xD7, 0x39, 0x74, 0xE7, 0xBE, 0xAA, 0x8B, 0x9D, 0xCB, 0x5B,
        0xEA, 0x83, 0x78, 0xB5, 0xB1, 0xF4, 0xAB, 0x6B, 0x1D, 0x57, 0xEF, 0xD6, 0x8B, 0xD4, 0xB1, 0x5D,
        0x5B, 0x5C, 0x6C, 0x18, 0x81, 0xFB, 0x49, 0x7B, 0x83, 0x9A, 0xE3, 0x23, 0xF3, 0xB7, 0x6E, 0x6A,
        0xA5, 0xD1, 0xF3, 0x5C, 0x7E, 0xB0, 0xF4, 0xD7, 0xB6, 0xD6, 0x9A, 0xCD, 0xD5, 0x97, 0x39, 0xA7,
        0x40, 0xF1, 0xFA, 0xBD, 0xDF, 0x47, 0xF9, 0xCD, 0xEC, 0x77, 0xD3, 0x42, 0x23, 0xBA, 0xE2, 0x7B,
        0x3E, 0xB2, 0x75, 0x27, 0xE2, 0x53, 0x24, 0x9D, 0x4E, 0xC4, 0xD7, 0xB2, 0x87, 0xBB, 0x23, 0xD4,
        0x63, 0xC8, 0x05, 0xBB, 0x4B, 0x00, 0x11, 0xA1, 0x27, 0x7E, 0xE8, 0xDD, 0xFC, 0x95, 0x21, 0x8A,
        0x67, 0x73, 0xC1, 0x74, 0xF8, 0xEA, 0xA9, 0xFD, 0x67, 0x0E, 0x3F, 0x56, 0x7A, 0xBE, 0xDF, 0xA5,
        0xF6, 0x1C, 0x9D, 0xB1, 0xCC, 0xFA, 0x4F, 0x85, 0xC3, 0x74, 0x4C, 0x1F, 0xB0, 0xB3, 0xEA, 0xCF,
        0x54, 0x77, 0x4A, 0xAF, 0xA4, 0x53, 0x63, 0xF1, 0xD8, 0xEE, 0xA1, 0x8B, 0x7F, 0xAB, 0x76, 0x41,
        0xC8, 0xAC, 0x57, 0x4D, 0x79, 0x54, 0x11, 0x47, 0xA7, 0x8F, 0x97, 0x6B, 0x99, 0x6D, 0xFF, 0x00,
        0xD2, 0xED, 0xAB, 0xFE, 0xDC, 0xB5, 0x0E, 0x10, 0xA7, 0xBF, 0xCA, 0x6E, 0x3D, 0x94, 0xB2, 0xC3,
        0x65, 0x62, 0xA6, 0x5A, 0xD2, 0x6C, 0x71, 0x6E, 0xC9, 0x0E, 0xF4, 0x7D, 0x2D, 0xD3, 0xB3, 0x7B,
        0xAC, 0x77, 0xA5, 0xFF, 0x00, 0x18, 0xA1, 0x6F, 0xEC, 0x7A, 0x6F, 0x6E, 0x3D, 0xD6, 0xD1, 0x4E,
        0x43, 0xB6, 0x39, 0x94, 0xBA, 0xC6, 0xB1, 0xFE, 0xF7, 0x7A, 0x14, 0xB9, 0xB5, 0x17, 0x35, 0xDF,
        0xA5, 0xB7, 0xF4, 0x35, 0xFB, 0x7F, 0x49, 0x67, 0xE8, 0xD7, 0x11, 0xF5, 0xDB, 0x66, 0x0E, 0x4F,
        0x53, 0xAB, 0xA4, 0x16, 0xB7, 0x1B, 0xD3, 0xC7, 0xCD, 0xEB, 0xD4, 0x49, 0x14, 0xD7, 0x7F, 0xDA,
        0x31, 0x9D, 0x85, 0x7D, 0x2D, 0xAD, 0xB6, 0x7A, 0x5D, 0x43, 0x35, 0x8C, 0x77, 0xDA, 0xAB, 0xFD,
        0x17, 0xDA, 0x31, 0xAB, 0xFB, 0x47, 0xF3, 0xCB, 0x57, 0x03, 0xA6, 0x7E, 0xD5, 0xE9, 0xDD, 0x77,
        0xA5, 0x75, 0x07, 0x0A, 0x7E, 0xB2, 0xE4, 0xD8, 0x5D, 0x9B, 0x60, 0x25, 0xAD, 0x0E, 0x69, 0xDF,
        0xD1, 0xF2, 0x30, 0x9C, 0xDF, 0xD3, 0x3B, 0xA6, 0xD1, 0xB2, 0xAF, 0xB3, 0xFF, 0x00, 0x86, 0xF5,
        0x3D, 0x6F, 0x5B, 0xF4, 0xC9, 0x08, 0x80, 0x49, 0x1D, 0x77, 0x53, 0xD1, 0x5F, 0x67, 0x4E, 0xC1,
        0xB2, 0x9A, 0x6D, 0xB5, 0x94, 0x5B, 0x78, 0x79, 0xA2, 0xB2, 0x4E, 0xF7, 0x8A, 0x9B, 0xEA, 0xDD,
        0xE9, 0xB0, 0x6E, 0xB2, 0xCF, 0x4A, 0xBF, 0x73, 0xD2, 0xAF, 0xA8, 0x74, 0xA7, 0xF4, 0xE6, 0xF5,
        0x41, 0x99, 0x48, 0xE9, 0xEE, 0x01, 0xC3, 0x2D, 0xD6, 0x06, 0xD5, 0x04, 0xFA, 0x5E, 0xEB, 0x5E,
        0x5A, 0xD6, 0xFE, 0x97, 0xF4, 0x5E, 0xEF, 0xF0, 0xBF, 0xA3, 0x5C, 0xF7, 0x40, 0xCF, 0x77, 0xD6,
        0x1F, 0xAC, 0x55, 0x75, 0x6C, 0x82, 0x2B, 0x1D, 0x17, 0xA7, 0x36, 0xAC, 0x8A, 0x5E, 0xD2, 0xCF,
        0x47, 0xA8, 0x64, 0x39, 0xE3, 0xA8, 0x47, 0xA9, 0xF4, 0x3D, 0x0A, 0x71, 0x7D, 0x2B, 0x37, 0x7E,
        0x63, 0xD6, 0x5F, 0x4D, 0xA3, 0x0E, 0xCF, 0xAC, 0x58, 0xB9, 0x56, 0x56, 0xFA, 0xFE, 0xAA, 0xE7,
        0x66, 0x5D, 0x67, 0x43, 0xA2, 0xC2, 0x3D, 0x13, 0x9E, 0x1A, 0xD1, 0xF6, 0xA7, 0x52, 0xF1, 0xBA,
        0x9C, 0x7C, 0xD7, 0x37, 0x2D, 0xFD, 0x2A, 0x8F, 0x57, 0xF9, 0xDF, 0x7D, 0x78, 0xF4, 0xFA, 0xE8,
        0xA9, 0xF4, 0x21, 0x5B, 0x5B, 0xA0, 0x11, 0xE4, 0x9E, 0x02, 0x73, 0xCA, 0x49, 0x29, 0x49, 0xDB,
        0xCA, 0x64, 0xED, 0xE5, 0x25, 0x3F, 0xFF, 0xD4, 0xF4, 0x4E, 0xA9, 0x8B, 0x76, 0x46, 0x23, 0xEA,
        0xC7, 0x70, 0x6D, 0x85, 0xCD, 0x20, 0x92, 0x40, 0xF6, 0x9D, 0xCE, 0x6E, 0xE1, 0xEE, 0x6E, 0xFF,
        0x00, 0xA2, 0xBC, 0xF7, 0xAB, 0x7D, 0x87, 0x33, 0x2E, 0xC1, 0xE8, 0xDA, 0x32, 0x30, 0x43, 0x71,
        0xF2, 0x6B, 0xB4, 0x1A, 0xEB, 0x73, 0x87, 0xD0, 0xDB, 0x48, 0xDB, 0xF4, 0x3F, 0xD3, 0x7F, 0x37,
        0x7D, 0x7F, 0xE0, 0x97, 0xA6, 0xBB, 0x52, 0xA8, 0x66, 0xF4, 0x7C, 0x2C, 0xD7, 0xB6, 0xCB, 0x59,
        0x16, 0xB3, 0x6F, 0xE9, 0x1B, 0xA1, 0x2D, 0x61, 0xDE, 0xDA, 0xAC, 0xFD, 0xFA, 0xF7, 0x26, 0xC8,
        0x1D, 0xC2, 0x41, 0xEE, 0xE2, 0x74, 0x1E, 0x8A, 0xC6, 0xD4, 0xCB, 0xEE, 0x63, 0x43, 0x9C, 0xD0,
        0x5B, 0x58, 0x01, 0xAD, 0x68, 0x9D, 0xDF, 0xCD, 0x8F, 0x6A, 0xDA, 0x38, 0xB5, 0x7A, 0x66, 0xBF,
        0x4D, 0xAD, 0x69, 0x91, 0xB6, 0x34, 0x32, 0x55, 0x86, 0xD4, 0x5B, 0x0D, 0x11, 0x1E, 0x3D, 0xD4,
        0x9D, 0x43, 0x8F, 0xE7, 0x42, 0x6F, 0x09, 0x55, 0xEA, 0xF3, 0xB7, 0xFD, 0x57, 0xE9, 0xC4, 0xB9,
        0xF5, 0xB0, 0xD6, 0xEF, 0xDD, 0x6B, 0x88, 0x0B, 0x1A, 0xEF, 0xAB, 0x79, 0x7B, 0xDC, 0x2A, 0x78,
        0x6B, 0x1D, 0xA1, 0x30, 0x1B, 0xA7, 0x97, 0xD3, 0x6B, 0xBF, 0xED, 0xA5, 0xD8, 0xE6, 0xB2, 0xFA,
        0x29, 0x7D, 0xAC, 0x1E, 0xB0, 0x60, 0x92, 0xC6, 0x88, 0x74, 0x7F, 0x27, 0x9D, 0xCB, 0x22, 0x9C,
        0x8C, 0x8C, 0x87, 0xEE, 0x73, 0x76, 0x4C, 0x86, 0x54, 0x7B, 0xF8, 0xD8, 0xE7, 0x7E, 0xEF, 0xEE,
        0x26, 0x91, 0x46, 0x97, 0x82, 0x6A, 0xDE, 0x37, 0x2B, 0xA0, 0x8C, 0x6B, 0x37, 0x1A, 0xD8, 0x37,
        0x48, 0x05, 0xA0, 0x0D, 0x47, 0xE7, 0x6E, 0x6F, 0xB3, 0xFC, 0xD5, 0x5C, 0x62, 0x57, 0x41, 0xF4,
        0xE9, 0xB5, 0xA5, 0xED, 0x3B, 0xC0, 0x02, 0x0B, 0x4E, 0x9F, 0x42, 0xC7, 0x0F, 0x26, 0xAD, 0x5E,
        0xBC, 0x3A, 0x97, 0x50, 0xCE, 0x76, 0x27, 0x4F, 0xAC, 0xE4, 0xDA, 0xCF, 0x64, 0x03, 0x03, 0x4F,
        0x73, 0xC9, 0x76, 0x8D, 0xAD, 0x88, 0x54, 0x7D, 0x54, 0xFA, 0xC1, 0x5D, 0x66, 0xED, 0x8D, 0xB4,
        0x09, 0xDF, 0x49, 0x70, 0xDD, 0xFC, 0xAD, 0x8E, 0x0E, 0xDA, 0xE4, 0x0D, 0xDA, 0x74, 0xAB, 0x7B,
        0xFE, 0x85, 0xD5, 0x99, 0xD5, 0x70, 0x19, 0x90, 0x0C, 0x5C, 0xC3, 0xE9, 0x64, 0x30, 0xE8, 0x45,
        0x8D, 0x1E, 0xED, 0x3F, 0x97, 0xF4, 0xD6, 0x89, 0x07, 0xB6, 0x8B, 0xCE, 0xFE, 0xA6, 0x65, 0x64,
        0xE0, 0xFD, 0x66, 0x1D, 0x3E, 0xEA, 0xDE, 0xC6, 0x75, 0x16, 0xBE, 0x03, 0xE6, 0x77, 0xD2, 0xD3,
        0x67, 0xB9, 0xBF, 0xBC, 0xDD, 0xBF, 0x4D, 0x7A, 0x20, 0x32, 0xA6, 0x89, 0xB0, 0xC7, 0x21, 0x45,
        0x8D, 0xF4, 0xD5, 0x91, 0x45, 0x98, 0xF7, 0xB7, 0x7D, 0x37, 0x31, 0xD5, 0xD8, 0xC9, 0x22, 0x5A,
        0xF1, 0xB1, 0xED, 0x96, 0xFB, 0xBD, 0xCD, 0x2B, 0x23, 0x07, 0xEA, 0x6F, 0xD5, 0xAC, 0x0C, 0x9A,
        0x72, 0xB1, 0xB0, 0xBF, 0x4D, 0x8C, 0x23, 0x1D, 0xD6, 0xDB, 0x75, 0xE2, 0xB8, 0xE3, 0xD1, 0xAF,
        0x2A, 0xDB, 0x6B, 0xA9, 0xCD, 0x8F, 0x6E, 0xC6, 0xAD, 0xA4, 0x91, 0x43, 0x48, 0x74, 0x5E, 0x92,
        0x31, 0x72, 0x30, 0xFE, 0xC9, 0x5B, 0xB1, 0xB3, 0x2D, 0x75, 0xF9, 0x55, 0x3C, 0x6F, 0x6D, 0x96,
        0xBD, 0xC2, 0xD7, 0xDB, 0x6E, 0xFD, 0xDB, 0xDF, 0xBD, 0xAC, 0x52, 0xCE, 0xA9, 0xF5, 0x83, 0x9F,
        0x87, 0x87, 0x56, 0x5F, 0x52, 0xAD, 0xBE, 0x9D, 0x5E, 0xA3, 0xC5, 0x2E, 0x35, 0xB9, 0xC1, 0xD6,
        0x55, 0xF6, 0xAF, 0x4E, 0xE7, 0x32, 0xBF, 0xF0, 0xBE, 0x9E, 0xC5, 0x6D, 0x24, 0x94, 0xE4, 0x7D,
        0x5F, 0xE8, 0xD6, 0x60, 0x60, 0xE4, 0xB7, 0x3C, 0xD7, 0x76, 0x67, 0x52, 0xC8, 0xB7, 0x2F, 0x3C,
        0x56, 0x09, 0xA4, 0xBE, 0xEF, 0x69, 0xA2, 0xA1, 0x60, 0xDC, 0xEC, 0x7A, 0xE9, 0x6B, 0x2A, 0xFD,
        0x27, 0xF3, 0x8B, 0x4A, 0xCC, 0x5C, 0x6B, 0x69, 0x6D, 0x16, 0xD3, 0x5D, 0x94, 0xD6, 0x5A, 0x59,
        0x5B, 0x9A, 0x0B, 0x5A, 0x6B, 0x21, 0xD5, 0x39, 0x8C, 0xFA, 0x2C, 0x75, 0x4E, 0x6F, 0xE8, 0xB6,
        0xFF, 0x00, 0x36, 0x8A, 0x92, 0x4A, 0x51, 0x4D, 0xDD, 0x3A, 0x49, 0x29, 0x49, 0xDB, 0xCA, 0x64,
        0xED, 0xE5, 0x25, 0x3F, 0xFF, 0xD5, 0xF4, 0xF3, 0xCA, 0x49, 0x6B, 0x3D, 0xFF, 0x00, 0x04, 0xB5,
        0xFF, 0x00, 0x58, 0x49, 0x4B, 0x27, 0x4B, 0x59, 0xFF, 0x00, 0x72, 0x5A, 0xFF, 0x00, 0xAC, 0x24,
        0xA5, 0x88, 0x1C, 0xF7, 0x58, 0xBD, 0x6F, 0x0F, 0x36, 0xBC, 0x6B, 0x2E, 0xE9, 0xB5, 0x7A, 0xCF,
        0x68, 0x73, 0x9D, 0x8E, 0xD3, 0x16, 0x1F, 0xCE, 0xDB, 0x8E, 0xE7, 0x7B, 0x3F, 0xEB, 0x7F, 0xE6,
        0x2D, 0xBD, 0x7F, 0xD6, 0x13, 0x3A, 0x63, 0xFD, 0xC9, 0xA6, 0x92, 0x2F, 0xA3, 0xE7, 0xBF, 0x56,
        0x3A, 0xE6, 0x2D, 0xD6, 0x65, 0x53, 0x02, 0xAC, 0xDB, 0x4B, 0x8E, 0x45, 0x6E, 0x96, 0xDA, 0xD0,
        0x3F, 0x9C, 0xA9, 0xEC, 0x76, 0xD7, 0xB2, 0xCA, 0x5D, 0xBD, 0x8B, 0xA1, 0xFD, 0xA7, 0x89, 0x55,
        0x6D, 0x66, 0xCF, 0xD1, 0xD2, 0x09, 0xDA, 0xDE, 0xFB, 0x47, 0xE8, 0xDB, 0xFD, 0x45, 0x5F, 0xEB,
        0x3E, 0xDF, 0xDA, 0xB8, 0xFE, 0xA7, 0xEC, 0x6D, 0xBA, 0x7F, 0xCA, 0x1B, 0xBE, 0xD9, 0xC7, 0xFD,
        0xA6, 0xF4, 0x3F, 0x49, 0xB5, 0x56, 0xEB, 0x9F, 0x63, 0xFB, 0x03, 0xBE, 0xD1, 0xFB, 0x37, 0x6E,
        0xD3, 0x3F, 0xD2, 0xB6, 0x73, 0xFF, 0x00, 0x74, 0x7D, 0xFE, 0x9F, 0xF5, 0x53, 0x08, 0x17, 0xBA,
        0xFB, 0xD3, 0x50, 0xF2, 0xED, 0xFA, 0xC4, 0xEF, 0x57, 0x0F, 0xAC, 0x3D, 0xCE, 0x7E, 0x6B, 0x1E,
        0xE7, 0xB7, 0x69, 0x8D, 0xAE, 0x0E, 0x2D, 0xF4, 0x5C, 0xD1, 0xFF, 0x00, 0x69, 0x5E, 0xD7, 0x3F,
        0x1D, 0x7A, 0xD0, 0x20, 0x92, 0x47, 0x07, 0x51, 0xF3, 0xD5, 0x79, 0x37, 0xD5, 0xDF, 0xD9, 0x7F,
        0xB5, 0x71, 0x7E, 0xCF, 0xFF, 0x00, 0x37, 0xBD, 0x4F, 0x53, 0xDB, 0xB7, 0xF6, 0x86, 0xEE, 0x1D,
        0xFC, 0xCF, 0xDB, 0xBF, 0x56, 0xF5, 0xBF, 0x77, 0xD4, 0x5E, 0xB0, 0xD9, 0x93, 0xCF, 0xE0, 0x9F,
        0x1F, 0x0D, 0x42, 0xD9, 0x74, 0xD1, 0x92, 0x49, 0x6B, 0xFE, 0xB0, 0x96, 0xBF, 0xEB, 0x09, 0xCB,
        0x54, 0x92, 0x5A, 0xFF, 0x00, 0xAC, 0x25, 0xAF, 0xFA, 0xC2, 0x4A, 0x52, 0x49, 0x6B, 0xFE, 0xB0,
        0x96, 0xBF, 0xEB, 0x09, 0x29, 0x49, 0x25, 0xAF, 0xFA, 0xC2, 0x5A, 0xFF, 0x00, 0xAC, 0x24, 0xA5,
        0x27, 0x6F, 0x29, 0xB5, 0xFF, 0x00, 0x58, 0x4E, 0x26, 0x7B, 0xFC, 0xA1, 0x25, 0x3F, 0xFF, 0xD9,
        0x00, 0x38, 0x42, 0x49, 0x4D, 0x04, 0x21, 0x00, 0x00, 0x00, 0x00, 0x00, 0x57, 0x00, 0x00, 0x00,
        0x01, 0x01, 0x00, 0x00, 0x00, 0x0F, 0x00, 0x41, 0x00, 0x64, 0x00, 0x6F, 0x00, 0x62, 0x00, 0x65,
        0x00, 0x20, 0x00, 0x50, 0x00, 0x68, 0x00, 0x6F, 0x00, 0x74, 0x00, 0x6F, 0x00, 0x73, 0x00, 0x68,
        0x00, 0x6F, 0x00, 0x70, 0x00, 0x00, 0x00, 0x14, 0x00, 0x41, 0x00, 0x64, 0x00, 0x6F, 0x00, 0x62,
        0x00, 0x65, 0x00, 0x20, 0x00, 0x50, 0x00, 0x68, 0x00, 0x6F, 0x00, 0x74, 0x00, 0x6F, 0x00, 0x73,
        0x00, 0x68, 0x00, 0x6F, 0x00, 0x70, 0x00, 0x20, 0x00, 0x32, 0x00, 0x30, 0x00, 0x32, 0x00, 0x35,
        0x00, 0x00, 0x00, 0x01, 0x00, 0x38, 0x42, 0x49, 0x4D, 0x04, 0x06, 0x00, 0x00, 0x00, 0x00, 0x00,
        0x07, 0x00, 0x01, 0x01, 0x01, 0x00, 0x01, 0x01, 0x00, 0xFF, 0xE1, 0x0D, 0xD3, 0x68, 0x74, 0x74,
        0x70, 0x3A, 0x2F, 0x2F, 0x6E, 0x73, 0x2E, 0x61, 0x64, 0x6F, 0x62, 0x65, 0x2E, 0x63, 0x6F, 0x6D,
        0x2F, 0x78, 0x61, 0x70, 0x2F, 0x31, 0x2E, 0x30, 0x2F, 0x00, 0x3C, 0x3F, 0x78, 0x70, 0x61, 0x63,
        0x6B, 0x65, 0x74, 0x20, 0x62, 0x65, 0x67, 0x69, 0x6E, 0x3D, 0x22, 0xEF, 0xBB, 0xBF, 0x22, 0x20,
        0x69, 0x64, 0x3D, 0x22, 0x57, 0x35, 0x4D, 0x30, 0x4D, 0x70, 0x43, 0x65, 0x68, 0x69, 0x48, 0x7A,
        0x72, 0x65, 0x53, 0x7A, 0x4E, 0x54, 0x63, 0x7A, 0x6B, 0x63, 0x39, 0x64, 0x22, 0x3F, 0x3E, 0x20,
        0x3C, 0x78, 0x3A, 0x78, 0x6D, 0x70, 0x6D, 0x65, 0x74, 0x61, 0x20, 0x78, 0x6D, 0x6C, 0x6E, 0x73,
        0x3A, 0x78, 0x3D, 0x22, 0x61, 0x64, 0x6F, 0x62, 0x65, 0x3A, 0x6E, 0x73, 0x3A, 0x6D, 0x65, 0x74,
        0x61, 0x2F, 0x22, 0x20, 0x78, 0x3A, 0x78, 0x6D, 0x70, 0x74, 0x6B, 0x3D, 0x22, 0x41, 0x64, 0x6F,
        0x62, 0x65, 0x20, 0x58, 0x4D, 0x50, 0x20, 0x43, 0x6F, 0x72, 0x65, 0x20, 0x39, 0x2E, 0x31, 0x2D,
        0x63, 0x30, 0x30, 0x33, 0x20, 0x37, 0x39, 0x2E, 0x39, 0x36, 0x39, 0x30, 0x61, 0x38, 0x37, 0x2C,
        0x20, 0x32, 0x30, 0x32, 0x35, 0x2F, 0x30, 0x33, 0x2F, 0x30, 0x36, 0x2D, 0x31, 0x39, 0x3A, 0x31,
        0x32, 0x3A, 0x30, 0x33, 0x20, 0x20, 0x20, 0x20, 0x20, 0x20, 0x20, 0x20, 0x22, 0x3E, 0x20, 0x3C,
        0x72, 0x64, 0x66, 0x3A, 0x52, 0x44, 0x46, 0x20, 0x78, 0x6D, 0x6C, 0x6E, 0x73, 0x3A, 0x72, 0x64,
        0x66, 0x3D, 0x22, 0x68, 0x74, 0x74, 0x70, 0x3A, 0x2F, 0x2F, 0x77, 0x77, 0x77, 0x2E, 0x77, 0x33,
        0x2E, 0x6F, 0x72, 0x67, 0x2F, 0x31, 0x39, 0x39, 0x39, 0x2F, 0x30, 0x32, 0x2F, 0x32, 0x32, 0x2D,
        0x72, 0x64, 0x66, 0x2D, 0x73, 0x79, 0x6E, 0x74, 0x61, 0x78, 0x2D, 0x6E, 0x73, 0x23, 0x22, 0x3E,
        0x20, 0x3C, 0x72, 0x64, 0x66, 0x3A, 0x44, 0x65, 0x73, 0x63, 0x72, 0x69, 0x70, 0x74, 0x69, 0x6F,
        0x6E, 0x20, 0x72, 0x64, 0x66, 0x3A, 0x61, 0x62, 0x6F, 0x75, 0x74, 0x3D, 0x22, 0x22, 0x20, 0x78,
        0x6D, 0x6C, 0x6E, 0x73, 0x3A, 0x78, 0x6D, 0x70, 0x3D, 0x22, 0x68, 0x74, 0x74, 0x70, 0x3A, 0x2F,
        0x2F, 0x6E, 0x73, 0x2E, 0x61, 0x64, 0x6F, 0x62, 0x65, 0x2E, 0x63, 0x6F, 0x6D, 0x2F, 0x78, 0x61,
        0x70, 0x2F, 0x31, 0x2E, 0x30, 0x2F, 0x22, 0x20, 0x78, 0x6D, 0x6C, 0x6E, 0x73, 0x3A, 0x78, 0x6D,
        0x70, 0x4D, 0x4D, 0x3D, 0x22, 0x68, 0x74, 0x74, 0x70, 0x3A, 0x2F, 0x2F, 0x6E, 0x73, 0x2E, 0x61,
        0x64, 0x6F, 0x62, 0x65, 0x2E, 0x63, 0x6F, 0x6D, 0x2F, 0x78, 0x61, 0x70, 0x2F, 0x31, 0x2E, 0x30,
        0x2F, 0x6D, 0x6D, 0x2F, 0x22, 0x20, 0x78, 0x6D, 0x6C, 0x6E, 0x73, 0x3A, 0x73, 0x74, 0x45, 0x76,
        0x74, 0x3D, 0x22, 0x68, 0x74, 0x74, 0x70, 0x3A, 0x2F, 0x2F, 0x6E, 0x73, 0x2E, 0x61, 0x64, 0x6F,
        0x62, 0x65, 0x2E, 0x63, 0x6F, 0x6D, 0x2F, 0x78, 0x61, 0x70, 0x2F, 0x31, 0x2E, 0x30, 0x2F, 0x73,
        0x54, 0x79, 0x70, 0x65, 0x2F, 0x52, 0x65, 0x73, 0x6F, 0x75, 0x72, 0x63, 0x65, 0x45, 0x76, 0x65,
        0x6E, 0x74, 0x23, 0x22, 0x20, 0x78, 0x6D, 0x6C, 0x6E, 0x73, 0x3A, 0x64, 0x63, 0x3D, 0x22, 0x68,
        0x74, 0x74, 0x70, 0x3A, 0x2F, 0x2F, 0x70, 0x75, 0x72, 0x6C, 0x2E, 0x6F, 0x72, 0x67, 0x2F, 0x64,
        0x63, 0x2F, 0x65, 0x6C, 0x65, 0x6D, 0x65, 0x6E, 0x74, 0x73, 0x2F, 0x31, 0x2E, 0x31, 0x2F, 0x22,
        0x20, 0x78, 0x6D, 0x6C, 0x6E, 0x73, 0x3A, 0x70, 0x68, 0x6F, 0x74, 0x6F, 0x73, 0x68, 0x6F, 0x70,
        0x3D, 0x22, 0x68, 0x74, 0x74, 0x70, 0x3A, 0x2F, 0x2F, 0x6E, 0x73, 0x2E, 0x61, 0x64, 0x6F, 0x62,
        0x65, 0x2E, 0x63, 0x6F, 0x6D, 0x2F, 0x70, 0x68, 0x6F, 0x74, 0x6F, 0x73, 0x68, 0x6F, 0x70, 0x2F,
        0x31, 0x2E, 0x30, 0x2F, 0x22, 0x20, 0x78, 0x6D, 0x70, 0x3A, 0x43, 0x72, 0x65, 0x61, 0x74, 0x6F,
        0x72, 0x54, 0x6F, 0x6F, 0x6C, 0x3D, 0x22, 0x41, 0x64, 0x6F, 0x62, 0x65, 0x20, 0x50, 0x68, 0x6F,
        0x74, 0x6F, 0x73, 0x68, 0x6F, 0x70, 0x20, 0x32, 0x36, 0x2E, 0x38, 0x20, 0x28, 0x57, 0x69, 0x6E,
        0x64, 0x6F, 0x77, 0x73, 0x29, 0x22, 0x20, 0x78, 0x6D, 0x70, 0x3A, 0x43, 0x72, 0x65, 0x61, 0x74,
        0x65, 0x44, 0x61, 0x74, 0x65, 0x3D, 0x22, 0x32, 0x30, 0x32, 0x36, 0x2D, 0x30, 0x39, 0x2D, 0x31,
        0x37, 0x54, 0x31, 0x32, 0x3A, 0x35, 0x37, 0x3A, 0x31, 0x32, 0x2B, 0x30, 0x33, 0x3A, 0x30, 0x30,
        0x22, 0x20, 0x78, 0x6D, 0x70, 0x3A, 0x4D, 0x65, 0x74, 0x61, 0x64, 0x61, 0x74, 0x61, 0x44, 0x61,
        0x74, 0x65, 0x3D, 0x22, 0x32, 0x30, 0x32, 0x36, 0x2D, 0x30, 0x39, 0x2D, 0x31, 0x37, 0x54, 0x31,
        0x32, 0x3A, 0x35, 0x37, 0x3A, 0x31, 0x32, 0x2B, 0x30, 0x33, 0x3A, 0x30, 0x30, 0x22, 0x20, 0x78,
        0x6D, 0x70, 0x3A, 0x4D, 0x6F, 0x64, 0x69, 0x66, 0x79, 0x44, 0x61, 0x74, 0x65, 0x3D, 0x22, 0x32,
        0x30, 0x32, 0x36, 0x2D, 0x30, 0x39, 0x2D, 0x31, 0x37, 0x54, 0x31, 0x32, 0x3A, 0x35, 0x37, 0x3A,
        0x31, 0x32, 0x2B, 0x30, 0x33, 0x3A, 0x30, 0x30, 0x22, 0x20, 0x78, 0x6D, 0x70, 0x4D, 0x4D, 0x3A,
        0x49, 0x6E, 0x73, 0x74, 0x61, 0x6E, 0x63, 0x65, 0x49, 0x44, 0x3D, 0x22, 0x78, 0x6D, 0x70, 0x2E,
        0x69, 0x69, 0x64, 0x3A, 0x62, 0x34, 0x36, 0x32, 0x38, 0x39, 0x63, 0x30, 0x2D, 0x32, 0x63, 0x61,
        0x30, 0x2D, 0x33, 0x38, 0x34, 0x38, 0x2D, 0x39, 0x31, 0x63, 0x61, 0x2D, 0x66, 0x38, 0x61, 0x33,
        0x61, 0x37, 0x36, 0x62, 0x63, 0x36, 0x36, 0x34, 0x22, 0x20, 0x78, 0x6D, 0x70, 0x4D, 0x4D, 0x3A,
        0x44, 0x6F, 0x63, 0x75, 0x6D, 0x65, 0x6E, 0x74, 0x49, 0x44, 0x3D, 0x22, 0x61, 0x64, 0x6F, 0x62,
        0x65, 0x3A, 0x64, 0x6F, 0x63, 0x69, 0x64, 0x3A, 0x70, 0x68, 0x6F, 0x74, 0x6F, 0x73, 0x68, 0x6F,
        0x70, 0x3A, 0x61, 0x65, 0x34, 0x33, 0x62, 0x33, 0x33, 0x63, 0x2D, 0x39, 0x62, 0x37, 0x38, 0x2D,
        0x33, 0x61, 0x34, 0x65, 0x2D, 0x38, 0x36, 0x63, 0x33, 0x2D, 0x63, 0x33, 0x62, 0x33, 0x35, 0x63,
        0x39, 0x33, 0x62, 0x35, 0x30, 0x62, 0x22, 0x20, 0x78, 0x6D, 0x70, 0x4D, 0x4D, 0x3A, 0x4F, 0x72,
        0x69, 0x67, 0x69, 0x6E, 0x61, 0x6C, 0x44, 0x6F, 0x63, 0x75, 0x6D, 0x65, 0x6E, 0x74, 0x49, 0x44,
        0x3D, 0x22, 0x78, 0x6D, 0x70, 0x2E, 0x64, 0x69, 0x64, 0x3A, 0x65, 0x31, 0x64, 0x31, 0x35, 0x31,
        0x34, 0x64, 0x2D, 0x63, 0x61, 0x36, 0x37, 0x2D, 0x64, 0x32, 0x34, 0x38, 0x2D, 0x62, 0x35, 0x37,
        0x32, 0x2D, 0x61, 0x66, 0x62, 0x39, 0x39, 0x63, 0x61, 0x38, 0x30, 0x30, 0x34, 0x38, 0x22, 0x20,
        0x64, 0x63, 0x3A, 0x66, 0x6F, 0x72, 0x6D, 0x61, 0x74, 0x3D, 0x22, 0x69, 0x6D, 0x61, 0x67, 0x65,
        0x2F, 0x6A, 0x70, 0x65, 0x67, 0x22, 0x20, 0x70, 0x68, 0x6F, 0x74, 0x6F, 0x73, 0x68, 0x6F, 0x70,
        0x3A, 0x43, 0x6F, 0x6C, 0x6F, 0x72, 0x4D, 0x6F, 0x64, 0x65, 0x3D, 0x22, 0x33, 0x22, 0x3E, 0x20,
        0x3C, 0x78, 0x6D, 0x70, 0x4D, 0x4D, 0x3A, 0x48, 0x69, 0x73, 0x74, 0x6F, 0x72, 0x79, 0x3E, 0x20,
        0x3C, 0x72, 0x64, 0x66, 0x3A, 0x53, 0x65, 0x71, 0x3E, 0x20, 0x3C, 0x72, 0x64, 0x66, 0x3A, 0x6C,
        0x69, 0x20, 0x73, 0x74, 0x45, 0x76, 0x74, 0x3A, 0x61, 0x63, 0x74, 0x69, 0x6F, 0x6E, 0x3D, 0x22,
        0x63, 0x72, 0x65, 0x61, 0x74, 0x65, 0x64, 0x22, 0x20, 0x73, 0x74, 0x45, 0x76, 0x74, 0x3A, 0x69,
        0x6E, 0x73, 0x74, 0x61, 0x6E, 0x63, 0x65, 0x49, 0x44, 0x3D, 0x22, 0x78, 0x6D, 0x70, 0x2E, 0x69,
        0x69, 0x64, 0x3A, 0x65, 0x31, 0x64, 0x31, 0x35, 0x31, 0x34, 0x64, 0x2D, 0x63, 0x61, 0x36, 0x37,
        0x2D, 0x64, 0x32, 0x34, 0x38, 0x2D, 0x62, 0x35, 0x37, 0x32, 0x2D, 0x61, 0x66, 0x62, 0x39, 0x39,
        0x63, 0x61, 0x38, 0x30, 0x30, 0x34, 0x38, 0x22, 0x20, 0x73, 0x74, 0x45, 0x76, 0x74, 0x3A, 0x77,
        0x68, 0x65, 0x6E, 0x3D, 0x22, 0x32, 0x30, 0x32, 0x36, 0x2D, 0x30, 0x39, 0x2D, 0x31, 0x37, 0x54,
        0x31, 0x32, 0x3A, 0x35, 0x37, 0x3A, 0x31, 0x32, 0x2B, 0x30, 0x33, 0x3A, 0x30, 0x30, 0x22, 0x20,
        0x73, 0x74, 0x45, 0x76, 0x74, 0x3A, 0x73, 0x6F, 0x66, 0x74, 0x77, 0x61, 0x72, 0x65, 0x41, 0x67,
        0x65, 0x6E, 0x74, 0x3D, 0x22, 0x41, 0x64, 0x6F, 0x62, 0x65, 0x20, 0x50, 0x68, 0x6F, 0x74, 0x6F,
        0x73, 0x68, 0x6F, 0x70, 0x20, 0x32, 0x36, 0x2E, 0x38, 0x20, 0x28, 0x57, 0x69, 0x6E, 0x64, 0x6F,
        0x77, 0x73, 0x29, 0x22, 0x2F, 0x3E, 0x20, 0x3C, 0x72, 0x64, 0x66, 0x3A, 0x6C, 0x69, 0x20, 0x73,
        0x74, 0x45, 0x76, 0x74, 0x3A, 0x61, 0x63, 0x74, 0x69, 0x6F, 0x6E, 0x3D, 0x22, 0x73, 0x61, 0x76,
        0x65, 0x64, 0x22, 0x20, 0x73, 0x74, 0x45, 0x76, 0x74, 0x3A, 0x69, 0x6E, 0x73, 0x74, 0x61, 0x6E,
        0x63, 0x65, 0x49, 0x44, 0x3D, 0x22, 0x78, 0x6D, 0x70, 0x2E, 0x69, 0x69, 0x64, 0x3A, 0x62, 0x34,
        0x36, 0x32, 0x38, 0x39, 0x63, 0x30, 0x2D, 0x32, 0x63, 0x61, 0x30, 0x2D, 0x33, 0x38, 0x34, 0x38,
        0x2D, 0x39, 0x31, 0x63, 0x61, 0x2D, 0x66, 0x38, 0x61, 0x33, 0x61, 0x37, 0x36, 0x62, 0x63, 0x36,
        0x36, 0x34, 0x22, 0x20, 0x73, 0x74, 0x45, 0x76, 0x74, 0x3A, 0x77, 0x68, 0x65, 0x6E, 0x3D, 0x22,
        0x32, 0x30, 0x32, 0x36, 0x2D, 0x30, 0x39, 0x2D, 0x31, 0x37, 0x54, 0x31, 0x32, 0x3A, 0x35, 0x37,
        0x3A, 0x31, 0x32, 0x2B, 0x30, 0x33, 0x3A, 0x30, 0x30, 0x22, 0x20, 0x73, 0x74, 0x45, 0x76, 0x74,
        0x3A, 0x73, 0x6F, 0x66, 0x74, 0x77, 0x61, 0x72, 0x65, 0x41, 0x67, 0x65, 0x6E, 0x74, 0x3D, 0x22,
        0x41, 0x64, 0x6F, 0x62, 0x65, 0x20, 0x50, 0x68, 0x6F, 0x74, 0x6F, 0x73, 0x68, 0x6F, 0x70, 0x20,
        0x32, 0x36, 0x2E, 0x38, 0x20, 0x28, 0x57, 0x69, 0x6E, 0x64, 0x6F, 0x77, 0x73, 0x29, 0x22, 0x20,
        0x73, 0x74, 0x45, 0x76, 0x74, 0x3A, 0x63, 0x68, 0x61, 0x6E, 0x67, 0x65, 0x64, 0x3D, 0x22, 0x2F,
        0x22, 0x2F, 0x3E, 0x20, 0x3C, 0x2F, 0x72, 0x64, 0x66, 0x3A, 0x53, 0x65, 0x71, 0x3E, 0x20, 0x3C,
        0x2F, 0x78, 0x6D, 0x70, 0x4D, 0x4D, 0x3A, 0x48, 0x69, 0x73, 0x74, 0x6F, 0x72, 0x79, 0x3E, 0x20,
        0x3C, 0x2F, 0x72, 0x64, 0x66, 0x3A, 0x44, 0x65, 0x73, 0x63, 0x72, 0x69, 0x70, 0x74, 0x69, 0x6F,
        0x6E, 0x3E, 0x20, 0x3C, 0x2F, 0x72, 0x64, 0x66, 0x3A, 0x52, 0x44, 0x46, 0x3E, 0x20, 0x3C, 0x2F,
        0x78, 0x3A, 0x78, 0x6D, 0x70, 0x6D, 0x65, 0x74, 0x61, 0x3E, 0x20, 0x20, 0x20, 0x20, 0x20, 0x20,
        0x20, 0x20, 0x20, 0x20, 0x20, 0x20, 0x20, 0x20, 0x20, 0x20, 0x20, 0x20, 0x20, 0x20, 0x20, 0x20,
        0x20, 0x20, 0x20, 0x20, 0x20, 0x20, 0x20, 0x20, 0x20, 0x20, 0x20, 0x20, 0x20, 0x20, 0x20, 0x20,
        0x20, 0x20, 0x20, 0x20, 0x20, 0x20, 0x20, 0x20, 0x20, 0x20, 0x20, 0x20, 0x20, 0x20, 0x20, 0x20,
        0x20, 0x20, 0x20, 0x20, 0x20, 0x20, 0x20, 0x20, 0x20, 0x20, 0x20, 0x20, 0x20, 0x20, 0x20, 0x20,
        0x20, 0x20, 0x20, 0x20, 0x20, 0x20, 0x20, 0x20, 0x20, 0x20, 0x20, 0x20, 0x20, 0x20, 0x20, 0x20,
        0x20, 0x20, 0x20, 0x20, 0x20, 0x20, 0x20, 0x20, 0x20, 0x20, 0x20, 0x20, 0x20, 0x20, 0x20, 0x20,
        0x20, 0x20, 0x20, 0x20, 0x20, 0x20, 0x20, 0x20, 0x20, 0x20, 0x20, 0x20, 0x20, 0x20, 0x20, 0x20,
        0x20, 0x20, 0x20, 0x20, 0x20, 0x20, 0x20, 0x20, 0x20, 0x20, 0x20, 0x20, 0x20, 0x20, 0x20, 0x20,
        0x20, 0x20, 0x20, 0x20, 0x20, 0x20, 0x20, 0x20, 0x20, 0x20, 0x20, 0x20, 0x20, 0x20, 0x20, 0x20,
        0x20, 0x20, 0x20, 0x20, 0x20, 0x20, 0x20, 0x20, 0x20, 0x20, 0x20, 0x20, 0x20, 0x20, 0x20, 0x20,
        0x20, 0x20, 0x20, 0x20, 0x20, 0x20, 0x20, 0x20, 0x20, 0x20, 0x20, 0x20, 0x20, 0x20, 0x20, 0x20,
        0x20, 0x20, 0x20, 0x20, 0x20, 0x20, 0x20, 0x20, 0x20, 0x20, 0x20, 0x20, 0x20, 0x20, 0x20, 0x20,
        0x20, 0x20, 0x20, 0x20, 0x20, 0x20, 0x20, 0x20, 0x20, 0x20, 0x20, 0x20, 0x20, 0x20, 0x20, 0x20,
        0x20, 0x20, 0x20, 0x20, 0x20, 0x20, 0x20, 0x20, 0x20, 0x20, 0x20, 0x20, 0x20, 0x20, 0x20, 0x20,
        0x20, 0x20, 0x20, 0x20, 0x20, 0x20, 0x20, 0x20, 0x20, 0x20, 0x20, 0x20, 0x20, 0x20, 0x20, 0x20,
        0x20, 0x20, 0x20, 0x20, 0x20, 0x20, 0x20, 0x20, 0x20, 0x20, 0x20, 0x20, 0x20, 0x20, 0x20, 0x20,
        0x20, 0x20, 0x20, 0x20, 0x20, 0x20, 0x20, 0x20, 0x20, 0x20, 0x20, 0x20, 0x20, 0x20, 0x20, 0x20,
        0x20, 0x20, 0x20, 0x20, 0x20, 0x20, 0x20, 0x20, 0x20, 0x20, 0x20, 0x20, 0x20, 0x20, 0x20, 0x20,
        0x20, 0x20, 0x20, 0x20, 0x20, 0x20, 0x20, 0x20, 0x20, 0x20, 0x20, 0x20, 0x20, 0x20, 0x20, 0x20,
        0x20, 0x20, 0x20, 0x20, 0x20, 0x20, 0x20, 0x20, 0x20, 0x20, 0x20, 0x20, 0x20, 0x20, 0x20, 0x20,
        0x20, 0x20, 0x20, 0x20, 0x20, 0x20, 0x20, 0x20, 0x20, 0x20, 0x20, 0x20, 0x20, 0x20, 0x20, 0x20,
        0x20, 0x20, 0x20, 0x20, 0x20, 0x20, 0x20, 0x20, 0x20, 0x20, 0x20, 0x20, 0x20, 0x20, 0x20, 0x20,
        0x20, 0x20, 0x20, 0x20, 0x20, 0x20, 0x20, 0x20, 0x20, 0x20, 0x20, 0x20, 0x20, 0x20, 0x20, 0x20,
        0x20, 0x20, 0x20, 0x20, 0x20, 0x20, 0x20, 0x20, 0x20, 0x20, 0x20, 0x20, 0x20, 0x20, 0x20, 0x20,
        0x20, 0x20, 0x20, 0x20, 0x20, 0x20, 0x20, 0x20, 0x20, 0x20, 0x20, 0x20, 0x20, 0x20, 0x20, 0x20,
        0x20, 0x20, 0x20, 0x20, 0x20, 0x20, 0x20, 0x20, 0x20, 0x20, 0x20, 0x20, 0x20, 0x20, 0x20, 0x20,
        0x20, 0x20, 0x20, 0x20, 0x20, 0x20, 0x20, 0x20, 0x20, 0x20, 0x20, 0x20, 0x20, 0x20, 0x20, 0x20,
        0x20, 0x20, 0x20, 0x20, 0x20, 0x20, 0x20, 0x20, 0x20, 0x20, 0x20, 0x20, 0x20, 0x20, 0x20, 0x20,
        0x20, 0x20, 0x20, 0x20, 0x20, 0x20, 0x20, 0x20, 0x20, 0x20, 0x20, 0x20, 0x20, 0x20, 0x20, 0x20,
        0x20, 0x20, 0x20, 0x20, 0x20, 0x20, 0x20, 0x20, 0x20, 0x20, 0x20, 0x20, 0x20, 0x20, 0x20, 0x20,
        0x20, 0x20, 0x20, 0x20, 0x20, 0x20, 0x20, 0x20, 0x20, 0x20, 0x20, 0x20, 0x20, 0x20, 0x20, 0x20,
        0x20, 0x20, 0x20, 0x20, 0x20, 0x20, 0x20, 0x20, 0x20, 0x20, 0x20, 0x20, 0x20, 0x20, 0x20, 0x20,
        0x20, 0x20, 0x20, 0x20, 0x20, 0x20, 0x20, 0x20, 0x20, 0x20, 0x20, 0x20, 0x20, 0x20, 0x20, 0x20,
        0x20, 0x20, 0x20, 0x20, 0x20, 0x20, 0x20, 0x20, 0x20, 0x20, 0x20, 0x20, 0x20, 0x20, 0x20, 0x20,
        0x20, 0x20, 0x20, 0x20, 0x20, 0x20, 0x20, 0x20, 0x20, 0x20, 0x20, 0x20, 0x20, 0x20, 0x20, 0x20,
        0x20, 0x20, 0x20, 0x20, 0x20, 0x20, 0x20, 0x20, 0x20, 0x20, 0x20, 0x20, 0x20, 0x20, 0x20, 0x20,
        0x20, 0x20, 0x20, 0x20, 0x20, 0x20, 0x20, 0x20, 0x20, 0x20, 0x20, 0x20, 0x20, 0x20, 0x20, 0x20,
        0x20, 0x20, 0x20, 0x20, 0x20, 0x20, 0x20, 0x20, 0x20, 0x20, 0x20, 0x20, 0x20, 0x20, 0x20, 0x20,
        0x20, 0x20, 0x20, 0x20, 0x20, 0x20, 0x20, 0x20, 0x20, 0x20, 0x20, 0x20, 0x20, 0x20, 0x20, 0x20,
        0x20, 0x20, 0x20, 0x20, 0x20, 0x20, 0x20, 0x20, 0x20, 0x20, 0x20, 0x20, 0x20, 0x20, 0x20, 0x20,
        0x20, 0x20, 0x20, 0x20, 0x20, 0x20, 0x20, 0x20, 0x20, 0x20, 0x20, 0x20, 0x20, 0x20, 0x20, 0x20,
        0x20, 0x20, 0x20, 0x20, 0x20, 0x20, 0x20, 0x20, 0x20, 0x20, 0x20, 0x20, 0x20, 0x20, 0x20, 0x20,
        0x20, 0x20, 0x20, 0x20, 0x20, 0x20, 0x20, 0x20, 0x20, 0x20, 0x20, 0x20, 0x20, 0x20, 0x20, 0x20,
        0x20, 0x20, 0x20, 0x20, 0x20, 0x20, 0x20, 0x20, 0x20, 0x20, 0x20, 0x20, 0x20, 0x20, 0x20, 0x20,
        0x20, 0x20, 0x20, 0x20, 0x20, 0x20, 0x20, 0x20, 0x20, 0x20, 0x20, 0x20, 0x20, 0x20, 0x20, 0x20,
        0x20, 0x20, 0x20, 0x20, 0x20, 0x20, 0x20, 0x20, 0x20, 0x20, 0x20, 0x20, 0x20, 0x20, 0x20, 0x20,
        0x20, 0x20, 0x20, 0x20, 0x20, 0x20, 0x20, 0x20, 0x20, 0x20, 0x20, 0x20, 0x20, 0x20, 0x20, 0x20,
        0x20, 0x20, 0x20, 0x20, 0x20, 0x20, 0x20, 0x20, 0x20, 0x20, 0x20, 0x20, 0x20, 0x20, 0x20, 0x20,
        0x20, 0x20, 0x20, 0x20, 0x20, 0x20, 0x20, 0x20, 0x20, 0x20, 0x20, 0x20, 0x20, 0x20, 0x20, 0x20,
        0x20, 0x20, 0x20, 0x20, 0x20, 0x20, 0x20, 0x20, 0x20, 0x20, 0x20, 0x20, 0x20, 0x20, 0x20, 0x20,
        0x20, 0x20, 0x20, 0x20, 0x20, 0x20, 0x20, 0x20, 0x20, 0x20, 0x20, 0x20, 0x20, 0x20, 0x20, 0x20,
        0x20, 0x20, 0x20, 0x20, 0x20, 0x20, 0x20, 0x20, 0x20, 0x20, 0x20, 0x20, 0x20, 0x20, 0x20, 0x20,
        0x20, 0x20, 0x20, 0x20, 0x20, 0x20, 0x20, 0x20, 0x20, 0x20, 0x20, 0x20, 0x20, 0x20, 0x20, 0x20,
        0x20, 0x20, 0x20, 0x20, 0x20, 0x20, 0x20, 0x20, 0x20, 0x20, 0x20, 0x20, 0x20, 0x20, 0x20, 0x20,
        0x20, 0x20, 0x20, 0x20, 0x20, 0x20, 0x20, 0x20, 0x20, 0x20, 0x20, 0x20, 0x20, 0x20, 0x20, 0x20,
        0x20, 0x20, 0x20, 0x20, 0x20, 0x20, 0x20, 0x20, 0x20, 0x20, 0x20, 0x20, 0x20, 0x20, 0x20, 0x20,
        0x20, 0x20, 0x20, 0x20, 0x20, 0x20, 0x20, 0x20, 0x20, 0x20, 0x20, 0x20, 0x20, 0x20, 0x20, 0x20,
        0x20, 0x20, 0x20, 0x20, 0x20, 0x20, 0x20, 0x20, 0x20, 0x20, 0x20, 0x20, 0x20, 0x20, 0x20, 0x20,
        0x20, 0x20, 0x20, 0x20, 0x20, 0x20, 0x20, 0x20, 0x20, 0x20, 0x20, 0x20, 0x20, 0x20, 0x20, 0x20,
        0x20, 0x20, 0x20, 0x20, 0x20, 0x20, 0x20, 0x20, 0x20, 0x20, 0x20, 0x20, 0x20, 0x20, 0x20, 0x20,
        0x20, 0x20, 0x20, 0x20, 0x20, 0x20, 0x20, 0x20, 0x20, 0x20, 0x20, 0x20, 0x20, 0x20, 0x20, 0x20,
        0x20, 0x20, 0x20, 0x20, 0x20, 0x20, 0x20, 0x20, 0x20, 0x20, 0x20, 0x20, 0x20, 0x20, 0x20, 0x20,
        0x20, 0x20, 0x20, 0x20, 0x20, 0x20, 0x20, 0x20, 0x20, 0x20, 0x20, 0x20, 0x20, 0x20, 0x20, 0x20,
        0x20, 0x20, 0x20, 0x20, 0x20, 0x20, 0x20, 0x20, 0x20, 0x20, 0x20, 0x20, 0x20, 0x20, 0x20, 0x20,
        0x20, 0x20, 0x20, 0x20, 0x20, 0x20, 0x20, 0x20, 0x20, 0x20, 0x20, 0x20, 0x20, 0x20, 0x20, 0x20,
        0x20, 0x20, 0x20, 0x20, 0x20, 0x20, 0x20, 0x20, 0x20, 0x20, 0x20, 0x20, 0x20, 0x20, 0x20, 0x20,
        0x20, 0x20, 0x20, 0x20, 0x20, 0x20, 0x20, 0x20, 0x20, 0x20, 0x20, 0x20, 0x20, 0x20, 0x20, 0x20,
        0x20, 0x20, 0x20, 0x20, 0x20, 0x20, 0x20, 0x20, 0x20, 0x20, 0x20, 0x20, 0x20, 0x20, 0x20, 0x20,
        0x20, 0x20, 0x20, 0x20, 0x20, 0x20, 0x20, 0x20, 0x20, 0x20, 0x20, 0x20, 0x20, 0x20, 0x20, 0x20,
        0x20, 0x20, 0x20, 0x20, 0x20, 0x20, 0x20, 0x20, 0x20, 0x20, 0x20, 0x20, 0x20, 0x20, 0x20, 0x20,
        0x20, 0x20, 0x20, 0x20, 0x20, 0x20, 0x20, 0x20, 0x20, 0x20, 0x20, 0x20, 0x20, 0x20, 0x20, 0x20,
        0x20, 0x20, 0x20, 0x20, 0x20, 0x20, 0x20, 0x20, 0x20, 0x20, 0x20, 0x20, 0x20, 0x20, 0x20, 0x20,
        0x20, 0x20, 0x20, 0x20, 0x20, 0x20, 0x20, 0x20, 0x20, 0x20, 0x20, 0x20, 0x20, 0x20, 0x20, 0x20,
        0x20, 0x20, 0x20, 0x20, 0x20, 0x20, 0x20, 0x20, 0x20, 0x20, 0x20, 0x20, 0x20, 0x20, 0x20, 0x20,
        0x20, 0x20, 0x20, 0x20, 0x20, 0x20, 0x20, 0x20, 0x20, 0x20, 0x20, 0x20, 0x20, 0x20, 0x20, 0x20,
        0x20, 0x20, 0x20, 0x20, 0x20, 0x20, 0x20, 0x20, 0x20, 0x20, 0x20, 0x20, 0x20, 0x20, 0x20, 0x20,
        0x20, 0x20, 0x20, 0x20, 0x20, 0x20, 0x20, 0x20, 0x20, 0x20, 0x20, 0x20, 0x20, 0x20, 0x20, 0x20,
        0x20, 0x20, 0x20, 0x20, 0x20, 0x20, 0x20, 0x20, 0x20, 0x20, 0x20, 0x20, 0x20, 0x20, 0x20, 0x20,
        0x20, 0x20, 0x20, 0x20, 0x20, 0x20, 0x20, 0x20, 0x20, 0x20, 0x20, 0x20, 0x20, 0x20, 0x20, 0x20,
        0x20, 0x20, 0x20, 0x20, 0x20, 0x20, 0x20, 0x20, 0x20, 0x20, 0x20, 0x20, 0x20, 0x20, 0x20, 0x20,
        0x20, 0x20, 0x20, 0x20, 0x20, 0x20, 0x20, 0x20, 0x20, 0x20, 0x20, 0x20, 0x20, 0x20, 0x20, 0x20,
        0x20, 0x20, 0x20, 0x20, 0x20, 0x20, 0x20, 0x20, 0x20, 0x20, 0x20, 0x20, 0x20, 0x20, 0x20, 0x20,
        0x20, 0x20, 0x20, 0x20, 0x20, 0x20, 0x20, 0x20, 0x20, 0x20, 0x20, 0x20, 0x20, 0x20, 0x20, 0x20,
        0x20, 0x20, 0x20, 0x20, 0x20, 0x20, 0x20, 0x20, 0x20, 0x20, 0x20, 0x20, 0x20, 0x20, 0x20, 0x20,
        0x20, 0x20, 0x20, 0x20, 0x20, 0x20, 0x20, 0x20, 0x20, 0x20, 0x20, 0x20, 0x20, 0x20, 0x20, 0x20,
        0x20, 0x20, 0x20, 0x20, 0x20, 0x20, 0x20, 0x20, 0x20, 0x20, 0x20, 0x20, 0x20, 0x20, 0x20, 0x20,
        0x20, 0x20, 0x20, 0x20, 0x20, 0x20, 0x20, 0x20, 0x20, 0x20, 0x20, 0x20, 0x20, 0x20, 0x20, 0x20,
        0x20, 0x20, 0x20, 0x20, 0x20, 0x20, 0x20, 0x20, 0x20, 0x20, 0x20, 0x20, 0x20, 0x20, 0x20, 0x20,
        0x20, 0x20, 0x20, 0x20, 0x20, 0x20, 0x20, 0x20, 0x20, 0x20, 0x20, 0x20, 0x20, 0x20, 0x20, 0x20,
        0x20, 0x20, 0x20, 0x20, 0x20, 0x20, 0x20, 0x20, 0x20, 0x20, 0x20, 0x20, 0x20, 0x20, 0x20, 0x20,
        0x20, 0x20, 0x20, 0x20, 0x20, 0x20, 0x20, 0x20, 0x20, 0x20, 0x20, 0x20, 0x20, 0x20, 0x20, 0x20,
        0x20, 0x20, 0x20, 0x20, 0x20, 0x20, 0x20, 0x20, 0x20, 0x20, 0x20, 0x20, 0x20, 0x20, 0x20, 0x20,
        0x20, 0x20, 0x20, 0x20, 0x20, 0x20, 0x20, 0x20, 0x20, 0x20, 0x20, 0x20, 0x20, 0x20, 0x20, 0x20,
        0x20, 0x20, 0x20, 0x20, 0x20, 0x20, 0x20, 0x20, 0x20, 0x20, 0x20, 0x20, 0x20, 0x20, 0x20, 0x20,
        0x20, 0x20, 0x20, 0x20, 0x20, 0x20, 0x20, 0x20, 0x20, 0x20, 0x20, 0x20, 0x20, 0x20, 0x20, 0x20,
        0x20, 0x20, 0x20, 0x20, 0x20, 0x20, 0x20, 0x20, 0x20, 0x20, 0x20, 0x20, 0x20, 0x20, 0x20, 0x20,
        0x20, 0x20, 0x20, 0x20, 0x20, 0x20, 0x20, 0x20, 0x20, 0x20, 0x20, 0x20, 0x20, 0x20, 0x20, 0x20,
        0x20, 0x20, 0x20, 0x20, 0x20, 0x20, 0x20, 0x20, 0x20, 0x20, 0x20, 0x20, 0x20, 0x20, 0x20, 0x20,
        0x20, 0x20, 0x20, 0x20, 0x20, 0x20, 0x20, 0x20, 0x20, 0x20, 0x20, 0x20, 0x20, 0x20, 0x20, 0x20,
        0x20, 0x20, 0x20, 0x20, 0x20, 0x20, 0x20, 0x20, 0x20, 0x20, 0x20, 0x20, 0x20, 0x20, 0x20, 0x20,
        0x20, 0x20, 0x20, 0x20, 0x20, 0x20, 0x20, 0x20, 0x20, 0x20, 0x20, 0x20, 0x20, 0x20, 0x20, 0x20,
        0x20, 0x20, 0x20, 0x20, 0x20, 0x20, 0x20, 0x20, 0x20, 0x20, 0x20, 0x20, 0x20, 0x20, 0x20, 0x20,
        0x20, 0x20, 0x20, 0x20, 0x20, 0x20, 0x20, 0x20, 0x20, 0x20, 0x20, 0x20, 0x20, 0x20, 0x20, 0x20,
        0x20, 0x20, 0x20, 0x20, 0x20, 0x20, 0x20, 0x20, 0x20, 0x20, 0x20, 0x20, 0x20, 0x20, 0x20, 0x20,
        0x20, 0x20, 0x20, 0x20, 0x20, 0x20, 0x20, 0x20, 0x20, 0x20, 0x20, 0x20, 0x20, 0x20, 0x20, 0x20,
        0x20, 0x20, 0x20, 0x20, 0x20, 0x20, 0x20, 0x20, 0x20, 0x20, 0x20, 0x20, 0x20, 0x20, 0x20, 0x20,
        0x20, 0x20, 0x20, 0x20, 0x20, 0x20, 0x20, 0x20, 0x20, 0x20, 0x20, 0x20, 0x20, 0x20, 0x20, 0x20,
        0x20, 0x20, 0x20, 0x20, 0x20, 0x20, 0x20, 0x20, 0x20, 0x20, 0x20, 0x20, 0x20, 0x20, 0x20, 0x20,
        0x20, 0x20, 0x20, 0x20, 0x20, 0x20, 0x20, 0x20, 0x20, 0x20, 0x20, 0x20, 0x20, 0x20, 0x20, 0x20,
        0x20, 0x20, 0x20, 0x20, 0x20, 0x20, 0x20, 0x20, 0x20, 0x20, 0x20, 0x20, 0x20, 0x20, 0x20, 0x20,
        0x20, 0x20, 0x20, 0x20, 0x20, 0x20, 0x20, 0x20, 0x20, 0x20, 0x20, 0x20, 0x20, 0x20, 0x20, 0x20,
        0x20, 0x20, 0x20, 0x20, 0x20, 0x20, 0x20, 0x20, 0x20, 0x20, 0x20, 0x20, 0x20, 0x20, 0x20, 0x20,
        0x20, 0x20, 0x20, 0x20, 0x20, 0x20, 0x20, 0x20, 0x20, 0x20, 0x20, 0x20, 0x20, 0x20, 0x20, 0x20,
        0x20, 0x20, 0x20, 0x20, 0x20, 0x20, 0x20, 0x20, 0x20, 0x20, 0x20, 0x20, 0x20, 0x20, 0x20, 0x20,
        0x20, 0x20, 0x20, 0x20, 0x20, 0x20, 0x20, 0x20, 0x20, 0x20, 0x20, 0x20, 0x20, 0x20, 0x20, 0x20,
        0x20, 0x20, 0x20, 0x20, 0x20, 0x20, 0x20, 0x20, 0x20, 0x20, 0x20, 0x20, 0x20, 0x20, 0x20, 0x20,
        0x20, 0x20, 0x20, 0x20, 0x20, 0x20, 0x20, 0x20, 0x20, 0x20, 0x20, 0x20, 0x20, 0x20, 0x20, 0x20,
        0x20, 0x20, 0x20, 0x20, 0x20, 0x20, 0x20, 0x20, 0x20, 0x20, 0x20, 0x20, 0x20, 0x20, 0x20, 0x20,
        0x20, 0x20, 0x20, 0x20, 0x20, 0x20, 0x20, 0x20, 0x20, 0x20, 0x20, 0x20, 0x20, 0x20, 0x20, 0x20,
        0x20, 0x20, 0x20, 0x20, 0x20, 0x20, 0x20, 0x20, 0x20, 0x20, 0x20, 0x20, 0x20, 0x20, 0x20, 0x20,
        0x20, 0x20, 0x20, 0x20, 0x20, 0x20, 0x20, 0x20, 0x20, 0x20, 0x20, 0x20, 0x20, 0x20, 0x20, 0x20,
        0x20, 0x20, 0x20, 0x20, 0x20, 0x20, 0x20, 0x20, 0x20, 0x20, 0x20, 0x20, 0x20, 0x20, 0x20, 0x20,
        0x20, 0x20, 0x20, 0x20, 0x20, 0x20, 0x20, 0x20, 0x20, 0x20, 0x20, 0x20, 0x20, 0x20, 0x20, 0x20,
        0x20, 0x20, 0x20, 0x20, 0x20, 0x20, 0x20, 0x20, 0x20, 0x20, 0x20, 0x20, 0x20, 0x20, 0x20, 0x20,
        0x20, 0x20, 0x20, 0x20, 0x20, 0x20, 0x20, 0x20, 0x20, 0x20, 0x20, 0x20, 0x20, 0x20, 0x20, 0x20,
        0x20, 0x20, 0x20, 0x20, 0x20, 0x20, 0x20, 0x20, 0x20, 0x20, 0x20, 0x20, 0x20, 0x20, 0x20, 0x20,
        0x20, 0x20, 0x20, 0x20, 0x20, 0x20, 0x20, 0x20, 0x20, 0x20, 0x20, 0x20, 0x20, 0x20, 0x20, 0x20,
        0x20, 0x20, 0x20, 0x20, 0x20, 0x20, 0x20, 0x20, 0x20, 0x20, 0x20, 0x3C, 0x3F, 0x78, 0x70, 0x61,
        0x63, 0x6B, 0x65, 0x74, 0x20, 0x65, 0x6E, 0x64, 0x3D, 0x22, 0x77, 0x22, 0x3F, 0x3E, 0xFF, 0xEE,
        0x00, 0x21, 0x41, 0x64, 0x6F, 0x62, 0x65, 0x00, 0x64, 0x80, 0x00, 0x00, 0x00, 0x01, 0x03, 0x00,
        0x10, 0x03, 0x02, 0x03, 0x06, 0x00, 0x00, 0x00, 0x00, 0x00, 0x00, 0x00, 0x00, 0x00, 0x00, 0x00,
        0x00, 0xFF, 0xDB, 0x00, 0x84, 0x00, 0x0C, 0x08, 0x08, 0x08, 0x09, 0x08, 0x0C, 0x09, 0x09, 0x0C,
        0x11, 0x0B, 0x0A, 0x0B, 0x11, 0x15, 0x0F, 0x0C, 0x0C, 0x0F, 0x15, 0x18, 0x13, 0x13, 0x15, 0x13,
        0x13, 0x18, 0x11, 0x0C, 0x0C, 0x0C, 0x0C, 0x0C, 0x0C, 0x11, 0x0C, 0x0C, 0x0C, 0x0C, 0x0C, 0x0C,
        0x0C, 0x0C, 0x0C, 0x0C, 0x0C, 0x0C, 0x0C, 0x0C, 0x0C, 0x0C, 0x0C, 0x0C, 0x0C, 0x0C, 0x0C, 0x0C,
        0x0C, 0x0C, 0x0C, 0x0C, 0x0C, 0x0C, 0x01, 0x0D, 0x0B, 0x0B, 0x0D, 0x0E, 0x0D, 0x10, 0x0E, 0x0E,
        0x10, 0x14, 0x0E, 0x0E, 0x0E, 0x14, 0x14, 0x0E, 0x0E, 0x0E, 0x0E, 0x14, 0x11, 0x0C, 0x0C, 0x0C,
        0x0C, 0x0C, 0x11, 0x11, 0x0C, 0x0C, 0x0C, 0x0C, 0x0C, 0x0C, 0x11, 0x0C, 0x0C, 0x0C, 0x0C, 0x0C,
        0x0C, 0x0C, 0x0C, 0x0C, 0x0C, 0x0C, 0x0C, 0x0C, 0x0C, 0x0C, 0x0C, 0x0C, 0x0C, 0x0C, 0x0C, 0x0C,
        0x0C, 0x0C, 0x0C, 0x0C, 0x0C, 0x0C, 0x0C, 0xFF, 0xC2, 0x00, 0x11, 0x08, 0x00, 0x86, 0x00, 0xC8,
        0x03, 0x01, 0x22, 0x00, 0x02, 0x11, 0x01, 0x03, 0x11, 0x01, 0xFF, 0xC4, 0x00, 0xC8, 0x00, 0x00,
        0x01, 0x05, 0x01, 0x01, 0x01, 0x00, 0x00, 0x00, 0x00, 0x00, 0x00, 0x00, 0x00, 0x00, 0x00, 0x00,
        0x02, 0x03, 0x04, 0x05, 0x06, 0x01, 0x08, 0x07, 0x01, 0x01, 0x01, 0x01, 0x01, 0x01, 0x01, 0x00,
        0x00, 0x00, 0x00, 0x00, 0x00, 0x00, 0x00, 0x00, 0x00, 0x00, 0x01, 0x02, 0x03, 0x04, 0x05, 0x10,
        0x00, 0x02, 0x02, 0x02, 0x01, 0x03, 0x04, 0x03, 0x00, 0x03, 0x01, 0x00, 0x00, 0x00, 0x00, 0x00,
        0x01, 0x02, 0x03, 0x04, 0x00, 0x05, 0x11, 0x31, 0x12, 0x06, 0x10, 0x20, 0x21, 0x13, 0x30, 0x41,
        0x14, 0x22, 0x15, 0x07, 0x16, 0x11, 0x00, 0x02, 0x01, 0x02, 0x03, 0x05, 0x04, 0x05, 0x06, 0x0A,
        0x07, 0x09, 0x00, 0x00, 0x00, 0x00, 0x01, 0x02, 0x03, 0x00, 0x11, 0x21, 0x12, 0x04, 0x31, 0x22,
        0x32, 0x13, 0x05, 0x41, 0x51, 0x42, 0x52, 0x10, 0x61, 0x62, 0x72, 0x23, 0x20, 0x71, 0x82, 0x92,
        0x73, 0x14, 0x30, 0x81, 0x91, 0xB1, 0xA2, 0xB2, 0xC2, 0x33, 0x53, 0x06, 0x40, 0xD2, 0x43, 0x63,
        0x93, 0x24, 0x15, 0xA1, 0xD1, 0xE1, 0xF1, 0xE2, 0x83, 0xE3, 0x34, 0x44, 0x12, 0x00, 0x01, 0x03,
        0x02, 0x05, 0x03, 0x03, 0x05, 0x01, 0x00, 0x00, 0x00, 0x00, 0x00, 0x00, 0x00, 0x01, 0x00, 0x11,
        0x21, 0x10, 0x02, 0x20, 0x30, 0x31, 0x41, 0x51, 0x61, 0x12, 0x52, 0x32, 0x62, 0x03, 0x71, 0x81,
        0x91, 0xA1, 0x22, 0x23, 0xFF, 0xDA, 0x00, 0x0C, 0x03, 0x01, 0x01, 0x02, 0x11, 0x03, 0x11, 0x00,
        0x00, 0x00, 0xFA, 0x87, 0x00, 0x03, 0x87, 0x78, 0x67, 0xA1, 0x94, 0xE4, 0xA7, 0x75, 0xC7, 0xD2,
        0x46, 0xB9, 0xCB, 0x6F, 0x0D, 0x31, 0x53, 0x3B, 0x05, 0x05, 0x8F, 0x19, 0x8D, 0x13, 0xC8, 0x6E,
        0x92, 0x06, 0xDB, 0xA9, 0x02, 0x3A, 0x28, 0x4F, 0x45, 0x1C, 0x0E, 0x00, 0x00, 0x92, 0x3F, 0xCD,
        0xAC, 0xEB, 0xE1, 0x89, 0xCF, 0xD5, 0xAE, 0xFD, 0x50, 0xED, 0x18, 0xEB, 0x0F, 0x46, 0x06, 0xE4,
        0xB1, 0x9B, 0x11, 0xE8, 0x4A, 0x74, 0xB7, 0x8D, 0xC8, 0x37, 0x12, 0x97, 0x5E, 0xAB, 0xBB, 0xC2,
        0xB6, 0xD2, 0x65, 0x2E, 0xC5, 0x56, 0xA5, 0x90, 0xC8, 0x3A, 0x01, 0xCC, 0xFD, 0xC7, 0xCB, 0x6E,
        0x5B, 0x9F, 0x13, 0xBF, 0x43, 0xC7, 0xAA, 0xA6, 0x4B, 0x7E, 0x3F, 0x56, 0x9A, 0xF6, 0x83, 0x4B,
        0xCF, 0x49, 0x4A, 0xE2, 0x67, 0x51, 0x21, 0x4D, 0x57, 0x1D, 0x2E, 0x14, 0x16, 0x35, 0x09, 0x4D,
        0xCE, 0xE3, 0xA5, 0xC7, 0x97, 0x33, 0xD5, 0x88, 0x4F, 0xA9, 0x96, 0x97, 0x35, 0xF7, 0xAC, 0xE9,
        0xD1, 0x38, 0x95, 0x67, 0x97, 0x33, 0x42, 0xC5, 0x86, 0x34, 0xE4, 0x89, 0x12, 0x39, 0xD8, 0x70,
        0xF8, 0xE0, 0xBF, 0xA6, 0xE1, 0xED, 0x7A, 0x63, 0x4F, 0x0F, 0xB9, 0x8D, 0xC9, 0x55, 0xB3, 0x6C,
        0x64, 0xA7, 0x99, 0x66, 0xCF, 0x1D, 0xD6, 0xCF, 0x72, 0x66, 0xB0, 0xC8, 0x98, 0x9D, 0x65, 0x97,
        0x62, 0xDB, 0x4B, 0xC7, 0x19, 0x2D, 0x7C, 0x02, 0xBB, 0xE6, 0x16, 0x14, 0xDC, 0xBD, 0x0F, 0x5E,
        0xB3, 0x0B, 0x19, 0xD6, 0xD7, 0xDA, 0xC5, 0xCD, 0xA9, 0xA4, 0xD0, 0xB3, 0xA8, 0x9A, 0xB9, 0x8C,
        0x6B, 0x3B, 0x3B, 0xD5, 0xB7, 0xBE, 0x6D, 0xC7, 0x92, 0xD6, 0x15, 0xB3, 0x25, 0x42, 0xF3, 0xCB,
        0x3A, 0xE9, 0xEC, 0xFB, 0x4C, 0x89, 0x71, 0x26, 0xC3, 0x79, 0xDB, 0x6B, 0x9E, 0x96, 0xB1, 0xC0,
        0x17, 0xE3, 0x51, 0xB6, 0xD8, 0xEE, 0x3D, 0x6F, 0x6F, 0xB0, 0xF6, 0x69, 0x79, 0xC9, 0x76, 0x89,
        0x96, 0xB3, 0x9D, 0x4B, 0x2B, 0x94, 0x71, 0xE4, 0xAF, 0xD4, 0x03, 0xBD, 0xF9, 0x26, 0x24, 0xDC,
        0xD4, 0x5E, 0xA7, 0x30, 0xF6, 0x5A, 0x03, 0x1F, 0x77, 0xA5, 0xC2, 0xF1, 0x4C, 0xD6, 0xF5, 0x5D,
        0x00, 0x03, 0xA0, 0x11, 0x31, 0x5B, 0xCC, 0x76, 0x35, 0x93, 0xBC, 0x7F, 0x5F, 0x94, 0x1A, 0x5D,
        0x5B, 0x32, 0xE6, 0x60, 0xDF, 0x40, 0x5C, 0x9A, 0xA5, 0x47, 0x3E, 0xB6, 0xBC, 0xB6, 0xA3, 0xAE,
        0x0C, 0xC6, 0x9F, 0xB6, 0x61, 0x6E, 0x34, 0x41, 0x8A, 0xEE, 0xD2, 0x9C, 0xE4, 0x3D, 0x28, 0x1C,
        0xE8, 0x00, 0x1D, 0x00, 0xE2, 0x16, 0x10, 0xDD, 0x7F, 0x90, 0xD3, 0x52, 0xF9, 0x19, 0x54, 0xDF,
        0xE1, 0xB1, 0xBA, 0xB9, 0xDA, 0x69, 0x79, 0xD6, 0x0B, 0xEB, 0x1F, 0x2A, 0xFA, 0x37, 0x4C, 0xD8,
        0x01, 0xBC, 0x00, 0x00, 0x00, 0x00, 0x1C, 0xE8, 0x00, 0x74, 0x03, 0x87, 0x96, 0xC3, 0xD4, 0x87,
        0x96, 0xC3, 0xD4, 0x87, 0x96, 0xC3, 0xD4, 0x59, 0xDF, 0x3F, 0x91, 0xF6, 0xD5, 0x7C, 0x40, 0xC7,
        0x5D, 0xFF, 0x00, 0xD4, 0x3C, 0xE0, 0x5C, 0x7A, 0x90, 0xF2, 0xD9, 0xBC, 0xFA, 0x90, 0xF2, 0xD8,
        0x7A, 0x90, 0xF2, 0xD8, 0x7A, 0x90, 0xF2, 0xD8, 0x7A, 0x90, 0xF2, 0xD8, 0x7A, 0x90, 0xF2, 0xD8,
        0x7A, 0x94, 0xF2, 0xD0, 0x7F, 0xFF, 0xDA, 0x00, 0x08, 0x01, 0x02, 0x00, 0x01, 0x05, 0x00, 0xF4,
        0x27, 0x0A, 0x20, 0x8B, 0xD4, 0x9E, 0x33, 0x9F, 0x7F, 0xD5, 0x23, 0x88, 0x6A, 0xFC, 0x81, 0xC6,
        0x13, 0xC6, 0x73, 0x84, 0x0C, 0xF8, 0xC1, 0xF3, 0x9D, 0x0F, 0xAA, 0xAF, 0x7B, 0x2A, 0x2A, 0xC5,
        0xF4, 0x93, 0x87, 0x90, 0x48, 0xE7, 0x24, 0xE7, 0xB5, 0x8F, 0x2A, 0x11, 0xBB, 0xBA, 0x7B, 0x0E,
        0x7D, 0xAC, 0xB8, 0xD2, 0x39, 0xC5, 0x76, 0x53, 0xF6, 0xF7, 0x9C, 0x3F, 0x05, 0x95, 0x71, 0x54,
        0x9F, 0x41, 0xEA, 0x4F, 0x71, 0x6E, 0xBC, 0x13, 0x9D, 0x87, 0x85, 0x0A, 0x31, 0xBB, 0xB1, 0xBE,
        0x42, 0x41, 0xF5, 0x9F, 0xD0, 0xF6, 0x10, 0x79, 0xED, 0xEE, 0xC0, 0x38, 0xC2, 0xC7, 0x85, 0x1E,
        0x85, 0x41, 0x25, 0x01, 0x00, 0x70, 0x3D, 0x8C, 0x33, 0x9E, 0x47, 0x69, 0xCF, 0x9C, 0xEE, 0xC0,
        0x79, 0xFC, 0x3C, 0x0C, 0x2A, 0x30, 0x29, 0x19, 0xFB, 0x4F, 0xC8, 0x7A, 0xFE, 0xFD, 0xFF, 0x00,
        0xFF, 0xDA, 0x00, 0x08, 0x01, 0x03, 0x00, 0x01, 0x05, 0x00, 0xF5, 0x0C, 0xC5, 0xFD, 0x39, 0x1F,
        0x84, 0x48, 0x8A, 0x64, 0xB1, 0xC8, 0x60, 0x48, 0xF9, 0xC2, 0x30, 0xAE, 0x72, 0x06, 0x71, 0xCE,
        0x1F, 0x83, 0xEA, 0xCD, 0xDA, 0x19, 0x98, 0xC9, 0xF6, 0xF1, 0x9F, 0xAC, 0x1C, 0x0C, 0x00, 0x72,
        0x4A, 0x8C, 0x57, 0xCF, 0x8E, 0x09, 0xE7, 0xD0, 0x0E, 0x71, 0x91, 0x4E, 0x05, 0x03, 0x0A, 0x02,
        0x3B, 0x02, 0xFA, 0x29, 0xEE, 0x05, 0xBE, 0x06, 0x37, 0x03, 0x01, 0xF5, 0x46, 0x09, 0x18, 0xF9,
        0xCF, 0xD9, 0x60, 0x33, 0xE7, 0xD4, 0x9F, 0x92, 0x30, 0x0C, 0xE3, 0x9C, 0x0B, 0xC7, 0xA0, 0x3C,
        0x82, 0x78, 0xC2, 0xDC, 0xE2, 0x8C, 0x3F, 0x85, 0x4E, 0x10, 0x06, 0x03, 0x9F, 0x19, 0xC6, 0x11,
        0xC7, 0xE2, 0xE4, 0xE7, 0x70, 0x38, 0x79, 0xC6, 0xFC, 0x83, 0x9E, 0x1B, 0xA7, 0xBF, 0xFF, 0xDA,
        0x00, 0x08, 0x01, 0x01, 0x00, 0x01, 0x05, 0x00, 0x24, 0xF3, 0xC9, 0xCE, 0x4E, 0x02, 0x73, 0x93,
        0x8C, 0xFC, 0x0F, 0x21, 0xF2, 0x58, 0x62, 0x8F, 0xC3, 0xB6, 0x86, 0x62, 0x1B, 0x3B, 0x8E, 0x77,
        0x1C, 0xEE, 0xCE, 0xF1, 0x9C, 0x9C, 0xE4, 0xE7, 0x7F, 0xCF, 0x76, 0x77, 0x67, 0x27, 0x39, 0x39,
        0xC9, 0xCE, 0x4E, 0x72, 0x73, 0x93, 0x8A, 0x79, 0xC3, 0xD7, 0xD7, 0x9C, 0xF2, 0x9D, 0xD8, 0xA1,
        0x5E, 0x0D, 0x7D, 0xDB, 0x91, 0xE9, 0x85, 0xAD, 0x75, 0xD8, 0xE5, 0x47, 0x4F, 0xB8, 0x13, 0xDC,
        0xE7, 0x27, 0x32, 0x73, 0x21, 0xFA, 0x23, 0x87, 0x69, 0x0B, 0xE2, 0xD9, 0x42, 0x2D, 0x5B, 0x88,
        0x3A, 0x5E, 0xAF, 0x8B, 0x66, 0x16, 0x1F, 0x6A, 0xE4, 0x96, 0x92, 0x32, 0x8D, 0xDC, 0x39, 0xCE,
        0x7D, 0x17, 0x0F, 0x5F, 0x5B, 0xF6, 0xE3, 0xA9, 0x5A, 0xD5, 0x97, 0xDA, 0x5D, 0x8E, 0xF4, 0xD0,
        0x3C, 0x97, 0x4D, 0x88, 0xB4, 0xAE, 0x66, 0xA1, 0x66, 0xE5, 0x88, 0x6D, 0x99, 0x67, 0xC9, 0x6E,
        0x72, 0xD2, 0x09, 0xA4, 0x8E, 0xB1, 0x67, 0x81, 0x22, 0x92, 0x7B, 0xB0, 0x96, 0x59, 0x39, 0x94,
        0x65, 0x91, 0x1C, 0x91, 0x54, 0x79, 0xE7, 0xAC, 0x65, 0x9E, 0xB9, 0x37, 0x16, 0x25, 0x33, 0x5C,
        0x60, 0xD3, 0x5C, 0x51, 0x15, 0xC4, 0x66, 0x42, 0x09, 0x3D, 0x7D, 0x18, 0x91, 0x9E, 0x5F, 0xBC,
        0xFE, 0xCB, 0x94, 0xF6, 0x17, 0x83, 0xD6, 0xD7, 0xDA, 0xD8, 0x9D, 0xAD, 0x6B, 0x15, 0x6D, 0xF8,
        0x7C, 0xDF, 0x76, 0xAE, 0xC2, 0x2C, 0x8D, 0x05, 0x5F, 0xA4, 0x48, 0xA6, 0xB5, 0xC9, 0xDD, 0xA2,
        0x49, 0xE2, 0x10, 0x33, 0x58, 0x68, 0xE6, 0x86, 0x6A, 0xF2, 0xC9, 0xB0, 0xAF, 0x1A, 0x52, 0x2C,
        0xA4, 0x47, 0x14, 0x90, 0x2C, 0xF2, 0x59, 0x5A, 0xBA, 0xE9, 0x62, 0xFE, 0x58, 0xE5, 0x60, 0x93,
        0x4A, 0xE5, 0xEC, 0x21, 0x34, 0xE9, 0x97, 0x68, 0x4F, 0x5C, 0xE7, 0x8C, 0xF2, 0xED, 0xF8, 0xD6,
        0xD2, 0x58, 0x7F, 0xCB, 0x49, 0x3C, 0x30, 0x5A, 0x92, 0xC5, 0xBD, 0xA6, 0xAB, 0x4D, 0x1F, 0x94,
        0x47, 0x7F, 0xC5, 0x78, 0x4B, 0x16, 0x64, 0x22, 0x24, 0x72, 0xA6, 0xC2, 0x2B, 0x8B, 0x24, 0xC5,
        0x97, 0x64, 0xB5, 0x1B, 0x41, 0x2D, 0x55, 0x8A, 0x7A, 0xEB, 0x24, 0xE2, 0xE3, 0xAC, 0xB4, 0x6C,
        0xBC, 0xEB, 0xF6, 0xD8, 0xB3, 0x27, 0xF2, 0xDA, 0x8A, 0xCC, 0x31, 0x4A, 0x62, 0x86, 0xEC, 0x8D,
        0x5E, 0xBD, 0x89, 0x27, 0x09, 0x14, 0xB3, 0x18, 0xD4, 0x28, 0x3D, 0x72, 0xFD, 0xD8, 0x28, 0xD5,
        0x9E, 0x7B, 0x5B, 0x6B, 0xF2, 0x23, 0xC4, 0xD1, 0xF7, 0x34, 0xB5, 0xEC, 0xCD, 0x56, 0x06, 0xD9,
        0x5A, 0x92, 0xE7, 0x8B, 0xDF, 0xAF, 0x63, 0x62, 0x63, 0x0C, 0x59, 0x59, 0x71, 0xBB, 0xA4, 0xB1,
        0x1C, 0x4B, 0x1E, 0xCA, 0xF5, 0x65, 0x39, 0xB0, 0xDE, 0xEA, 0xE0, 0x99, 0x29, 0x6E, 0x24, 0x4D,
        0x7D, 0x49, 0x63, 0x92, 0x84, 0x35, 0xD9, 0xCA, 0x85, 0x2B, 0x5C, 0x21, 0x7A, 0xED, 0x39, 0xD4,
        0xD1, 0x58, 0x21, 0x8A, 0x1E, 0x33, 0x80, 0x31, 0x7A, 0x9E, 0xAD, 0xD3, 0xCC, 0x77, 0xA6, 0xF5,
        0xB5, 0x97, 0xEB, 0x4A, 0x30, 0x5B, 0x77, 0xA3, 0xA2, 0x32, 0x3C, 0xBA, 0xCF, 0xE6, 0xAB, 0xFE,
        0xB0, 0xA5, 0x8D, 0x7D, 0xA9, 0xB5, 0xB7, 0x6B, 0xC8, 0x92, 0xC4, 0x72, 0x74, 0x31, 0xCB, 0xBD,
        0xF2, 0x1D, 0x6E, 0xB9, 0x9A, 0x8F, 0x94, 0xEF, 0xE3, 0x3A, 0x7B, 0x1A, 0xCC, 0x89, 0xDA, 0x35,
        0x89, 0x25, 0x96, 0xCD, 0x7A, 0xF1, 0x45, 0x2F, 0xD3, 0xCE, 0x53, 0x80, 0x23, 0xD9, 0x91, 0x60,
        0x4A, 0x30, 0xC9, 0x5E, 0xBA, 0x48, 0x0F, 0xA2, 0x75, 0x6F, 0x8C, 0xF3, 0x1D, 0xE2, 0xEB, 0x35,
        0x35, 0xA3, 0xB1, 0x66, 0xC5, 0x58, 0x23, 0x8A, 0xD1, 0x88, 0x84, 0xA1, 0xB7, 0xB1, 0x4E, 0xA2,
        0x6F, 0x2E, 0x4C, 0xF3, 0x58, 0x40, 0x0E, 0xBA, 0x35, 0x83, 0xC5, 0x36, 0x6A, 0x63, 0xD8, 0xED,
        0xB5, 0xDA, 0xBA, 0xED, 0xB0, 0xF2, 0x6F, 0x27, 0xCD, 0x2E, 0x8A, 0x9E, 0xA9, 0xA2, 0xB2, 0xD5,
        0x22, 0x92, 0xDD, 0x49, 0x23, 0x72, 0xF6, 0x73, 0xEB, 0x30, 0x17, 0x48, 0xA4, 0x47, 0x36, 0x51,
        0x66, 0x12, 0x3C, 0x9A, 0xDD, 0x73, 0x25, 0x9F, 0xF1, 0x50, 0x4C, 0x6F, 0x89, 0x23, 0x77, 0x2F,
        0x5D, 0xD6, 0xE6, 0xBE, 0xAA, 0x9E, 0xDA, 0xD5, 0xAD, 0x83, 0x42, 0x8D, 0x1C, 0x9A, 0xAA, 0x94,
        0x99, 0x17, 0x5F, 0x0A, 0x0D, 0x95, 0x65, 0xEC, 0xBB, 0xA3, 0xB1, 0x2E, 0x9A, 0x0A, 0x33, 0x58,
        0x27, 0x6B, 0x72, 0x2D, 0x47, 0xF7, 0x32, 0x9D, 0x67, 0x86, 0x53, 0x8A, 0x47, 0x95, 0x17, 0x19,
        0xC3, 0x89, 0x6A, 0xD6, 0x66, 0x9A, 0x2F, 0xE7, 0xCA, 0xCA, 0xC5, 0xDA, 0x25, 0x65, 0xB1, 0x04,
        0xB4, 0xD2, 0x1A, 0x96, 0xFB, 0x05, 0x68, 0x92, 0xDB, 0x48, 0xB1, 0xAD, 0x89, 0x25, 0xB4, 0x21,
        0xA5, 0x2D, 0x11, 0x5E, 0xEF, 0xDD, 0x65, 0x33, 0xCA, 0xAE, 0xC3, 0xB5, 0xB9, 0xA8, 0xB9, 0x16,
        0xBE, 0xC5, 0x9A, 0x32, 0x55, 0x89, 0xEE, 0x3D, 0x59, 0xB5, 0xB6, 0x96, 0xE5, 0x6D, 0xA2, 0x4B,
        0x5D, 0x27, 0xF2, 0x00, 0x90, 0xC7, 0xBB, 0x09, 0x52, 0x3D, 0x3A, 0xBA, 0xEC, 0x6C, 0x46, 0xB5,
        0x61, 0xEE, 0xFA, 0x5E, 0xAC, 0x4C, 0xF2, 0xC3, 0x14, 0x6A, 0xAC, 0xD2, 0xB7, 0xD1, 0x10, 0x48,
        0xE5, 0x92, 0xB8, 0x8E, 0x6E, 0x72, 0xFC, 0x1F, 0x7A, 0xFF, 0x00, 0x65, 0xA5, 0x11, 0x45, 0x67,
        0xB8, 0x57, 0x4C, 0xEE, 0x51, 0x81, 0x19, 0xB1, 0x50, 0x0C, 0x4E, 0xB3, 0xC0, 0xA1, 0xAC, 0xD4,
        0x3C, 0x78, 0x85, 0xE1, 0x5D, 0xAE, 0x78, 0xD4, 0x32, 0x0D, 0x4D, 0x5B, 0x74, 0x65, 0xBF, 0xE4,
        0xB3, 0x97, 0xAD, 0xE3, 0x17, 0x2F, 0x34, 0xBA, 0xAA, 0xE9, 0x1C, 0xFF, 0x00, 0x48, 0x15, 0xD6,
        0x29, 0xB7, 0x03, 0x38, 0x18, 0xE3, 0x95, 0x82, 0x1B, 0x08, 0x8B, 0x06, 0x5A, 0xAF, 0xF6, 0x57,
        0x8E, 0x8C, 0x45, 0x45, 0x08, 0x86, 0x2D, 0x52, 0xA4, 0x42, 0x70, 0x44, 0xAB, 0x81, 0x40, 0xC1,
        0xF1, 0xE8, 0xBD, 0x7C, 0x93, 0xC3, 0x96, 0x7B, 0x76, 0xB5, 0xFB, 0x0A, 0x72, 0xD2, 0x69, 0xD7,
        0x1B, 0xCB, 0x36, 0x75, 0x61, 0xD6, 0x25, 0xAD, 0x92, 0x36, 0xAE, 0x2E, 0x1E, 0xA5, 0x98, 0x96,
        0xE5, 0xE9, 0x7B, 0xE6, 0x48, 0x12, 0x4F, 0x1C, 0x9A, 0x2F, 0xFD, 0x20, 0xE9, 0xE9, 0xE6, 0xDB,
        0x7D, 0x96, 0xAA, 0x1D, 0x76, 0xDF, 0x75, 0x0F, 0x92, 0x6D, 0x76, 0xBB, 0x3F, 0x1D, 0xBD, 0xA1,
        0xDD, 0xEC, 0xBC, 0x9E, 0xB6, 0xA2, 0xEC, 0xF4, 0x7C, 0x8F, 0xC7, 0xF4, 0xB3, 0x79, 0x37, 0x8C,
        0xE9, 0xB6, 0xFB, 0xFF, 0x00, 0x2E, 0x9B, 0xD8, 0xBD, 0x6E, 0xA8, 0xFE, 0x7F, 0x25, 0x0B, 0x62,
        0xB2, 0xD5, 0xBB, 0x65, 0xB4, 0xFE, 0x32, 0x42, 0xAD, 0x7B, 0x15, 0x6B, 0xCF, 0xB7, 0xDC, 0x47,
        0x20, 0xF2, 0x9B, 0x91, 0x65, 0xFF, 0x00, 0x26, 0x32, 0x1B, 0x9B, 0x1B, 0x13, 0x26, 0xA6, 0x77,
        0xAF, 0xB1, 0x8E, 0x44, 0x74, 0xC0, 0x41, 0xCF, 0xFA, 0x26, 0xBE, 0x7B, 0xDA, 0x98, 0xB5, 0xB6,
        0x2F, 0xEE, 0x66, 0xD4, 0xDF, 0xDD, 0x79, 0x06, 0xB3, 0xC4, 0xF6, 0xFA, 0xED, 0x3F, 0xFD, 0x2A,
        0x29, 0xD7, 0x57, 0x6B, 0x4D, 0x7E, 0x1F, 0x1A, 0x1E, 0x29, 0xFE, 0xA7, 0x62, 0x7D, 0x8B, 0xD6,
        0x68, 0xD6, 0x44, 0xF2, 0x0A, 0x7B, 0x4D, 0x7C, 0x9A, 0x5D, 0x61, 0x9A, 0xEC, 0x30, 0x2C, 0x71,
        0xB2, 0xAE, 0x34, 0x28, 0x72, 0xE6, 0xA2, 0xBC, 0xED, 0x3E, 0x8A, 0xB0, 0x49, 0x92, 0xAD, 0x79,
        0x03, 0xC3, 0x21, 0xF0, 0xFD, 0xD8, 0xB1, 0x10, 0xE8, 0x00, 0x1E, 0xC1, 0x8D, 0xE3, 0x14, 0x64,
        0xDB, 0xFB, 0x97, 0xA9, 0xEA, 0xF1, 0xAB, 0x08, 0x75, 0xF0, 0x57, 0xC5, 0x8D, 0x8E, 0x1A, 0xE0,
        0xE4, 0xD5, 0x9F, 0xB6, 0x4B, 0x16, 0xE5, 0x97, 0x65, 0x31, 0x86, 0x98, 0xD2, 0x6D, 0xF6, 0x52,
        0xA7, 0x88, 0x6D, 0x2B, 0xC5, 0x4A, 0x7B, 0x7A, 0x8D, 0xD7, 0x43, 0xF9, 0x17, 0xA9, 0xEB, 0xE9,
        0xC7, 0xCE, 0x11, 0xCE, 0x5D, 0xA6, 0x5C, 0x6E, 0xB6, 0xC9, 0xFD, 0x55, 0x26, 0xAD, 0x25, 0x59,
        0x6E, 0xD6, 0x02, 0xE6, 0xC6, 0x3D, 0x82, 0x69, 0x36, 0x3F, 0xEC, 0xB5, 0x9F, 0x91, 0x7A, 0x93,
        0xF3, 0xCE, 0x73, 0xEC, 0x3D, 0xB9, 0xE5, 0xCB, 0xE2, 0x2F, 0x16, 0xA7, 0x5F, 0xAB, 0x8E, 0x2D,
        0x95, 0x48, 0x9E, 0x08, 0x75, 0x1A, 0xD1, 0x17, 0x8E, 0xA6, 0xBE, 0x3D, 0x57, 0xAF, 0x3F, 0x85,
        0x4F, 0xCF, 0xFF, 0xDA, 0x00, 0x08, 0x01, 0x02, 0x02, 0x06, 0x3F, 0x00, 0xAB, 0x9B, 0xBF, 0xD3,
        0x56, 0xE9, 0xE3, 0x98, 0xF6, 0x88, 0xF2, 0x47, 0xBB, 0xE5, 0x07, 0xDA, 0x31, 0x32, 0x6C, 0x1D,
        0xBF, 0x94, 0x6D, 0x24, 0x31, 0x1A, 0xA2, 0x6C, 0x22, 0xE0, 0x23, 0xAA, 0x62, 0x26, 0x84, 0x84,
        0x19, 0x9F, 0x67, 0x4D, 0x76, 0xA6, 0x5D, 0x46, 0x12, 0x2D, 0x2C, 0xB5, 0x29, 0xC1, 0x64, 0x1F,
        0x5E, 0x68, 0xC7, 0x84, 0x2E, 0xB4, 0xCB, 0xC2, 0x06, 0xE3, 0x20, 0xE1, 0xFA, 0x52, 0x29, 0x12,
        0x54, 0x26, 0x3B, 0x85, 0xDC, 0x6E, 0x3D, 0xB0, 0xD6, 0xF8, 0xE2, 0x65, 0x2B, 0x95, 0xA5, 0x5D,
        0x11, 0xCA, 0x6C, 0x2E, 0x9B, 0x3C, 0xCE, 0x76, 0xD9, 0x3F, 0xFF, 0xDA, 0x00, 0x08, 0x01, 0x03,
        0x02, 0x06, 0x3F, 0x00, 0xAB, 0x01, 0xFC, 0x36, 0xB9, 0x8D, 0x71, 0x9E, 0x14, 0x7C, 0x64, 0x7B,
        0x8A, 0x82, 0xDB, 0xA0, 0x9D, 0x3E, 0xCC, 0x84, 0xEE, 0x9C, 0x61, 0x74, 0x08, 0x04, 0x90, 0x50,
        0x17, 0x83, 0x6B, 0xA8, 0x34, 0xFB, 0x29, 0x25, 0x9D, 0x5C, 0xC1, 0xC8, 0x3E, 0xB4, 0x59, 0x13,
        0xBD, 0x59, 0x68, 0xA0, 0x29, 0x0A, 0x34, 0xA4, 0x26, 0x64, 0x41, 0xE5, 0xD9, 0x0C, 0x04, 0x33,
        0xDD, 0x7E, 0xB7, 0x71, 0x6F, 0x4A, 0xB3, 0x3A, 0x3B, 0x56, 0x70, 0x45, 0x02, 0x8A, 0x6B, 0x94,
        0xD4, 0xD3, 0x38, 0x6D, 0x41, 0x98, 0x7D, 0x5F, 0xA5, 0xBE, 0x47, 0xFF, 0xDA, 0x00, 0x08, 0x01,
        0x01, 0x01, 0x06, 0x3F, 0x00, 0xF9, 0x24, 0x93, 0x60, 0x2A, 0x4D, 0x3E, 0x99, 0xF3, 0x38, 0x16,
        0x62, 0x3B, 0x49, 0xF0, 0x0F, 0xDB, 0xA9, 0x34, 0xEE, 0xE5, 0x8B, 0x6F, 0x0B, 0xE1, 0x66, 0xF1,
        0x2A, 0xDB, 0xD9, 0xF9, 0x1B, 0x6B, 0x6F, 0xF4, 0x23, 0x04, 0x67, 0xE3, 0x49, 0x87, 0xCC, 0x29,
        0xA7, 0x8D, 0x4C, 0x97, 0xB9, 0x72, 0x08, 0xBD, 0xF6, 0xEE, 0xE3, 0x9A, 0xA3, 0x99, 0x80, 0x01,
        0xAC, 0xCB, 0x6F, 0xCC, 0xDF, 0xA6, 0x94, 0xB2, 0x29, 0xDD, 0x70, 0x18, 0x1F, 0x51, 0xC6, 0xAC,
        0x31, 0xB7, 0x75, 0x76, 0x5A, 0x90, 0x16, 0xCA, 0x09, 0x37, 0x23, 0x0F, 0x9A, 0x9A, 0x67, 0x7B,
        0x2A, 0x0B, 0xB3, 0x1E, 0xE1, 0x42, 0xCD, 0x81, 0xD8, 0x48, 0x2B, 0x7F, 0xAD, 0x43, 0x11, 0x8D,
        0xED, 0xEB, 0xB5, 0x2C, 0x79, 0xC0, 0xCC, 0x2E, 0xD8, 0xE2, 0x17, 0x66, 0x6A, 0x2A, 0x64, 0x03,
        0x29, 0x00, 0xDF, 0x0A, 0xBA, 0x3A, 0xB7, 0xCC, 0x6F, 0xE8, 0xC6, 0xE7, 0xBE, 0xC2, 0xF6, 0xAB,
        0xFE, 0x05, 0xE7, 0x90, 0x80, 0xA8, 0x2F, 0x73, 0x52, 0x6A, 0xE4, 0xCC, 0x62, 0x04, 0x85, 0xB0,
        0x26, 0xC3, 0xFA, 0xED, 0x41, 0xB4, 0xC7, 0x92, 0x14, 0x58, 0x05, 0xC2, 0xF6, 0xF3, 0xF9, 0xA8,
        0x6A, 0xE6, 0x84, 0xC3, 0x34, 0x45, 0x72, 0xCC, 0x30, 0x47, 0xC7, 0x87, 0x2B, 0x78, 0xFD, 0xDA,
        0x4B, 0x9B, 0x84, 0x25, 0x47, 0xE7, 0x1F, 0xAD, 0x4B, 0x0A, 0xAA, 0x2C, 0x4E, 0xBB, 0x92, 0x39,
        0x3B, 0xCF, 0xDB, 0x1E, 0x15, 0x82, 0x83, 0x6D, 0xB8, 0xF6, 0x57, 0x25, 0xA3, 0x2D, 0x21, 0x17,
        0xC8, 0x98, 0xE1, 0xFB, 0x34, 0xD1, 0x49, 0xBB, 0x1B, 0xAD, 0x8A, 0xB6, 0xF6, 0x04, 0x63, 0x8F,
        0xB3, 0x43, 0x9C, 0xE0, 0x32, 0xD9, 0x58, 0x58, 0x0C, 0x47, 0xD6, 0xAD, 0x42, 0x44, 0xE5, 0x63,
        0x80, 0x00, 0x4A, 0x8B, 0x66, 0x67, 0x19, 0xB8, 0xAF, 0xE5, 0xDD, 0xE1, 0xA2, 0x0A, 0x28, 0x91,
        0x02, 0xA9, 0x1B, 0x7B, 0xEE, 0xD9, 0xFC, 0x5E, 0x6A, 0xC6, 0x30, 0xC9, 0xB7, 0x0B, 0x13, 0x7A,
        0x2B, 0x15, 0xF4, 0xB3, 0x1E, 0x19, 0x2D, 0x6D, 0x98, 0x6F, 0x5B, 0xD9, 0xA0, 0xC7, 0x54, 0x4C,
        0x99, 0x8A, 0xB1, 0x50, 0xA4, 0x5C, 0x1E, 0x25, 0xA1, 0xCE, 0x6E, 0x64, 0x2D, 0x60, 0xF2, 0xDA,
        0xC5, 0x6F, 0xB1, 0xA4, 0x5F, 0x25, 0x0B, 0xDD, 0x89, 0xE1, 0x54, 0xC4, 0x9B, 0x50, 0x28, 0x81,
        0x6E, 0x71, 0x0C, 0x7B, 0x3E, 0x8D, 0x5C, 0x22, 0xB1, 0xBF, 0x7F, 0x65, 0x72, 0xDA, 0xEA, 0xFD,
        0xCD, 0x85, 0xFD, 0xDF, 0x37, 0xCA, 0xFF, 0x00, 0x4F, 0x81, 0xAF, 0xA7, 0x84, 0xFC, 0x62, 0xBD,
        0xAC, 0x36, 0x8A, 0x09, 0xA7, 0x65, 0xC8, 0xA4, 0x91, 0x16, 0x55, 0x0B, 0x60, 0x37, 0x9D, 0xFC,
        0xAA, 0xAB, 0xC4, 0xD9, 0xE9, 0xB5, 0x29, 0x24, 0x48, 0xD6, 0xE2, 0xE5, 0xDA, 0xE0, 0xDF, 0x2B,
        0x20, 0x75, 0xE1, 0xC3, 0x76, 0x4C, 0x95, 0xC8, 0xD5, 0xBB, 0x4A, 0xE1, 0x6F, 0x1E, 0x27, 0x11,
        0xE6, 0x8F, 0x37, 0x16, 0x4F, 0xE1, 0xD1, 0xC6, 0xE5, 0x1C, 0x8F, 0x5E, 0xC1, 0x6A, 0xE5, 0xBA,
        0x82, 0xA4, 0x5F, 0x1E, 0xFA, 0x21, 0x58, 0xD8, 0x9B, 0xD8, 0x92, 0x7F, 0x26, 0x6A, 0x69, 0x48,
        0xDD, 0xD4, 0x00, 0xA5, 0xBC, 0xA4, 0x70, 0xE6, 0xF7, 0xA9, 0x4A, 0x10, 0xD2, 0x48, 0x42, 0xA9,
        0x3E, 0xBA, 0xFB, 0xC3, 0x1C, 0xEA, 0x48, 0xE7, 0x13, 0xB4, 0x61, 0x97, 0x3A, 0xDA, 0x9B, 0x51,
        0xA0, 0x95, 0x00, 0x90, 0x01, 0x28, 0x73, 0x83, 0x65, 0xC0, 0x3C, 0x49, 0xE6, 0xA5, 0x0D, 0x31,
        0x32, 0x3B, 0x85, 0x21, 0x98, 0x86, 0x21, 0x87, 0xD1, 0xE1, 0xBD, 0x4A, 0xD1, 0x36, 0xFA, 0xA9,
        0xB0, 0x2C, 0x76, 0x91, 0xEB, 0x3C, 0x55, 0x1C, 0x8A, 0x8C, 0xE8, 0xCA, 0x0B, 0xC8, 0xEF, 0xDE,
        0x2D, 0xC2, 0x73, 0x79, 0x68, 0x2A, 0x2A, 0x85, 0xB5, 0xD6, 0x42, 0xB6, 0x2C, 0xC7, 0x1C, 0xA2,
        0xDC, 0x5C, 0x54, 0xE5, 0x5A, 0xFC, 0xC6, 0xE5, 0xF2, 0x6C, 0x46, 0xF7, 0x0E, 0x4D, 0xA7, 0xC5,
        0x42, 0x49, 0x5A, 0xF2, 0xC9, 0x74, 0x2C, 0x76, 0x02, 0xA3, 0x18, 0x97, 0xCB, 0xBC, 0xB4, 0x00,
        0x5B, 0xD8, 0x6D, 0x38, 0x63, 0x44, 0x1B, 0xDB, 0xB9, 0x4F, 0x69, 0xAB, 0xB5, 0xCB, 0xA2, 0xDD,
        0x59, 0x76, 0xDC, 0x63, 0xBB, 0x51, 0xB4, 0x82, 0xCE, 0x54, 0x66, 0x1E, 0xBF, 0x91, 0xC8, 0xD3,
        0xBD, 0xB5, 0x9A, 0x90, 0x55, 0x2D, 0xB5, 0x17, 0x63, 0xCD, 0xFB, 0x31, 0xD1, 0x08, 0x73, 0x9B,
        0x5D, 0x98, 0xE1, 0xEF, 0x51, 0x32, 0x80, 0x43, 0x29, 0x01, 0x4D, 0x80, 0x24, 0x10, 0xD9, 0x6E,
        0xDB, 0xBB, 0xF9, 0x7C, 0x55, 0x23, 0x74, 0xCB, 0xE8, 0xB5, 0x87, 0x75, 0x4C, 0xBB, 0xAC, 0xA4,
        0x1D, 0xEE, 0x10, 0xF5, 0x26, 0x97, 0xAD, 0x41, 0xF7, 0xAD, 0x3B, 0x0B, 0x99, 0x9C, 0xAB, 0x05,
        0x23, 0x81, 0xA2, 0x7F, 0x17, 0xB9, 0x5D, 0x43, 0x4D, 0x01, 0x39, 0x21, 0x91, 0x48, 0x56, 0x04,
        0x11, 0x70, 0x6E, 0x98, 0xD1, 0x65, 0x8C, 0xCA, 0xC2, 0xDB, 0x8B, 0xB7, 0x6F, 0xEC, 0xD5, 0x9F,
        0xF1, 0x1A, 0x06, 0xD9, 0x80, 0xBD, 0xC7, 0x61, 0x06, 0x96, 0x3D, 0x21, 0x2E, 0xEA, 0x43, 0x88,
        0xC9, 0xB8, 0x55, 0xEF, 0x2C, 0x77, 0xB2, 0xB5, 0x2C, 0xD3, 0xC9, 0xCC, 0x8A, 0x7C, 0x91, 0x32,
        0x8C, 0x15, 0x37, 0xB7, 0xD9, 0x45, 0xB3, 0x6F, 0xA5, 0x0E, 0x44, 0x37, 0x45, 0x5C, 0x32, 0x80,
        0x70, 0x3E, 0xD5, 0x34, 0xBA, 0xB8, 0xC4, 0x50, 0x80, 0x59, 0x76, 0x1D, 0xEF, 0x6A, 0xDE, 0xC8,
        0xA9, 0x52, 0x01, 0xCE, 0x86, 0x33, 0xBA, 0xD2, 0x35, 0x94, 0x13, 0xBB, 0x95, 0x73, 0x0A, 0x57,
        0x0B, 0x92, 0x22, 0x59, 0x5E, 0x36, 0xBD, 0xD4, 0xA9, 0xF3, 0x7E, 0x26, 0xA5, 0x68, 0xD5, 0x58,
        0x44, 0x6D, 0xBB, 0x70, 0xA2, 0xE3, 0xD7, 0x4F, 0xA8, 0x68, 0x84, 0x99, 0x9B, 0x99, 0x0C, 0x77,
        0xC7, 0x3B, 0x0C, 0x8C, 0xC7, 0xCB, 0x91, 0x56, 0x9A, 0x29, 0x15, 0x83, 0x2C, 0x64, 0xB3, 0x29,
        0xB5, 0x98, 0xEF, 0x16, 0x5A, 0x59, 0x17, 0x4D, 0x2C, 0xA0, 0x28, 0x20, 0xA9, 0x5D, 0xEB, 0x79,
        0x77, 0xA9, 0xA5, 0x78, 0x5A, 0x02, 0xC4, 0xA1, 0x81, 0xEC, 0x5F, 0x0E, 0xDD, 0xDB, 0xD0, 0xE6,
        0xEE, 0xC6, 0xB7, 0x19, 0x07, 0x8B, 0xB8, 0xBF, 0xF5, 0x68, 0x01, 0xD9, 0xE9, 0x93, 0x55, 0x39,
        0xB4, 0x51, 0x29, 0x66, 0xF5, 0xF9, 0x54, 0x7B, 0x4E, 0xDB, 0xB5, 0x26, 0xAE, 0x7B, 0x97, 0x98,
        0xDD, 0x57, 0x6E, 0x51, 0xE0, 0x45, 0xF7, 0x16, 0x9A, 0x22, 0x49, 0x20, 0x82, 0x57, 0xFE, 0x54,
        0x0C, 0x2A, 0x0B, 0x0C, 0x72, 0x1B, 0x10, 0x6D, 0xEF, 0x71, 0x50, 0x9A, 0x1D, 0x50, 0x07, 0xC5,
        0x11, 0x06, 0xD7, 0xF2, 0x8A, 0x1A, 0xDF, 0xBD, 0x4D, 0x0B, 0x0B, 0x66, 0x8C, 0x10, 0xF1, 0x32,
        0x8F, 0x02, 0xC3, 0x20, 0xDD, 0xCD, 0xEF, 0xD4, 0xEE, 0x83, 0x2C, 0x9A, 0x98, 0x55, 0x98, 0x7D,
        0x99, 0x2A, 0x01, 0xFE, 0xF3, 0x7F, 0xFC, 0x3A, 0x07, 0xB6, 0xAC, 0x46, 0x61, 0xDF, 0xFF, 0x00,
        0x0A, 0xB5, 0xCA, 0xAA, 0x5C, 0x0B, 0x60, 0x6A, 0x75, 0x65, 0xBF, 0x39, 0x10, 0xC4, 0x49, 0xB8,
        0x39, 0x70, 0x74, 0xF6, 0x72, 0xD2, 0x49, 0x1A, 0xDB, 0x96, 0xE1, 0x9B, 0x2E, 0x06, 0xDD, 0xF6,
        0xA1, 0xA6, 0xE9, 0xC9, 0x27, 0x50, 0xEA, 0x06, 0xEA, 0x74, 0xFA, 0x7C, 0x2C, 0x4F, 0xF1, 0xA5,
        0x5F, 0x87, 0x1E, 0xF7, 0xD3, 0xA9, 0x26, 0xEA, 0x9A, 0x90, 0xAF, 0x32, 0x14, 0x87, 0x47, 0x05,
        0x8A, 0x47, 0x98, 0xDE, 0xE6, 0x4D, 0xEE, 0x7C, 0xFE, 0x0A, 0x74, 0x67, 0x61, 0x79, 0x2C, 0x8A,
        0x6C, 0x72, 0x8C, 0xB7, 0xF2, 0xF1, 0x54, 0xEF, 0x36, 0x39, 0x65, 0x60, 0x36, 0x00, 0xCB, 0x65,
        0xC7, 0x72, 0xAF, 0x02, 0x90, 0x86, 0xD9, 0x98, 0x1B, 0x5A, 0xE7, 0xE7, 0xCB, 0xE2, 0xA2, 0xDC,
        0xD3, 0x70, 0x78, 0x8D, 0xBE, 0x7C, 0xB4, 0x48, 0x73, 0xCB, 0x60, 0x43, 0x36, 0xC2, 0x41, 0xC2,
        0xC3, 0xF2, 0x54, 0xDA, 0x65, 0x66, 0x68, 0xA2, 0x91, 0x92, 0x21, 0x98, 0xDB, 0x2E, 0xEB, 0x6F,
        0x7B, 0x59, 0xAA, 0xE7, 0x13, 0xF2, 0x7E, 0xE1, 0x03, 0x7F, 0x93, 0x81, 0x8D, 0xCA, 0xFF, 0x00,
        0x69, 0x22, 0xEE, 0xBB, 0x7D, 0x9C, 0x5C, 0x15, 0x98, 0x20, 0xCB, 0xC3, 0xE6, 0x25, 0xBC, 0x20,
        0x50, 0x49, 0xF2, 0x04, 0x6C, 0x4C, 0x4A, 0x40, 0x63, 0x87, 0x9B, 0x86, 0x97, 0x57, 0x18, 0x74,
        0x48, 0xAE, 0xC6, 0x4B, 0x0B, 0x2A, 0x9F, 0x0C, 0xB9, 0x09, 0xFA, 0x55, 0xC9, 0x76, 0x01, 0x5A,
        0x6E, 0x64, 0x72, 0x0D, 0x8C, 0x33, 0x67, 0x03, 0x37, 0xE3, 0xCB, 0x57, 0x13, 0x9E, 0x43, 0x35,
        0xD9, 0x3E, 0x7F, 0x2B, 0x54, 0x3A, 0xC4, 0x47, 0x4D, 0x38, 0x94, 0x8D, 0xED, 0xA4, 0x70, 0xB3,
        0x2F, 0xB2, 0xC8, 0x69, 0x65, 0x43, 0x99, 0x1C, 0x06, 0x52, 0x3B, 0x41, 0xF4, 0x73, 0x57, 0x10,
        0x70, 0x65, 0xA5, 0x8A, 0x4F, 0x8D, 0xA9, 0x70, 0x32, 0x69, 0xE0, 0x39, 0xA6, 0x07, 0xC3, 0xB2,
        0xEA, 0x9F, 0x4E, 0x83, 0x6B, 0x18, 0xE8, 0x74, 0x17, 0xBA, 0xE9, 0xD0, 0x81, 0x3B, 0x83, 0xFC,
        0x69, 0x07, 0x0F, 0xBB, 0x4B, 0x17, 0x4B, 0x84, 0x47, 0x09, 0x5C, 0xB2, 0x20, 0x3B, 0xE5, 0xAF,
        0xBD, 0x2E, 0x6F, 0x16, 0xED, 0x5D, 0x83, 0xF3, 0x58, 0x59, 0x58, 0xA8, 0x19, 0x4F, 0xBA, 0xDE,
        0xF5, 0x15, 0x62, 0xC2, 0x39, 0x1C, 0xB9, 0x2B, 0xB4, 0x05, 0xF2, 0xFB, 0xD4, 0x21, 0x0B, 0xCB,
        0x8C, 0xA9, 0x31, 0x02, 0x45, 0xC8, 0x07, 0x1C, 0x4D, 0x65, 0x90, 0x80, 0x84, 0x0D, 0xD5, 0x1D,
        0xFE, 0xD5, 0x3C, 0x66, 0xE4, 0x02, 0x72, 0x96, 0xC7, 0x03, 0x40, 0x5F, 0x33, 0x9C, 0x11, 0x06,
        0xD2, 0x7B, 0x36, 0x50, 0x57, 0x03, 0x31, 0x25, 0x9A, 0xDD, 0xEC, 0x6E, 0x76, 0x79, 0x6A, 0xDD,
        0xDE, 0x9B, 0xD4, 0x8B, 0x13, 0xDB, 0x57, 0xA9, 0xB4, 0x70, 0xA0, 0x3B, 0xD6, 0x6F, 0xDE, 0x48,
        0x3D, 0xC4, 0xFD, 0x3A, 0xB4, 0x24, 0x67, 0x3B, 0x51, 0xB6, 0x2D, 0xBB, 0x2F, 0x4A, 0x75, 0x3A,
        0x84, 0x56, 0x8C, 0x6E, 0x8B, 0x0C, 0xA0, 0x9F, 0xD5, 0xA6, 0x57, 0x44, 0x29, 0x7C, 0x26, 0x8D,
        0x81, 0x18, 0xEF, 0x5D, 0x46, 0xF3, 0xE7, 0xA9, 0x21, 0x2A, 0xA6, 0x09, 0x49, 0x25, 0xEC, 0x43,
        0x03, 0xE2, 0xDD, 0xE1, 0x6C, 0xD5, 0xA8, 0xD1, 0x32, 0x81, 0xA5, 0x91, 0xC3, 0x44, 0xCC, 0x78,
        0x48, 0x3B, 0xDC, 0xBF, 0x16, 0xF7, 0x96, 0x94, 0x2B, 0x5F, 0x2F, 0x88, 0xEC, 0x17, 0x22, 0xA1,
        0xD6, 0x99, 0x64, 0x91, 0x63, 0xCC, 0xA9, 0x2B, 0x21, 0x00, 0x96, 0x17, 0xE1, 0xB7, 0x95, 0x68,
        0x68, 0x64, 0x94, 0x48, 0x31, 0x6D, 0x3B, 0xDC, 0x1C, 0xC3, 0x89, 0xD0, 0x51, 0x9F, 0x5F, 0x3A,
        0xC0, 0x96, 0xDD, 0x04, 0xEF, 0x37, 0xAA, 0x38, 0xF8, 0x9E, 0xB2, 0xF4, 0xD8, 0xCF, 0x48, 0xE9,
        0x47, 0x6E, 0xAE, 0x41, 0xF1, 0xA4, 0x5F, 0xEE, 0xBF, 0xF1, 0xFF, 0x00, 0x8B, 0x53, 0x2A, 0xC0,
        0x5B, 0x56, 0x98, 0xBE, 0xAE, 0x4B, 0xB1, 0x70, 0xFC, 0x0C, 0xB2, 0x1E, 0x1F, 0x6F, 0x25, 0x67,
        0x6C, 0xD2, 0xC5, 0xB1, 0x82, 0xEF, 0x32, 0x30, 0xDB, 0x75, 0xF2, 0x50, 0x93, 0x9C, 0xAA, 0xC2,
        0xE4, 0x29, 0xC1, 0xB1, 0xF6, 0x78, 0xA8, 0x39, 0x07, 0x94, 0xBB, 0x30, 0xC4, 0xDF, 0xD5, 0xE5,
        0xA1, 0x3B, 0xE1, 0x19, 0x21, 0x58, 0x7A, 0xBB, 0x1B, 0xEB, 0x50, 0x04, 0x10, 0x76, 0xAB, 0x0D,
        0xA3, 0xD6, 0xAD, 0x46, 0x34, 0x93, 0x98, 0x7C, 0x21, 0xC6, 0x23, 0xDE, 0x65, 0xA5, 0xCE, 0xE5,
        0x43, 0x10, 0x1C, 0x28, 0xB8, 0x37, 0xC7, 0x14, 0xA6, 0xD4, 0x59, 0x92, 0x32, 0xB9, 0x55, 0x5C,
        0xE6, 0x27, 0x1B, 0xF3, 0x3D, 0x8A, 0xC6, 0xAE, 0xA6, 0xF6, 0xC6, 0xE2, 0x82, 0x36, 0xDF, 0xCF,
        0xE8, 0x79, 0xE6, 0x19, 0x98, 0xDD, 0x62, 0x8E, 0xF6, 0x2E, 0xFE, 0x15, 0xFE, 0xBD, 0x36, 0xBA,
        0x63, 0xCC, 0x21, 0x81, 0x67, 0xF0, 0x8B, 0x78, 0x17, 0xCA, 0xAB, 0x5C, 0xC8, 0xCF, 0x2A, 0x29,
        0x46, 0x2F, 0x6B, 0xE5, 0x1D, 0xB9, 0xE9, 0x5F, 0x4E, 0xF1, 0xCF, 0x85, 0x9C, 0x91, 0x9A, 0xE7,
        0xF5, 0x6B, 0x99, 0x14, 0x48, 0xA4, 0x0E, 0xC5, 0x50, 0x6F, 0xF3, 0x81, 0x57, 0x46, 0x65, 0x71,
        0x7B, 0x20, 0xCA, 0x47, 0xE3, 0x57, 0x2B, 0x4F, 0xA8, 0x88, 0x7C, 0x58, 0xC3, 0x3E, 0x4B, 0x00,
        0x59, 0x47, 0x60, 0x23, 0x37, 0xD7, 0x5A, 0x44, 0x81, 0x5A, 0x40, 0xC1, 0x4C, 0xB8, 0x66, 0x54,
        0x04, 0x5B, 0x7A, 0x4E, 0x1A, 0x5E, 0x99, 0xAA, 0x39, 0x7E, 0xEC, 0x72, 0x99, 0x8F, 0x8A, 0xDC,
        0x19, 0xB1, 0x5E, 0x1F, 0x62, 0xA2, 0x93, 0xA5, 0x2B, 0x43, 0xF7, 0x70, 0x07, 0xDF, 0x1C, 0x90,
        0xA5, 0x87, 0x8D, 0x63, 0x1B, 0xAE, 0xD4, 0xBA, 0xFE, 0xAB, 0x2B, 0x75, 0x5D, 0x79, 0xB1, 0xE6,
        0x4D, 0x72, 0x8B, 0xF6, 0x71, 0x37, 0xED, 0xD0, 0x52, 0x6C, 0x6D, 0x82, 0x8E, 0xE1, 0xDC, 0x2B,
        0x01, 0x6B, 0xE3, 0xBD, 0x85, 0x66, 0x6E, 0x2E, 0xC2, 0xB7, 0x1F, 0xAB, 0x44, 0xE5, 0x17, 0xDA,
        0x1E, 0xDB, 0xDF, 0x96, 0x90, 0x06, 0x3C, 0xB0, 0x2E, 0x7B, 0x89, 0x23, 0x65, 0x58, 0x80, 0x47,
        0x68, 0xAB, 0xE9, 0xE6, 0xB6, 0x62, 0x16, 0x28, 0x58, 0x02, 0xA0, 0x93, 0xB1, 0x7C, 0x55, 0x67,
        0x95, 0x41, 0x60, 0x33, 0x3A, 0xAE, 0xF1, 0x3D, 0xBB, 0xD4, 0xAC, 0x09, 0x69, 0x6D, 0x76, 0x2C,
        0x49, 0x39, 0x78, 0x7D, 0xDA, 0xB9, 0xC0, 0x6D, 0xBD, 0x3C, 0x10, 0x5D, 0x15, 0x85, 0x9A, 0x6E,
        0xEF, 0x36, 0x4F, 0x6A, 0x82, 0xE8, 0xF1, 0x8A, 0xFB, 0xD1, 0x39, 0x3D, 0xDC, 0x48, 0xC6, 0x95,
        0x1A, 0x27, 0x89, 0xD4, 0x35, 0xC3, 0x0C, 0x30, 0xC3, 0x8D, 0x77, 0x3D, 0x0F, 0x21, 0xBB, 0x24,
        0x37, 0x8E, 0x00, 0x6F, 0x65, 0x50, 0x78, 0xFD, 0xE9, 0x78, 0xA8, 0x2E, 0xA3, 0x18, 0x26, 0xDD,
        0x78, 0xD8, 0x76, 0x7F, 0x12, 0x96, 0x6D, 0x1E, 0x5D, 0x4E, 0x81, 0xCD, 0xD6, 0xD8, 0x65, 0x1E,
        0x5A, 0x5D, 0x4C, 0x3F, 0x0C, 0x60, 0x1A, 0x3B, 0x6D, 0x03, 0xD5, 0x4A, 0xE0, 0xED, 0x02, 0xB9,
        0x8C, 0x1A, 0x65, 0xBF, 0x02, 0x80, 0x48, 0xC7, 0xD7, 0x4D, 0x0A, 0xC3, 0x2C, 0x44, 0x8C, 0xA5,
        0x99, 0x6C, 0x86, 0xFE, 0xD0, 0x39, 0x68, 0xF4, 0xEE, 0x83, 0xA4, 0x12, 0x15, 0xFD, 0xE6, 0xA0,
        0x8B, 0x22, 0x93, 0xC4, 0xC7, 0xCD, 0xF4, 0xBF, 0xC3, 0xAE, 0x7E, 0xBA, 0x43, 0xAA, 0x94, 0xF0,
        0xC6, 0x30, 0x8C, 0x11, 0xEC, 0x1E, 0x2F, 0xA7, 0x4C, 0x91, 0x48, 0x24, 0x63, 0xB9, 0x90, 0xAE,
        0x53, 0x18, 0x3F, 0xF4, 0x9A, 0x8F, 0x37, 0x16, 0x45, 0xBF, 0xCF, 0x6C, 0x68, 0xB9, 0x1B, 0xC7,
        0x02, 0x41, 0x34, 0x5D, 0x94, 0xB7, 0x7E, 0xD3, 0x45, 0x50, 0x64, 0x51, 0x6C, 0x7B, 0x68, 0xAB,
        0x62, 0x18, 0x62, 0x4F, 0x6D, 0xE9, 0x60, 0x61, 0xF0, 0xD4, 0xD9, 0x25, 0xBE, 0x19, 0x7D, 0xAA,
        0xB1, 0xFC, 0xB5, 0x1E, 0x56, 0xCA, 0xF1, 0xB6, 0x74, 0x62, 0x2E, 0x03, 0x0E, 0xFA, 0xC8, 0x23,
        0x47, 0x92, 0xD7, 0x50, 0xAC, 0x6C, 0x7D, 0xAE, 0x1D, 0xD5, 0xA6, 0x77, 0x2A, 0x1D, 0xEC, 0x2E,
        0x31, 0xB0, 0xEE, 0xFA, 0x34, 0x5A, 0x46, 0x2F, 0x7C, 0x6C, 0xDB, 0x07, 0xCC, 0x2B, 0x2A, 0x8C,
        0x3D, 0x55, 0x8E, 0x1F, 0x9F, 0xD2, 0x59, 0x09, 0xCD, 0x72, 0x1A, 0xE6, 0xF4, 0x18, 0xDD, 0x85,
        0x85, 0x9C, 0x6D, 0x1E, 0xF5, 0xE8, 0xE9, 0x35, 0x04, 0x18, 0x24, 0xC7, 0x7B, 0xBC, 0xD1, 0x93,
        0x49, 0x94, 0xA3, 0x82, 0x79, 0x67, 0x1B, 0x7B, 0x94, 0x74, 0xCE, 0x46, 0x52, 0x46, 0x51, 0xDA,
        0x2F, 0xD9, 0x4D, 0xA5, 0xD1, 0x69, 0x1A, 0x79, 0x72, 0x8E, 0x5C, 0x8C, 0x01, 0x05, 0x9B, 0x84,
        0x08, 0xAF, 0x9B, 0xE9, 0xCB, 0x5F, 0x79, 0xEB, 0x93, 0x6F, 0x1C, 0x57, 0x49, 0x19, 0xC0, 0x7D,
        0xAB, 0xAD, 0xBE, 0xA4, 0x55, 0xCB, 0x40, 0x23, 0x44, 0xB6, 0x45, 0x8F, 0x00, 0x2D, 0xEA, 0xAE,
        0x5A, 0x4C, 0x16, 0x43, 0x85, 0xEE, 0x2F, 0x73, 0xB3, 0xEB, 0x52, 0x68, 0x26, 0x5C, 0xCF, 0xA8,
        0x9E, 0x34, 0xB5, 0xB0, 0xB6, 0x61, 0x9C, 0x8F, 0x49, 0x1D, 0xF4, 0x16, 0x46, 0x52, 0x46, 0xD2,
        0xA2, 0xC0, 0xFE, 0xB5, 0x6F, 0x12, 0xC7, 0xD7, 0x4F, 0x1A, 0x8B, 0x92, 0x2C, 0x07, 0xAE, 0x94,
        0x94, 0xCA, 0xC0, 0x0B, 0xE5, 0x36, 0xEC, 0xF6, 0x6B, 0x00, 0x6C, 0x36, 0x5C, 0x93, 0xB7, 0xE7,
        0xAD, 0xD0, 0x40, 0xEE, 0xAE, 0xDA, 0xC0, 0x7C, 0x96, 0x9F, 0x47, 0x18, 0xC9, 0x36, 0x66, 0x75,
        0x0D, 0x94, 0xAB, 0xED, 0x39, 0x7C, 0xC8, 0xF4, 0x62, 0x49, 0x19, 0x0A, 0x9C, 0x62, 0x6F, 0xF7,
        0x35, 0x07, 0x95, 0x39, 0x63, 0x1B, 0x48, 0x0F, 0x6F, 0xB9, 0xC5, 0x46, 0x18, 0x25, 0xDE, 0x23,
        0x2A, 0xB3, 0x28, 0x2C, 0x3D, 0xC5, 0xE1, 0xA8, 0x7A, 0x81, 0x80, 0x2B, 0x3A, 0x85, 0x95, 0x1C,
        0xDB, 0x7C, 0x6E, 0xF3, 0x3C, 0xF4, 0x59, 0x6C, 0x92, 0x37, 0x11, 0x1D, 0xA6, 0x8B, 0x03, 0x98,
        0x01, 0x86, 0x34, 0xF0, 0xB4, 0xA2, 0x23, 0xD9, 0xBA, 0x49, 0xFD, 0x2A, 0xBB, 0xC8, 0xD2, 0x09,
        0x09, 0x57, 0x25, 0x71, 0xC7, 0xDB, 0x15, 0xA4, 0x2E, 0xB7, 0x91, 0x24, 0xC8, 0xC5, 0x8D, 0xDA,
        0xF6, 0x64, 0x8E, 0x4F, 0xAD, 0xF2, 0x3A, 0x62, 0xF4, 0xFD, 0x44, 0x7A, 0x43, 0xAF, 0xD6, 0xA6,
        0x96, 0x5D, 0x44, 0xA8, 0xB2, 0x2A, 0x2B, 0x86, 0xF8, 0x99, 0x64, 0x2A, 0xBB, 0x96, 0xAD, 0x17,
        0x4D, 0xFF, 0x00, 0x56, 0xD3, 0xFF, 0x00, 0x30, 0xE9, 0xB5, 0x4B, 0x23, 0x6A, 0x8C, 0x11, 0x22,
        0x36, 0x98, 0x20, 0xBC, 0x72, 0xBB, 0xE9, 0x5E, 0x48, 0xF2, 0x4A, 0xFF, 0x00, 0x0F, 0x2C, 0xB5,
        0x38, 0xEA, 0x3A, 0x86, 0x9B, 0xA3, 0xF5, 0x20, 0xEB, 0xA1, 0xD6, 0xB0, 0x01, 0xB4, 0x9A, 0x82,
        0xAD, 0xCB, 0xD2, 0xCC, 0x50, 0x2F, 0xF9, 0x79, 0x3F, 0xF9, 0xE6, 0xF0, 0x7F, 0x69, 0x5D, 0x33,
        0xA5, 0xE9, 0x35, 0x72, 0x46, 0x34, 0xB0, 0x45, 0xA8, 0xEB, 0xBA, 0xF4, 0x6B, 0x4A, 0x58, 0xDF,
        0x95, 0xA1, 0x89, 0xC6, 0xF7, 0x33, 0x51, 0x97, 0x3E, 0xA2, 0x4F, 0xE1, 0xD7, 0x55, 0xE8, 0xFA,
        0xE9, 0x9E, 0x48, 0x9D, 0x47, 0x52, 0xD0, 0x3C, 0xAC, 0x58, 0x88, 0x1B, 0xE1, 0xEA, 0xA0, 0x56,
        0x7F, 0x06, 0x9A, 0x75, 0xDC, 0x4F, 0x23, 0xD7, 0x51, 0xD6, 0xEA, 0xA7, 0x96, 0x29, 0xFA, 0xCE,
        0xAA, 0x5D, 0x4E, 0x86, 0x50, 0xEC, 0x0C, 0x0B, 0x1B, 0x34, 0x7A, 0x4E, 0x5D, 0x9B, 0x76, 0x3C,
        0xDC, 0xCC, 0xC9, 0xFC, 0x2A, 0x87, 0xA4, 0xBC, 0xC7, 0x43, 0x17, 0x47, 0x60, 0x3A, 0xDE, 0xAB,
        0x4F, 0x20, 0x0F, 0xA8, 0x95, 0x19, 0xA3, 0x8A, 0x1D, 0x34, 0x91, 0x1C, 0xCB, 0x0C, 0xFC, 0xAE,
        0x64, 0xD2, 0x55, 0x86, 0xC1, 0xF2, 0x64, 0x27, 0x0C, 0xA0, 0xB5, 0xFB, 0xAD, 0xBD, 0x43, 0x5C,
        0x13, 0x31, 0x81, 0x80, 0x24, 0x0B, 0x9C, 0xAC, 0x38, 0x9D, 0x47, 0x91, 0xB2, 0x7D, 0x7A, 0xEC,
        0x85, 0x3C, 0xCD, 0xC4, 0x6D, 0xE5, 0x41, 0xBD, 0x4B, 0x38, 0x40, 0xEE, 0x45, 0xC9, 0x90, 0x0B,
        0xED, 0xF0, 0xF9, 0x2A, 0xDA, 0x70, 0x15, 0x80, 0xE1, 0xEC, 0x26, 0x88, 0x9A, 0x03, 0xB7, 0x74,
        0xED, 0x15, 0x96, 0x68, 0x83, 0x5C, 0x60, 0x36, 0x1F, 0xAB, 0x47, 0x26, 0x96, 0x29, 0x59, 0x7B,
        0x4B, 0x58, 0x8F, 0xCA, 0x2A, 0xEB, 0xA7, 0x8E, 0x36, 0xBD, 0xFB, 0x5B, 0xF3, 0x6E, 0xD6, 0x9F,
        0x5F, 0x25, 0xB3, 0x2B, 0x29, 0x73, 0xB0, 0xDD, 0x4D, 0x9B, 0xEB, 0x52, 0xBA, 0x1B, 0xAB, 0x00,
        0xCA, 0x7D, 0x47, 0x11, 0xE9, 0xD0, 0xF2, 0x34, 0x6F, 0xD4, 0x3E, 0xEF, 0xD4, 0x20, 0x9A, 0x5D,
        0x34, 0x6B, 0x9D, 0x9A, 0x25, 0x12, 0x73, 0x86, 0x4F, 0x2B, 0x2E, 0xE5, 0x74, 0xB9, 0xFA, 0x37,
        0xF2, 0xFB, 0xFF, 0x00, 0x2F, 0x45, 0xA3, 0x9C, 0x4B, 0xAB, 0xD6, 0x48, 0xB1, 0x40, 0x5E, 0x10,
        0x37, 0xF4, 0x9C, 0x8D, 0x33, 0x37, 0x3B, 0x9D, 0xED, 0xF0, 0x53, 0x6A, 0xFA, 0xAC, 0x3C, 0x9E,
        0x97, 0xD2, 0xEE, 0x3A, 0x66, 0x99, 0x8A, 0xB7, 0x3A, 0x76, 0x16, 0x6E, 0xA1, 0x32, 0xA9, 0x6D,
        0xD8, 0xF8, 0x34, 0xC8, 0xFF, 0x00, 0x69, 0x5D, 0x2B, 0x59, 0xA2, 0x54, 0x83, 0xF9, 0x87, 0xA7,
        0x46, 0x61, 0xD4, 0x44, 0xCE, 0x39, 0x5A, 0x98, 0x4B, 0xB3, 0x1D, 0x26, 0xA2, 0x44, 0xCC, 0xBF,
        0xBB, 0x39, 0xE0, 0x9B, 0xFB, 0x27, 0xAD, 0x1F, 0x52, 0xD2, 0x1E, 0x4F, 0x53, 0x12, 0x1D, 0x14,
        0x49, 0xB4, 0xBA, 0xEB, 0x51, 0xB4, 0xF3, 0x69, 0xB7, 0x78, 0xD9, 0x7F, 0x78, 0x9F, 0x67, 0x50,
        0xF4, 0x2E, 0x8F, 0x3A, 0x69, 0x5D, 0x22, 0x8F, 0x4C, 0xFA, 0x96, 0xBE, 0x64, 0x88, 0x0C, 0x9A,
        0x89, 0x21, 0x08, 0x37, 0xB5, 0x0F, 0xE0, 0xAE, 0x97, 0xAE, 0xFE, 0x5E, 0x44, 0x8A, 0x3D, 0x34,
        0x7F, 0x73, 0xD7, 0xC0, 0xCD, 0x97, 0x9D, 0xA6, 0x3B, 0xDC, 0xE2, 0xD6, 0xDF, 0xD5, 0xC1, 0x2F,
        0xC6, 0xDE, 0xFD, 0xEF, 0xCA, 0x64, 0x6D, 0x8C, 0x2C, 0x6A, 0x31, 0xA0, 0x55, 0x3D, 0x39, 0xEC,
        0xB3, 0x3E, 0xD9, 0x14, 0x9D, 0xD1, 0x19, 0xF2, 0xC3, 0xED, 0xD3, 0x3B, 0x2F, 0xC2, 0x8D, 0x8E,
        0x1E, 0xBE, 0xEA, 0x0A, 0xA2, 0xD6, 0x16, 0x15, 0x63, 0x8F, 0xAE, 0x8E, 0x1F, 0x8E, 0x89, 0x60,
        0x3E, 0x72, 0x2F, 0x56, 0x5B, 0xE1, 0xB4, 0xDF, 0xF6, 0x9B, 0x36, 0x5F, 0xA1, 0x44, 0x31, 0x19,
        0x14, 0x9B, 0x28, 0x3B, 0x68, 0x95, 0x41, 0x18, 0x1B, 0x0A, 0x9B, 0xF6, 0xED, 0xA7, 0xE9, 0xD3,
        0x30, 0x32, 0xE9, 0xFF, 0x00, 0x74, 0x47, 0x6A, 0x77, 0x7D, 0x1F, 0x96, 0xBD, 0x5B, 0x55, 0x3E,
        0xA7, 0x57, 0x2C, 0x2E, 0x65, 0xD3, 0x69, 0xE7, 0x97, 0x34, 0x10, 0xB9, 0xF1, 0xE9, 0xF4, 0xF9,
        0x57, 0x2B, 0x2F, 0x83, 0x37, 0xE0, 0x48, 0x20, 0x10, 0x70, 0x20, 0xE2, 0x0D, 0x1E, 0x42, 0x84,
        0x04, 0x96, 0x20, 0x6C, 0xB9, 0xAC, 0x7F, 0xD9, 0x58, 0x93, 0x47, 0x96, 0xDB, 0xDD, 0x80, 0xEC,
        0x34, 0x63, 0x91, 0x0C, 0x4A, 0x30, 0x6E, 0xFC, 0x3C, 0x34, 0xD2, 0x93, 0x61, 0x6B, 0x22, 0xF6,
        0x9A, 0xE6, 0x44, 0x80, 0xC0, 0x0E, 0xF3, 0xB1, 0x00, 0x1F, 0x72, 0xF5, 0xCD, 0x88, 0x87, 0xC2,
        0xE6, 0x32, 0x45, 0xFE, 0x6A, 0xD3, 0xCE, 0xF1, 0x94, 0x56, 0x95, 0x63, 0x60, 0x46, 0x38, 0x9C,
        0xB9, 0x6A, 0xDF, 0xD1, 0x0C, 0x91, 0xAE, 0x69, 0x2D, 0xC3, 0x80, 0xCD, 0x6A, 0x3D, 0x3F, 0x50,
        0xAC, 0x92, 0x02, 0x1D, 0xE2, 0x22, 0xD6, 0x03, 0x68, 0xC6, 0xA2, 0x8E, 0x3C, 0x21, 0x8E, 0xC4,
        0x5B, 0xB6, 0xDB, 0x2B, 0x33, 0x35, 0x91, 0x14, 0xB1, 0xF5, 0xD0, 0xD5, 0xCF, 0x21, 0x8C, 0x73,
        0x0E, 0x52, 0x96, 0xBC, 0x62, 0xFB, 0xBF, 0x57, 0x2D, 0x69, 0xF5, 0x67, 0x8D, 0xD4, 0x87, 0xB6,
        0xC2, 0xCA, 0x72, 0x39, 0x1E, 0xF6, 0x5C, 0xDF, 0x86, 0xD9, 0x5B, 0x2B, 0x67, 0xA3, 0x67, 0xA3,
        0x11, 0x51, 0x27, 0xF3, 0x03, 0x88, 0xE5, 0x6F, 0xFD, 0x77, 0x8F, 0x37, 0xDE, 0x07, 0xD9, 0xFD,
        0xDD, 0x64, 0x9B, 0x97, 0xEF, 0xA7, 0x2A, 0xBF, 0xC9, 0xF5, 0x59, 0x66, 0xD2, 0x16, 0xBA, 0x89,
        0x60, 0x60, 0xE0, 0xF7, 0x67, 0xCB, 0x1E, 0x65, 0xFF, 0x00, 0xB5, 0x4C, 0x34, 0xDA, 0xF8, 0xE3,
        0xB8, 0xDA, 0xF1, 0x4A, 0x40, 0xEF, 0xE0, 0x57, 0xAF, 0x89, 0xD7, 0xA1, 0x3A, 0x7C, 0xCD, 0x98,
        0x8D, 0x3E, 0xA7, 0x6F, 0x8F, 0x8A, 0x2F, 0x2D, 0x40, 0x9D, 0x3E, 0x43, 0x36, 0x98, 0x66, 0xC9,
        0x21, 0x04, 0x12, 0x6F, 0xBF, 0xBA, 0xE1, 0x5B, 0x8A, 0xB6, 0x1F, 0x46, 0xCA, 0xD9, 0x5B, 0x2B,
        0x61, 0xAD, 0x9E, 0x9D, 0x9E, 0x9D, 0x95, 0xFF, 0xD9,
    };

    inline constexpr std::size_t i_magic_size = sizeof(i_magic);
}
