#pragma once

#include <cstddef>

namespace Assets
{
    inline constexpr unsigned char logo[] = {
        0x89, 0x50, 0x4E, 0x47, 0x0D, 0x0A, 0x1A, 0x0A, 0x00, 0x00, 0x00, 0x0D, 0x49, 0x48, 0x44, 0x52,
        0x00, 0x00, 0x00, 0xFD, 0x00, 0x00, 0x00, 0x5C, 0x08, 0x06, 0x00, 0x00, 0x00, 0xA5, 0x75, 0xB3,
        0xB7, 0x00, 0x00, 0x00, 0x09, 0x70, 0x48, 0x59, 0x73, 0x00, 0x00, 0x0B, 0x13, 0x00, 0x00, 0x0B,
        0x13, 0x01, 0x00, 0x9A, 0x9C, 0x18, 0x00, 0x00, 0x06, 0x77, 0x69, 0x54, 0x58, 0x74, 0x58, 0x4D,
        0x4C, 0x3A, 0x63, 0x6F, 0x6D, 0x2E, 0x61, 0x64, 0x6F, 0x62, 0x65, 0x2E, 0x78, 0x6D, 0x70, 0x00,
        0x00, 0x00, 0x00, 0x00, 0x3C, 0x3F, 0x78, 0x70, 0x61, 0x63, 0x6B, 0x65, 0x74, 0x20, 0x62, 0x65,
        0x67, 0x69, 0x6E, 0x3D, 0x22, 0xEF, 0xBB, 0xBF, 0x22, 0x20, 0x69, 0x64, 0x3D, 0x22, 0x57, 0x35,
        0x4D, 0x30, 0x4D, 0x70, 0x43, 0x65, 0x68, 0x69, 0x48, 0x7A, 0x72, 0x65, 0x53, 0x7A, 0x4E, 0x54,
        0x63, 0x7A, 0x6B, 0x63, 0x39, 0x64, 0x22, 0x3F, 0x3E, 0x20, 0x3C, 0x78, 0x3A, 0x78, 0x6D, 0x70,
        0x6D, 0x65, 0x74, 0x61, 0x20, 0x78, 0x6D, 0x6C, 0x6E, 0x73, 0x3A, 0x78, 0x3D, 0x22, 0x61, 0x64,
        0x6F, 0x62, 0x65, 0x3A, 0x6E, 0x73, 0x3A, 0x6D, 0x65, 0x74, 0x61, 0x2F, 0x22, 0x20, 0x78, 0x3A,
        0x78, 0x6D, 0x70, 0x74, 0x6B, 0x3D, 0x22, 0x41, 0x64, 0x6F, 0x62, 0x65, 0x20, 0x58, 0x4D, 0x50,
        0x20, 0x43, 0x6F, 0x72, 0x65, 0x20, 0x39, 0x2E, 0x31, 0x2D, 0x63, 0x30, 0x30, 0x33, 0x20, 0x37,
        0x39, 0x2E, 0x39, 0x36, 0x39, 0x30, 0x61, 0x38, 0x37, 0x2C, 0x20, 0x32, 0x30, 0x32, 0x35, 0x2F,
        0x30, 0x33, 0x2F, 0x30, 0x36, 0x2D, 0x31, 0x39, 0x3A, 0x31, 0x32, 0x3A, 0x30, 0x33, 0x20, 0x20,
        0x20, 0x20, 0x20, 0x20, 0x20, 0x20, 0x22, 0x3E, 0x20, 0x3C, 0x72, 0x64, 0x66, 0x3A, 0x52, 0x44,
        0x46, 0x20, 0x78, 0x6D, 0x6C, 0x6E, 0x73, 0x3A, 0x72, 0x64, 0x66, 0x3D, 0x22, 0x68, 0x74, 0x74,
        0x70, 0x3A, 0x2F, 0x2F, 0x77, 0x77, 0x77, 0x2E, 0x77, 0x33, 0x2E, 0x6F, 0x72, 0x67, 0x2F, 0x31,
        0x39, 0x39, 0x39, 0x2F, 0x30, 0x32, 0x2F, 0x32, 0x32, 0x2D, 0x72, 0x64, 0x66, 0x2D, 0x73, 0x79,
        0x6E, 0x74, 0x61, 0x78, 0x2D, 0x6E, 0x73, 0x23, 0x22, 0x3E, 0x20, 0x3C, 0x72, 0x64, 0x66, 0x3A,
        0x44, 0x65, 0x73, 0x63, 0x72, 0x69, 0x70, 0x74, 0x69, 0x6F, 0x6E, 0x20, 0x72, 0x64, 0x66, 0x3A,
        0x61, 0x62, 0x6F, 0x75, 0x74, 0x3D, 0x22, 0x22, 0x20, 0x78, 0x6D, 0x6C, 0x6E, 0x73, 0x3A, 0x78,
        0x6D, 0x70, 0x3D, 0x22, 0x68, 0x74, 0x74, 0x70, 0x3A, 0x2F, 0x2F, 0x6E, 0x73, 0x2E, 0x61, 0x64,
        0x6F, 0x62, 0x65, 0x2E, 0x63, 0x6F, 0x6D, 0x2F, 0x78, 0x61, 0x70, 0x2F, 0x31, 0x2E, 0x30, 0x2F,
        0x22, 0x20, 0x78, 0x6D, 0x6C, 0x6E, 0x73, 0x3A, 0x78, 0x6D, 0x70, 0x4D, 0x4D, 0x3D, 0x22, 0x68,
        0x74, 0x74, 0x70, 0x3A, 0x2F, 0x2F, 0x6E, 0x73, 0x2E, 0x61, 0x64, 0x6F, 0x62, 0x65, 0x2E, 0x63,
        0x6F, 0x6D, 0x2F, 0x78, 0x61, 0x70, 0x2F, 0x31, 0x2E, 0x30, 0x2F, 0x6D, 0x6D, 0x2F, 0x22, 0x20,
        0x78, 0x6D, 0x6C, 0x6E, 0x73, 0x3A, 0x73, 0x74, 0x45, 0x76, 0x74, 0x3D, 0x22, 0x68, 0x74, 0x74,
        0x70, 0x3A, 0x2F, 0x2F, 0x6E, 0x73, 0x2E, 0x61, 0x64, 0x6F, 0x62, 0x65, 0x2E, 0x63, 0x6F, 0x6D,
        0x2F, 0x78, 0x61, 0x70, 0x2F, 0x31, 0x2E, 0x30, 0x2F, 0x73, 0x54, 0x79, 0x70, 0x65, 0x2F, 0x52,
        0x65, 0x73, 0x6F, 0x75, 0x72, 0x63, 0x65, 0x45, 0x76, 0x65, 0x6E, 0x74, 0x23, 0x22, 0x20, 0x78,
        0x6D, 0x6C, 0x6E, 0x73, 0x3A, 0x70, 0x68, 0x6F, 0x74, 0x6F, 0x73, 0x68, 0x6F, 0x70, 0x3D, 0x22,
        0x68, 0x74, 0x74, 0x70, 0x3A, 0x2F, 0x2F, 0x6E, 0x73, 0x2E, 0x61, 0x64, 0x6F, 0x62, 0x65, 0x2E,
        0x63, 0x6F, 0x6D, 0x2F, 0x70, 0x68, 0x6F, 0x74, 0x6F, 0x73, 0x68, 0x6F, 0x70, 0x2F, 0x31, 0x2E,
        0x30, 0x2F, 0x22, 0x20, 0x78, 0x6D, 0x6C, 0x6E, 0x73, 0x3A, 0x64, 0x63, 0x3D, 0x22, 0x68, 0x74,
        0x74, 0x70, 0x3A, 0x2F, 0x2F, 0x70, 0x75, 0x72, 0x6C, 0x2E, 0x6F, 0x72, 0x67, 0x2F, 0x64, 0x63,
        0x2F, 0x65, 0x6C, 0x65, 0x6D, 0x65, 0x6E, 0x74, 0x73, 0x2F, 0x31, 0x2E, 0x31, 0x2F, 0x22, 0x20,
        0x78, 0x6D, 0x70, 0x3A, 0x43, 0x72, 0x65, 0x61, 0x74, 0x6F, 0x72, 0x54, 0x6F, 0x6F, 0x6C, 0x3D,
        0x22, 0x41, 0x64, 0x6F, 0x62, 0x65, 0x20, 0x50, 0x68, 0x6F, 0x74, 0x6F, 0x73, 0x68, 0x6F, 0x70,
        0x20, 0x32, 0x36, 0x2E, 0x38, 0x20, 0x28, 0x57, 0x69, 0x6E, 0x64, 0x6F, 0x77, 0x73, 0x29, 0x22,
        0x20, 0x78, 0x6D, 0x70, 0x3A, 0x43, 0x72, 0x65, 0x61, 0x74, 0x65, 0x44, 0x61, 0x74, 0x65, 0x3D,
        0x22, 0x32, 0x30, 0x32, 0x36, 0x2D, 0x30, 0x39, 0x2D, 0x31, 0x36, 0x54, 0x32, 0x32, 0x3A, 0x32,
        0x37, 0x3A, 0x31, 0x36, 0x2B, 0x30, 0x33, 0x3A, 0x30, 0x30, 0x22, 0x20, 0x78, 0x6D, 0x70, 0x3A,
        0x4D, 0x65, 0x74, 0x61, 0x64, 0x61, 0x74, 0x61, 0x44, 0x61, 0x74, 0x65, 0x3D, 0x22, 0x32, 0x30,
        0x32, 0x36, 0x2D, 0x30, 0x39, 0x2D, 0x31, 0x36, 0x54, 0x32, 0x32, 0x3A, 0x32, 0x37, 0x3A, 0x31,
        0x36, 0x2B, 0x30, 0x33, 0x3A, 0x30, 0x30, 0x22, 0x20, 0x78, 0x6D, 0x70, 0x3A, 0x4D, 0x6F, 0x64,
        0x69, 0x66, 0x79, 0x44, 0x61, 0x74, 0x65, 0x3D, 0x22, 0x32, 0x30, 0x32, 0x36, 0x2D, 0x30, 0x39,
        0x2D, 0x31, 0x36, 0x54, 0x32, 0x32, 0x3A, 0x32, 0x37, 0x3A, 0x31, 0x36, 0x2B, 0x30, 0x33, 0x3A,
        0x30, 0x30, 0x22, 0x20, 0x78, 0x6D, 0x70, 0x4D, 0x4D, 0x3A, 0x49, 0x6E, 0x73, 0x74, 0x61, 0x6E,
        0x63, 0x65, 0x49, 0x44, 0x3D, 0x22, 0x78, 0x6D, 0x70, 0x2E, 0x69, 0x69, 0x64, 0x3A, 0x36, 0x61,
        0x39, 0x34, 0x34, 0x64, 0x34, 0x38, 0x2D, 0x38, 0x37, 0x63, 0x32, 0x2D, 0x66, 0x63, 0x34, 0x39,
        0x2D, 0x38, 0x39, 0x33, 0x33, 0x2D, 0x38, 0x36, 0x38, 0x36, 0x36, 0x34, 0x30, 0x64, 0x32, 0x37,
        0x31, 0x38, 0x22, 0x20, 0x78, 0x6D, 0x70, 0x4D, 0x4D, 0x3A, 0x44, 0x6F, 0x63, 0x75, 0x6D, 0x65,
        0x6E, 0x74, 0x49, 0x44, 0x3D, 0x22, 0x61, 0x64, 0x6F, 0x62, 0x65, 0x3A, 0x64, 0x6F, 0x63, 0x69,
        0x64, 0x3A, 0x70, 0x68, 0x6F, 0x74, 0x6F, 0x73, 0x68, 0x6F, 0x70, 0x3A, 0x33, 0x63, 0x35, 0x62,
        0x61, 0x66, 0x61, 0x65, 0x2D, 0x34, 0x37, 0x64, 0x64, 0x2D, 0x36, 0x32, 0x34, 0x65, 0x2D, 0x62,
        0x63, 0x61, 0x64, 0x2D, 0x65, 0x62, 0x36, 0x34, 0x38, 0x34, 0x61, 0x35, 0x30, 0x34, 0x30, 0x31,
        0x22, 0x20, 0x78, 0x6D, 0x70, 0x4D, 0x4D, 0x3A, 0x4F, 0x72, 0x69, 0x67, 0x69, 0x6E, 0x61, 0x6C,
        0x44, 0x6F, 0x63, 0x75, 0x6D, 0x65, 0x6E, 0x74, 0x49, 0x44, 0x3D, 0x22, 0x78, 0x6D, 0x70, 0x2E,
        0x64, 0x69, 0x64, 0x3A, 0x65, 0x33, 0x34, 0x30, 0x30, 0x64, 0x65, 0x37, 0x2D, 0x64, 0x32, 0x33,
        0x63, 0x2D, 0x62, 0x39, 0x34, 0x39, 0x2D, 0x38, 0x61, 0x35, 0x33, 0x2D, 0x61, 0x30, 0x36, 0x31,
        0x34, 0x30, 0x33, 0x62, 0x64, 0x36, 0x33, 0x35, 0x22, 0x20, 0x70, 0x68, 0x6F, 0x74, 0x6F, 0x73,
        0x68, 0x6F, 0x70, 0x3A, 0x43, 0x6F, 0x6C, 0x6F, 0x72, 0x4D, 0x6F, 0x64, 0x65, 0x3D, 0x22, 0x33,
        0x22, 0x20, 0x64, 0x63, 0x3A, 0x66, 0x6F, 0x72, 0x6D, 0x61, 0x74, 0x3D, 0x22, 0x69, 0x6D, 0x61,
        0x67, 0x65, 0x2F, 0x70, 0x6E, 0x67, 0x22, 0x3E, 0x20, 0x3C, 0x78, 0x6D, 0x70, 0x4D, 0x4D, 0x3A,
        0x48, 0x69, 0x73, 0x74, 0x6F, 0x72, 0x79, 0x3E, 0x20, 0x3C, 0x72, 0x64, 0x66, 0x3A, 0x53, 0x65,
        0x71, 0x3E, 0x20, 0x3C, 0x72, 0x64, 0x66, 0x3A, 0x6C, 0x69, 0x20, 0x73, 0x74, 0x45, 0x76, 0x74,
        0x3A, 0x61, 0x63, 0x74, 0x69, 0x6F, 0x6E, 0x3D, 0x22, 0x63, 0x72, 0x65, 0x61, 0x74, 0x65, 0x64,
        0x22, 0x20, 0x73, 0x74, 0x45, 0x76, 0x74, 0x3A, 0x69, 0x6E, 0x73, 0x74, 0x61, 0x6E, 0x63, 0x65,
        0x49, 0x44, 0x3D, 0x22, 0x78, 0x6D, 0x70, 0x2E, 0x69, 0x69, 0x64, 0x3A, 0x65, 0x33, 0x34, 0x30,
        0x30, 0x64, 0x65, 0x37, 0x2D, 0x64, 0x32, 0x33, 0x63, 0x2D, 0x62, 0x39, 0x34, 0x39, 0x2D, 0x38,
        0x61, 0x35, 0x33, 0x2D, 0x61, 0x30, 0x36, 0x31, 0x34, 0x30, 0x33, 0x62, 0x64, 0x36, 0x33, 0x35,
        0x22, 0x20, 0x73, 0x74, 0x45, 0x76, 0x74, 0x3A, 0x77, 0x68, 0x65, 0x6E, 0x3D, 0x22, 0x32, 0x30,
        0x32, 0x36, 0x2D, 0x30, 0x39, 0x2D, 0x31, 0x36, 0x54, 0x32, 0x32, 0x3A, 0x32, 0x37, 0x3A, 0x31,
        0x36, 0x2B, 0x30, 0x33, 0x3A, 0x30, 0x30, 0x22, 0x20, 0x73, 0x74, 0x45, 0x76, 0x74, 0x3A, 0x73,
        0x6F, 0x66, 0x74, 0x77, 0x61, 0x72, 0x65, 0x41, 0x67, 0x65, 0x6E, 0x74, 0x3D, 0x22, 0x41, 0x64,
        0x6F, 0x62, 0x65, 0x20, 0x50, 0x68, 0x6F, 0x74, 0x6F, 0x73, 0x68, 0x6F, 0x70, 0x20, 0x32, 0x36,
        0x2E, 0x38, 0x20, 0x28, 0x57, 0x69, 0x6E, 0x64, 0x6F, 0x77, 0x73, 0x29, 0x22, 0x2F, 0x3E, 0x20,
        0x3C, 0x72, 0x64, 0x66, 0x3A, 0x6C, 0x69, 0x20, 0x73, 0x74, 0x45, 0x76, 0x74, 0x3A, 0x61, 0x63,
        0x74, 0x69, 0x6F, 0x6E, 0x3D, 0x22, 0x73, 0x61, 0x76, 0x65, 0x64, 0x22, 0x20, 0x73, 0x74, 0x45,
        0x76, 0x74, 0x3A, 0x69, 0x6E, 0x73, 0x74, 0x61, 0x6E, 0x63, 0x65, 0x49, 0x44, 0x3D, 0x22, 0x78,
        0x6D, 0x70, 0x2E, 0x69, 0x69, 0x64, 0x3A, 0x36, 0x61, 0x39, 0x34, 0x34, 0x64, 0x34, 0x38, 0x2D,
        0x38, 0x37, 0x63, 0x32, 0x2D, 0x66, 0x63, 0x34, 0x39, 0x2D, 0x38, 0x39, 0x33, 0x33, 0x2D, 0x38,
        0x36, 0x38, 0x36, 0x36, 0x34, 0x30, 0x64, 0x32, 0x37, 0x31, 0x38, 0x22, 0x20, 0x73, 0x74, 0x45,
        0x76, 0x74, 0x3A, 0x77, 0x68, 0x65, 0x6E, 0x3D, 0x22, 0x32, 0x30, 0x32, 0x36, 0x2D, 0x30, 0x39,
        0x2D, 0x31, 0x36, 0x54, 0x32, 0x32, 0x3A, 0x32, 0x37, 0x3A, 0x31, 0x36, 0x2B, 0x30, 0x33, 0x3A,
        0x30, 0x30, 0x22, 0x20, 0x73, 0x74, 0x45, 0x76, 0x74, 0x3A, 0x73, 0x6F, 0x66, 0x74, 0x77, 0x61,
        0x72, 0x65, 0x41, 0x67, 0x65, 0x6E, 0x74, 0x3D, 0x22, 0x41, 0x64, 0x6F, 0x62, 0x65, 0x20, 0x50,
        0x68, 0x6F, 0x74, 0x6F, 0x73, 0x68, 0x6F, 0x70, 0x20, 0x32, 0x36, 0x2E, 0x38, 0x20, 0x28, 0x57,
        0x69, 0x6E, 0x64, 0x6F, 0x77, 0x73, 0x29, 0x22, 0x20, 0x73, 0x74, 0x45, 0x76, 0x74, 0x3A, 0x63,
        0x68, 0x61, 0x6E, 0x67, 0x65, 0x64, 0x3D, 0x22, 0x2F, 0x22, 0x2F, 0x3E, 0x20, 0x3C, 0x2F, 0x72,
        0x64, 0x66, 0x3A, 0x53, 0x65, 0x71, 0x3E, 0x20, 0x3C, 0x2F, 0x78, 0x6D, 0x70, 0x4D, 0x4D, 0x3A,
        0x48, 0x69, 0x73, 0x74, 0x6F, 0x72, 0x79, 0x3E, 0x20, 0x3C, 0x70, 0x68, 0x6F, 0x74, 0x6F, 0x73,
        0x68, 0x6F, 0x70, 0x3A, 0x54, 0x65, 0x78, 0x74, 0x4C, 0x61, 0x79, 0x65, 0x72, 0x73, 0x3E, 0x20,
        0x3C, 0x72, 0x64, 0x66, 0x3A, 0x42, 0x61, 0x67, 0x3E, 0x20, 0x3C, 0x72, 0x64, 0x66, 0x3A, 0x6C,
        0x69, 0x20, 0x70, 0x68, 0x6F, 0x74, 0x6F, 0x73, 0x68, 0x6F, 0x70, 0x3A, 0x4C, 0x61, 0x79, 0x65,
        0x72, 0x4E, 0x61, 0x6D, 0x65, 0x3D, 0x22, 0xD0, 0x96, 0xD0, 0x90, 0xD0, 0x91, 0xD0, 0x9D, 0xD0,
        0x90, 0xD0, 0xAF, 0x20, 0xD0, 0x91, 0xD0, 0xA0, 0xD0, 0x90, 0xD0, 0xA2, 0xD0, 0x92, 0xD0, 0x90,
        0x22, 0x20, 0x70, 0x68, 0x6F, 0x74, 0x6F, 0x73, 0x68, 0x6F, 0x70, 0x3A, 0x4C, 0x61, 0x79, 0x65,
        0x72, 0x54, 0x65, 0x78, 0x74, 0x3D, 0x22, 0xD0, 0x96, 0xD0, 0x90, 0xD0, 0x91, 0xD0, 0x9D, 0xD0,
        0x90, 0xD0, 0xAF, 0x20, 0xD0, 0x91, 0xD0, 0xA0, 0xD0, 0x90, 0xD0, 0xA2, 0xD0, 0x92, 0xD0, 0x90,
        0x22, 0x2F, 0x3E, 0x20, 0x3C, 0x2F, 0x72, 0x64, 0x66, 0x3A, 0x42, 0x61, 0x67, 0x3E, 0x20, 0x3C,
        0x2F, 0x70, 0x68, 0x6F, 0x74, 0x6F, 0x73, 0x68, 0x6F, 0x70, 0x3A, 0x54, 0x65, 0x78, 0x74, 0x4C,
        0x61, 0x79, 0x65, 0x72, 0x73, 0x3E, 0x20, 0x3C, 0x2F, 0x72, 0x64, 0x66, 0x3A, 0x44, 0x65, 0x73,
        0x63, 0x72, 0x69, 0x70, 0x74, 0x69, 0x6F, 0x6E, 0x3E, 0x20, 0x3C, 0x2F, 0x72, 0x64, 0x66, 0x3A,
        0x52, 0x44, 0x46, 0x3E, 0x20, 0x3C, 0x2F, 0x78, 0x3A, 0x78, 0x6D, 0x70, 0x6D, 0x65, 0x74, 0x61,
        0x3E, 0x20, 0x3C, 0x3F, 0x78, 0x70, 0x61, 0x63, 0x6B, 0x65, 0x74, 0x20, 0x65, 0x6E, 0x64, 0x3D,
        0x22, 0x72, 0x22, 0x3F, 0x3E, 0x75, 0x10, 0xB4, 0xCE, 0x00, 0x00, 0x4A, 0x6D, 0x49, 0x44, 0x41,
        0x54, 0x78, 0xDA, 0xED, 0xBD, 0x79, 0x94, 0x1D, 0xD7, 0x79, 0x1F, 0xF8, 0xFB, 0xEE, 0xAD, 0xAA,
        0x57, 0x6F, 0xED, 0xBD, 0x1B, 0x4B, 0x37, 0x40, 0xEC, 0x24, 0x40, 0x2C, 0xDC, 0x44, 0x8A, 0x20,
        0x45, 0x51, 0x94, 0x28, 0x52, 0xA4, 0x24, 0xCB, 0xA2, 0xB6, 0x38, 0x73, 0x62, 0x2D, 0xA6, 0x13,
        0xC5, 0x39, 0x90, 0x93, 0xF8, 0x4C, 0x96, 0xB1, 0xA3, 0x8C, 0x93, 0xE3, 0x78, 0x3C, 0xD1, 0x11,
        0x33, 0xCE, 0x22, 0x8C, 0x25, 0x7B, 0x8E, 0x95, 0xD8, 0x51, 0x24, 0x59, 0xB2, 0x49, 0x8B, 0x22,
        0x25, 0x91, 0x12, 0x09, 0x12, 0x20, 0x09, 0x2E, 0x20, 0xB1, 0xEF, 0xDD, 0x8D, 0x46, 0xAF, 0xAF,
        0xFB, 0xED, 0xAF, 0xAA, 0xEE, 0xBD, 0xDF, 0xFC, 0x51, 0xF5, 0x1A, 0x85, 0xC7, 0xEE, 0x46, 0x83,
        0x68, 0x88, 0x94, 0xF5, 0x3E, 0x9E, 0x22, 0xBA, 0xFB, 0xD5, 0xAB, 0xBA, 0x75, 0xEB, 0xFE, 0xBE,
        0xFD, 0xFB, 0x2E, 0xE1, 0xE7, 0x48, 0x76, 0x42, 0x90, 0xD1, 0x80, 0x56, 0x86, 0x89, 0x04, 0x09,
        0x0B, 0x48, 0x65, 0x2C, 0x4A, 0x2F, 0x4F, 0x52, 0xE7, 0x32, 0x17, 0x6A, 0x26, 0x30, 0xC7, 0x5E,
        0xCE, 0x33, 0x5A, 0xD4, 0xA2, 0x16, 0x2D, 0x19, 0x31, 0x5F, 0x0C, 0x29, 0xBA, 0xEA, 0x40, 0xB7,
        0x05, 0x81, 0x40, 0x0C, 0x10, 0x1B, 0x06, 0x6B, 0xE6, 0xDE, 0x55, 0x99, 0xF4, 0xAD, 0xEF, 0xE9,
        0xED, 0x9D, 0x9E, 0xD6, 0x58, 0xBE, 0x2A, 0x61, 0x74, 0x56, 0x52, 0x47, 0x57, 0x42, 0x6F, 0x19,
        0x70, 0x6B, 0x2F, 0xFF, 0x6C, 0xAC, 0xF4, 0xDD, 0x6F, 0x0E, 0xD7, 0xCB, 0xA5, 0xA0, 0x05, 0xFE,
        0x16, 0xB5, 0xE8, 0x2A, 0x80, 0xDE, 0xBA, 0x9A, 0x37, 0x93, 0x96, 0x20, 0x00, 0x02, 0x80, 0x24,
        0x22, 0xA9, 0xB4, 0xF1, 0xDB, 0x3A, 0x9C, 0xDC, 0xDF, 0xFB, 0xDC, 0x9A, 0x07, 0x1E, 0x78, 0x68,
        0xD5, 0x8D, 0x47, 0x4E, 0xD7, 0x7C, 0x26, 0x54, 0x7B, 0x3A, 0x93, 0xB5, 0x65, 0x9D, 0x6E, 0x39,
        0x9B, 0x08, 0x0A, 0xF9, 0xA1, 0xD2, 0x21, 0x22, 0x3E, 0x0C, 0x20, 0xB0, 0x6C, 0x01, 0x15, 0x98,
        0x16, 0xF8, 0x5B, 0xD4, 0xA2, 0x25, 0xA4, 0xAB, 0x06, 0x7A, 0xCB, 0x8E, 0x00, 0x4F, 0x90, 0x44,
        0x64, 0x1B, 0xC3, 0x00, 0x23, 0xB1, 0x6A, 0x53, 0xDB, 0xDD, 0x37, 0xDC, 0xD9, 0xF5, 0x8F, 0xB3,
        0x1D, 0x68, 0x4B, 0x4C, 0xE9, 0xEA, 0x64, 0x21, 0xA8, 0x26, 0x6A, 0xA2, 0xBE, 0x8C, 0x12, 0xFA,
        0xE4, 0xF1, 0xEA, 0xA1, 0x3D, 0x4F, 0x4F, 0x0D, 0x56, 0xAB, 0x5A, 0x08, 0x01, 0x49, 0x04, 0xB6,
        0x1D, 0x61, 0x02, 0xBF, 0x05, 0xFC, 0x16, 0xB5, 0xE8, 0x1D, 0x0F, 0x7A, 0x30, 0x08, 0x02, 0x82,
        0x89, 0x2C, 0x66, 0x08, 0x13, 0x18, 0xBF, 0x7B, 0x79, 0x72, 0xD3, 0xF6, 0xBB, 0x7A, 0xFE, 0xFE,
        0x84, 0xA7, 0x37, 0x8B, 0xB3, 0xA5, 0x7A, 0xA9, 0x50, 0x6D, 0x9F, 0x9C, 0x52, 0xC1, 0xF9, 0xB1,
        0x3A, 0x9D, 0x3C, 0x5B, 0x2A, 0x9F, 0xD8, 0x9B, 0xDF, 0xBF, 0x7F, 0xEF, 0xF4, 0xA8, 0xD6, 0x20,
        0xCB, 0x91, 0x09, 0x80, 0x35, 0x18, 0xDA, 0x76, 0x84, 0x66, 0x06, 0xB7, 0xA4, 0x7E, 0x8B, 0x5A,
        0xF4, 0x0E, 0x05, 0x7D, 0xA4, 0xD6, 0x37, 0x54, 0x7B, 0xA1, 0x03, 0xF6, 0x6C, 0x57, 0xE6, 0x36,
        0xDC, 0xDC, 0x7E, 0xEF, 0x35, 0xDB, 0xB3, 0x77, 0x55, 0x7C, 0x16, 0x42, 0x38, 0x89, 0xFE, 0x3E,
        0x17, 0x81, 0xF2, 0xF4, 0xF9, 0xBC, 0x4E, 0xBC, 0xBC, 0x6F, 0xFC, 0xD0, 0xCB, 0x4F, 0x8C, 0x3F,
        0x5F, 0xA9, 0xA8, 0x72, 0xC2, 0x95, 0x69, 0x80, 0x95, 0x31, 0x10, 0xB3, 0x7E, 0x07, 0x86, 0x16,
        0x92, 0x60, 0x34, 0xB7, 0x80, 0xDF, 0xA2, 0x16, 0x5D, 0x01, 0x89, 0xAB, 0x78, 0xED, 0x10, 0xF4,
        0x86, 0x0D, 0xB3, 0xF1, 0xBB, 0x07, 0x92, 0x5B, 0x57, 0xED, 0xC8, 0x7E, 0x54, 0x5B, 0x3A, 0xEB,
        0x26, 0x58, 0xDB, 0x96, 0xE0, 0x4C, 0xC6, 0xC6, 0xA6, 0x75, 0x29, 0xBB, 0x37, 0x23, 0x67, 0x4A,
        0xC3, 0xF5, 0x17, 0x6A, 0x93, 0xC1, 0x71, 0xC7, 0x11, 0xAE, 0x94, 0x70, 0x85, 0x10, 0xAE, 0x10,
        0x94, 0x20, 0x41, 0x36, 0x81, 0x6C, 0x06, 0x5B, 0x44, 0x10, 0xD2, 0x22, 0x6A, 0xBD, 0xB6, 0x16,
        0xB5, 0xE8, 0x1D, 0x26, 0xE9, 0x89, 0x18, 0x00, 0x11, 0x18, 0x50, 0x81, 0xF1, 0x12, 0x69, 0x6B,
        0xE5, 0x8A, 0xEB, 0x32, 0x1F, 0xCA, 0x2E, 0xB3, 0x6F, 0xA8, 0x56, 0x83, 0x6A, 0x26, 0x45, 0xC1,
        0xE9, 0x31, 0x2D, 0x85, 0x0F, 0x2C, 0xEB, 0xB3, 0x83, 0xC2, 0x68, 0xED, 0xE5, 0x89, 0x33, 0xD5,
        0x17, 0x8D, 0x66, 0xDF, 0x72, 0x84, 0xAD, 0x02, 0x1D, 0x68, 0x6D, 0x7C, 0x00, 0x92, 0x00, 0x11,
        0x28, 0x13, 0x08, 0x9B, 0x34, 0x6B, 0x26, 0x30, 0x84, 0xB4, 0x04, 0x83, 0x99, 0x75, 0x4B, 0xEA,
        0xB7, 0xA8, 0x45, 0xEF, 0x0C, 0xD0, 0x33, 0x83, 0x88, 0x40, 0x20, 0x10, 0x09, 0xB2, 0x7A, 0xD6,
        0xA4, 0x77, 0xB6, 0xAD, 0x48, 0xBD, 0xB7, 0x94, 0xD7, 0xF5, 0xCE, 0x76, 0x4B, 0xC1, 0x32, 0x18,
        0x3A, 0xA3, 0x30, 0x7A, 0x52, 0x21, 0x61, 0xA9, 0x91, 0x33, 0x6F, 0xCC, 0xBC, 0x94, 0x1F, 0xF3,
        0xCF, 0x49, 0x8B, 0x2C, 0x12, 0x90, 0x76, 0x42, 0xE4, 0xE0, 0x1B, 0x27, 0xA8, 0x73, 0x49, 0x08,
        0x50, 0x32, 0x6B, 0xF7, 0x19, 0xC3, 0x95, 0x5A, 0x29, 0x28, 0x02, 0x04, 0x29, 0x59, 0x00, 0x60,
        0x29, 0x89, 0x19, 0x98, 0x05, 0x7E, 0x4B, 0xF5, 0x6F, 0x51, 0x8B, 0xDE, 0x06, 0xD0, 0x0B, 0x49,
        0x0D, 0x7B, 0x9E, 0x60, 0xC0, 0xB6, 0x23, 0xD2, 0x6E, 0xDA, 0x5E, 0xCD, 0x90, 0x39, 0x1D, 0xA0,
        0xE2, 0x24, 0xE0, 0xA8, 0x1A, 0x61, 0xF8, 0x80, 0x51, 0xE7, 0x87, 0xBC, 0x7A, 0xCD, 0xAB, 0x0E,
        0x17, 0xC6, 0xFC, 0x7A, 0x22, 0x63, 0xF7, 0xDB, 0x2E, 0x15, 0x18, 0x24, 0xBA, 0xAF, 0x49, 0x6D,
        0xCD, 0x64, 0x65, 0xF6, 0xDC, 0x91, 0xCA, 0xB3, 0x85, 0x7C, 0x30, 0xB3, 0xE3, 0xEE, 0xCE, 0x5F,
        0x71, 0x12, 0xE0, 0x83, 0xCF, 0x15, 0x1E, 0x1D, 0x1B, 0xAC, 0xBE, 0xA1, 0x35, 0x07, 0x42, 0x90,
        0x45, 0x02, 0x82, 0xC2, 0x30, 0x24, 0x13, 0x00, 0x29, 0x29, 0xB4, 0xFE, 0x43, 0x75, 0x23, 0xCE,
        0x85, 0x66, 0x99, 0x41, 0x4B, 0x3B, 0x68, 0x51, 0x0B, 0xF4, 0x57, 0x47, 0xD2, 0x83, 0x01, 0x16,
        0x00, 0xDB, 0x96, 0x48, 0x0B, 0x16, 0x29, 0x0B, 0x64, 0xD2, 0x1D, 0x96, 0xAC, 0x29, 0x21, 0xCE,
        0x1F, 0x31, 0x66, 0xE2, 0x6C, 0xA0, 0xEB, 0xB5, 0xA0, 0xE8, 0xB3, 0x91, 0x6D, 0xBD, 0xEE, 0x4D,
        0xAB, 0xB7, 0xD8, 0x37, 0xC2, 0x70, 0xB5, 0x56, 0x72, 0xBC, 0x95, 0x9B, 0xD3, 0xD7, 0xED, 0xB8,
        0xBD, 0xF3, 0x9A, 0xCA, 0xB8, 0x7A, 0xE0, 0xE0, 0xBE, 0xC9, 0xE3, 0x1B, 0x6E, 0x49, 0xBF, 0x6B,
        0xC5, 0x3A, 0x77, 0xF5, 0xFA, 0x6D, 0xD9, 0xBB, 0xF6, 0x3E, 0x36, 0xF5, 0x67, 0xC7, 0x5F, 0x9D,
        0xF9, 0x51, 0xAD, 0xA2, 0xC6, 0x88, 0x41, 0x42, 0xD0, 0x05, 0x2B, 0x9F, 0x2F, 0x78, 0x13, 0x88,
        0xC2, 0x71, 0x00, 0x00, 0x09, 0x02, 0x33, 0x18, 0x0C, 0x16, 0x12, 0x4C, 0x0C, 0x06, 0xC0, 0xDA,
        0xB4, 0x18, 0x40, 0x8B, 0x5A, 0xA0, 0x5F, 0x12, 0x93, 0x3E, 0x92, 0xB3, 0x04, 0x02, 0xAC, 0x84,
        0xEC, 0x71, 0x53, 0xF6, 0xB2, 0x4C, 0xBB, 0xED, 0x26, 0xDB, 0xA4, 0x9C, 0x3E, 0x4F, 0x74, 0xEE,
        0x80, 0x46, 0xBD, 0xAC, 0x59, 0x24, 0xD9, 0x4E, 0xD8, 0xD6, 0xCA, 0xF5, 0x9B, 0xC5, 0x86, 0x3B,
        0xDE, 0xB3, 0x39, 0x5D, 0x99, 0xCC, 0xF0, 0xDF, 0xFE, 0xAF, 0x37, 0x70, 0x76, 0x7F, 0x35, 0x75,
        0xFD, 0xE6, 0xAE, 0xEC, 0xC6, 0xED, 0xD9, 0x6B, 0xBA, 0x07, 0xE8, 0x46, 0x86, 0x26, 0x3B, 0x41,
        0x72, 0xD3, 0x2D, 0xB9, 0xBB, 0x7B, 0x56, 0x26, 0x37, 0x1C, 0x7B, 0x25, 0x77, 0xDF, 0x4B, 0x4F,
        0x4C, 0xFD, 0xF9, 0xD9, 0x23, 0xC5, 0x9F, 0x81, 0x40, 0x42, 0x80, 0xA2, 0x60, 0x1E, 0x13, 0x45,
        0x32, 0x3E, 0x12, 0xFA, 0xCC, 0xA1, 0x83, 0x41, 0x50, 0x08, 0x74, 0xC3, 0x30, 0x0C, 0x18, 0x00,
        0x46, 0x08, 0x32, 0xA6, 0x05, 0xFC, 0x16, 0xFD, 0x92, 0x91, 0x5C, 0x52, 0xD5, 0x5E, 0x10, 0x81,
        0x20, 0x88, 0x20, 0x98, 0xC1, 0x52, 0x8A, 0x54, 0xE7, 0xB2, 0xD4, 0xBB, 0xBB, 0xD6, 0xE4, 0xEE,
        0xB5, 0xBB, 0xDC, 0x15, 0x46, 0x93, 0x28, 0x9D, 0x81, 0x28, 0x9F, 0x67, 0x4A, 0xF7, 0x09, 0xA4,
        0x97, 0x0B, 0xB7, 0xAD, 0x57, 0x64, 0xB6, 0x6E, 0x4F, 0xA5, 0xFF, 0xC1, 0x87, 0xBF, 0x98, 0xA4,
        0xC9, 0x2D, 0xC9, 0x3F, 0xF9, 0xE3, 0xFF, 0x99, 0x3E, 0x73, 0xA8, 0x24, 0x47, 0x8F, 0x07, 0x46,
        0x26, 0x0C, 0x77, 0xAD, 0x94, 0x16, 0x08, 0xAA, 0x5E, 0x34, 0x3E, 0x00, 0xA4, 0xB2, 0x56, 0xE7,
        0xCA, 0x35, 0xA9, 0xCD, 0x2B, 0xD6, 0xA6, 0x36, 0x29, 0x65, 0x50, 0x9C, 0xD6, 0x79, 0xE5, 0xB3,
        0x47, 0x82, 0x04, 0x11, 0x09, 0x21, 0x48, 0x08, 0x22, 0x9B, 0x24, 0xD9, 0x00, 0x48, 0x05, 0x26,
        0x20, 0x22, 0x49, 0x92, 0x2C, 0x50, 0x68, 0x7A, 0x30, 0x11, 0x51, 0xA4, 0x1E, 0x10, 0x11, 0x5A,
        0xB0, 0x6F, 0xD1, 0xDF, 0x65, 0xFA, 0xF2, 0x97, 0xBF, 0x7C, 0x55, 0x25, 0x7D, 0x08, 0x2A, 0x06,
        0x88, 0x20, 0x92, 0x69, 0x6B, 0x45, 0xB6, 0x2F, 0xB9, 0x35, 0xD1, 0x65, 0xF7, 0x57, 0x3D, 0x63,
        0xF9, 0x63, 0x30, 0x56, 0x20, 0xC8, 0xED, 0x16, 0x72, 0xF5, 0x0D, 0xB6, 0x4C, 0x77, 0x4A, 0x61,
        0xDB, 0x35, 0xBE, 0xFB, 0xD6, 0x7B, 0x28, 0xE5, 0x6F, 0xC3, 0x9E, 0x1F, 0xFD, 0x15, 0x4F, 0x8C,
        0x95, 0x34, 0xE0, 0xC8, 0x73, 0x67, 0xCA, 0xA8, 0x54, 0xB2, 0xCA, 0xAB, 0x69, 0x48, 0x1B, 0x20,
        0x82, 0x15, 0x78, 0x1C, 0x78, 0xDA, 0x78, 0xA9, 0x8C, 0xED, 0xAE, 0x58, 0x97, 0xDA, 0x32, 0x70,
        0x6D, 0xE6, 0x3D, 0x67, 0x0E, 0x57, 0x5F, 0xF7, 0x2A, 0xBA, 0x2C, 0x24, 0x34, 0x33, 0x4C, 0x43,
        0xC6, 0xAB, 0x80, 0x95, 0xED, 0x88, 0xB6, 0xAE, 0x3E, 0x77, 0xED, 0xF4, 0xB8, 0x77, 0xDE, 0xF7,
        0x4C, 0x41, 0x4A, 0x61, 0x11, 0xC1, 0x16, 0x0C, 0xC5, 0x00, 0x13, 0xD0, 0xCA, 0xF6, 0x69, 0x51,
        0x4B, 0xBD, 0xBF, 0x22, 0x29, 0x7F, 0x01, 0xF8, 0x70, 0x5C, 0xD1, 0xD1, 0xD6, 0xE3, 0xDE, 0x60,
        0xBB, 0xCE, 0x96, 0x6A, 0x49, 0x64, 0xB3, 0x2E, 0xC1, 0x6D, 0x67, 0x29, 0x73, 0x10, 0x3D, 0x6D,
        0x52, 0x5E, 0xB3, 0x89, 0x29, 0x95, 0x92, 0x58, 0xDE, 0xB6, 0x8E, 0x6F, 0x5D, 0xF3, 0x51, 0x7A,
        0xFC, 0x3B, 0xAF, 0xD3, 0xD7, 0xBF, 0xB9, 0x9B, 0x08, 0x8E, 0xC8, 0x64, 0x5C, 0xBA, 0xED, 0xA3,
        0x9D, 0xBC, 0xE9, 0xD6, 0xB4, 0x48, 0xA4, 0x05, 0x82, 0xBA, 0x06, 0x13, 0x33, 0x18, 0xC4, 0x4C,
        0x5C, 0xAF, 0x99, 0x5A, 0xAD, 0xAA, 0xBC, 0xC0, 0x13, 0x29, 0x21, 0x45, 0x4E, 0xDA, 0x22, 0x49,
        0x04, 0xCD, 0xCC, 0x1A, 0xCC, 0x6C, 0x18, 0x8A, 0x19, 0x89, 0x35, 0x9B, 0x72, 0x37, 0xDD, 0xFD,
        0xC0, 0xF2, 0x0F, 0x1F, 0x3D, 0x38, 0xF3, 0xFA, 0x2B, 0xCF, 0x4F, 0xFD, 0xB8, 0x30, 0x11, 0x0C,
        0x43, 0x20, 0x64, 0x0D, 0x66, 0x36, 0x79, 0xC8, 0xC4, 0xBC, 0x01, 0x2D, 0x6A, 0x51, 0x0B, 0xF4,
        0x97, 0x21, 0xE3, 0x09, 0x61, 0x5C, 0x9D, 0x20, 0x20, 0x9D, 0x84, 0xEC, 0x70, 0xB3, 0xD6, 0x0A,
        0xAD, 0x44, 0x97, 0x2A, 0x41, 0xF6, 0x6D, 0xB4, 0xB8, 0x7F, 0xA3, 0x14, 0x55, 0x1F, 0xD6, 0xC0,
        0x72, 0x21, 0xDD, 0x44, 0x40, 0x04, 0xE2, 0xF6, 0xD4, 0x00, 0xBD, 0xFE, 0xDA, 0x08, 0xFF, 0xF7,
        0x6F, 0xFE, 0x35, 0xCE, 0x8F, 0x9C, 0xA7, 0x94, 0xD3, 0x25, 0xFA, 0x37, 0xD8, 0xB8, 0xE3, 0x63,
        0x9D, 0xD4, 0xD6, 0x6B, 0xC1, 0xAB, 0x29, 0x08, 0x2B, 0x74, 0xC4, 0x69, 0x90, 0x20, 0x66, 0x61,
        0x60, 0x4C, 0x32, 0x6B, 0xDB, 0x6B, 0x36, 0x67, 0x57, 0x8D, 0x9C, 0xAC, 0xDE, 0x7C, 0xFA, 0x60,
        0xB1, 0xE8, 0x57, 0xD5, 0x38, 0x09, 0x08, 0xB0, 0x30, 0x5E, 0x55, 0x73, 0xB6, 0xDD, 0x5E, 0x7E,
        0xF7, 0x07, 0x07, 0xDE, 0xFF, 0xD0, 0xC7, 0xAF, 0xB9, 0x77, 0xFF, 0xFA, 0x89, 0xEB, 0xA7, 0xAB,
        0x46, 0x1C, 0x79, 0x31, 0xFF, 0x03, 0x5D, 0x51, 0xE3, 0x01, 0x38, 0x0C, 0x28, 0x82, 0x18, 0x2D,
        0xE5, 0xBE, 0x45, 0xBF, 0x64, 0xB4, 0x24, 0x19, 0x79, 0xB1, 0x30, 0x9D, 0x20, 0x41, 0x52, 0x10,
        0xD9, 0x5A, 0xB3, 0x57, 0xAF, 0x06, 0xE7, 0x8D, 0xD6, 0xA3, 0xCB, 0xFA, 0xE1, 0x6D, 0xB8, 0x96,
        0xC4, 0xEA, 0x95, 0xD2, 0x5A, 0xBD, 0x5C, 0x8A, 0xB4, 0x0B, 0x61, 0xB4, 0x14, 0x4A, 0x0B, 0x3A,
        0x37, 0x3D, 0x2C, 0xFE, 0xF6, 0x85, 0xBF, 0x14, 0xC7, 0xCE, 0xBF, 0x22, 0x81, 0xA4, 0x4C, 0xE5,
        0x88, 0x6E, 0xFD, 0x48, 0x07, 0x75, 0xAF, 0xB2, 0x49, 0xF9, 0x8A, 0x8C, 0x66, 0x22, 0xC9, 0x44,
        0x92, 0x48, 0x5A, 0x24, 0x2D, 0x57, 0xD8, 0xB5, 0x22, 0x8B, 0xF2, 0x98, 0x71, 0x96, 0x5F, 0x93,
        0x1C, 0x58, 0xBE, 0xCE, 0xBD, 0xCD, 0xCD, 0x58, 0xFD, 0x24, 0x84, 0x45, 0x24, 0x24, 0x40, 0x64,
        0xD9, 0x22, 0xD7, 0x3D, 0xE0, 0x6E, 0xEB, 0x5F, 0x97, 0xD9, 0xDC, 0x99, 0xCB, 0x8A, 0x75, 0x6B,
        0x3B, 0x7B, 0x97, 0xAF, 0xCB, 0x5C, 0x9F, 0xCC, 0x59, 0x7D, 0x44, 0x44, 0xC4, 0x11, 0xD8, 0x5B,
        0x78, 0x6F, 0x51, 0x4B, 0xD2, 0xBF, 0x05, 0x01, 0x2F, 0x2E, 0xC4, 0xE5, 0x1B, 0xBE, 0x31, 0x30,
        0x8C, 0x5F, 0xD3, 0xF9, 0xE2, 0x58, 0xFD, 0x45, 0xDB, 0x71, 0xBB, 0x1D, 0x2B, 0xD5, 0xEF, 0x79,
        0x7A, 0x53, 0xB1, 0x00, 0x3B, 0x9D, 0xB6, 0x85, 0xF2, 0x01, 0x66, 0x02, 0x09, 0x92, 0xE3, 0x33,
        0x23, 0x6C, 0x0D, 0x28, 0xBA, 0xE3, 0xD3, 0x0E, 0xDC, 0x6C, 0x0F, 0x92, 0x59, 0xC6, 0x75, 0xB7,
        0x65, 0xE0, 0xD5, 0x34, 0x54, 0xC0, 0x8D, 0xC4, 0x3E, 0x68, 0x06, 0x92, 0x19, 0x42, 0xB5, 0xC0,
        0xE2, 0xE0, 0xB3, 0x15, 0xE7, 0xD4, 0x4B, 0x65, 0xD1, 0xBF, 0xC5, 0xD2, 0x85, 0xB2, 0x72, 0x99,
        0x90, 0x94, 0xB6, 0x48, 0x11, 0x41, 0x31, 0x33, 0xDA, 0x57, 0x24, 0x36, 0xB6, 0xAD, 0x4E, 0xDC,
        0x7A, 0x70, 0x78, 0xA6, 0xAD, 0xF7, 0xF8, 0xA4, 0x59, 0xB1, 0xCC, 0xCD, 0xF6, 0xF5, 0xBA, 0x9B,
        0x84, 0x44, 0xA7, 0xD2, 0x86, 0x23, 0xF7, 0x3E, 0x71, 0xE8, 0xDE, 0x6F, 0xAD, 0x82, 0x16, 0xFD,
        0x52, 0xD1, 0x15, 0x7B, 0xEF, 0x45, 0x98, 0x7B, 0x27, 0xC3, 0x1F, 0x61, 0x51, 0xC3, 0x43, 0x0E,
        0xB0, 0x52, 0x5C, 0xB1, 0x24, 0xAC, 0xBA, 0x72, 0xD6, 0xD5, 0x8C, 0xBB, 0xA6, 0xB3, 0xDB, 0x76,
        0x52, 0x29, 0x12, 0x3A, 0x74, 0x9F, 0x11, 0x33, 0x83, 0x59, 0x90, 0xED, 0x48, 0x5A, 0x36, 0x90,
        0xA4, 0x0D, 0x37, 0x64, 0xB0, 0x62, 0x83, 0x4B, 0x76, 0x92, 0xA0, 0x7C, 0x13, 0x5A, 0xDA, 0x04,
        0x80, 0x04, 0x88, 0xC0, 0xC9, 0xAC, 0x85, 0xD3, 0xAF, 0xD5, 0xB0, 0xE7, 0xDB, 0x79, 0x1A, 0x3A,
        0x52, 0x12, 0x53, 0x23, 0x01, 0x6D, 0xDA, 0xBC, 0x46, 0x1B, 0x15, 0x9C, 0xAE, 0x54, 0x6A, 0x53,
        0x24, 0x48, 0xB6, 0x75, 0x27, 0x56, 0xAD, 0xDA, 0x92, 0x79, 0x77, 0xD7, 0xEA, 0xE4, 0x56, 0x99,
        0x96, 0x7D, 0x01, 0xB3, 0x5B, 0xA9, 0x7A, 0xA2, 0x56, 0x09, 0x32, 0xE3, 0x43, 0xB5, 0xA1, 0x99,
        0x49, 0xFF, 0x98, 0x56, 0x5C, 0x22, 0x40, 0x03, 0x6C, 0xC0, 0x6F, 0xEA, 0x31, 0xD0, 0xA2, 0x16,
        0xFD, 0x9D, 0xA2, 0x25, 0xF5, 0xDE, 0x8B, 0xB8, 0x94, 0x07, 0x28, 0x9E, 0x05, 0x47, 0x20, 0x22,
        0x06, 0xCA, 0x05, 0xFF, 0x9C, 0x3D, 0x5D, 0x1F, 0xB2, 0xA5, 0xD6, 0xD9, 0xB4, 0x10, 0x46, 0x03,
        0xC6, 0x10, 0xCD, 0x1A, 0x16, 0x0C, 0xC0, 0x07, 0xF9, 0x81, 0x86, 0xB4, 0x09, 0xE9, 0x36, 0x01,
        0xED, 0x1B, 0x22, 0x02, 0x8B, 0xA8, 0xC6, 0x8E, 0x8D, 0x46, 0x47, 0x5F, 0x82, 0x26, 0x46, 0x14,
        0x5E, 0xFD, 0x51, 0x11, 0x93, 0xE7, 0xAA, 0x20, 0xDB, 0x98, 0xAD, 0xDB, 0x76, 0xD0, 0xAE, 0x7F,
        0xF4, 0x89, 0x65, 0x2F, 0x1C, 0x78, 0xFA, 0x9E, 0x3F, 0xFD, 0x93, 0x27, 0xCA, 0xE3, 0xA3, 0xFE,
        0xD9, 0x81, 0x8D, 0xE9, 0xEB, 0xDF, 0x75, 0x77, 0xEF, 0x2D, 0x6D, 0x5D, 0xC9, 0x01, 0x43, 0x48,
        0x7A, 0xBE, 0x96, 0xA9, 0x24, 0xE4, 0x9D, 0x3B, 0xBB, 0xDB, 0x50, 0xD6, 0x77, 0xE4, 0xCF, 0xD5,
        0xF6, 0x9C, 0x3F, 0x53, 0x3D, 0x27, 0x04, 0x0C, 0x00, 0x34, 0xC5, 0xE9, 0xE3, 0xD5, 0x81, 0x04,
        0x40, 0x47, 0x23, 0xE4, 0x39, 0xBD, 0x18, 0x17, 0xFF, 0x3B, 0x1F, 0x35, 0xBE, 0x1F, 0xBF, 0x36,
        0xE3, 0xCD, 0x0E, 0xC4, 0xD9, 0xAA, 0xC4, 0x05, 0xEE, 0x4B, 0x31, 0xB3, 0xAC, 0xE1, 0x84, 0x34,
        0xB1, 0xFB, 0xCC, 0xEF, 0x71, 0x99, 0x7F, 0xAC, 0x7C, 0x05, 0xDF, 0x9D, 0xEF, 0x39, 0xDF, 0xCA,
        0xBD, 0x2E, 0x35, 0xF7, 0x8B, 0x1D, 0x07, 0xE6, 0x98, 0xD7, 0xCB, 0x7D, 0xE6, 0xF8, 0x78, 0x1A,
        0x82, 0x51, 0x2F, 0xF2, 0x7B, 0x7F, 0xB7, 0xD5, 0xFB, 0x46, 0xC2, 0x5B, 0xE4, 0x11, 0x43, 0x18,
        0xF1, 0x0E, 0x65, 0x3D, 0x11, 0xC0, 0x04, 0xAE, 0x96, 0xD4, 0xC4, 0xFA, 0x4E, 0x94, 0xAE, 0xDD,
        0x62, 0xBB, 0x89, 0x24, 0x93, 0xD6, 0xA1, 0x35, 0x4D, 0x9A, 0xC2, 0x2B, 0x10, 0x13, 0xB3, 0x40,
        0x98, 0x1D, 0xCB, 0x00, 0x31, 0x44, 0xA8, 0xD2, 0x93, 0x66, 0xC3, 0xC2, 0x10, 0xA4, 0x4D, 0xD0,
        0x0A, 0x78, 0xF5, 0xC9, 0x02, 0x5E, 0x7F, 0xA6, 0x80, 0x72, 0xB5, 0x8C, 0xFE, 0x81, 0x55, 0xF4,
        0x0F, 0xBF, 0xF8, 0x5B, 0xFA, 0xC6, 0x1B, 0x7A, 0xED, 0x17, 0x8E, 0x3E, 0xB5, 0x3A, 0x90, 0xD8,
        0x9A, 0xE9, 0x74, 0x3A, 0x73, 0x3D, 0xCE, 0xF6, 0xDE, 0xE5, 0xA9, 0x6B, 0xB6, 0x6E, 0xEC, 0xC9,
        0x25, 0xA4, 0xA0, 0xD3, 0x23, 0x45, 0xEE, 0x6A, 0xB7, 0xE4, 0xDA, 0x55, 0x99, 0xC4, 0x91, 0x97,
        0x0A, 0x89, 0xC0, 0x33, 0x6D, 0x00, 0xF7, 0x18, 0x83, 0x3A, 0x08, 0x55, 0x00, 0xD5, 0x08, 0x38,
        0x02, 0x80, 0x0B, 0x20, 0x03, 0x20, 0x11, 0xFD, 0xEE, 0x47, 0x9F, 0x57, 0x01, 0x04, 0x4D, 0x1A,
        0x52, 0x2A, 0x3A, 0xDF, 0x5E, 0x60, 0x8A, 0x34, 0x80, 0x1A, 0x00, 0x2F, 0x3A, 0x2F, 0x1D, 0x5D,
        0x5B, 0x01, 0x28, 0xC7, 0xEE, 0xED, 0x44, 0x9F, 0x25, 0xA3, 0x6B, 0xFB, 0x00, 0x2A, 0xD1, 0xA1,
        0x63, 0x8B, 0x30, 0x19, 0x9D, 0xE7, 0x46, 0xE7, 0x05, 0x00, 0xEA, 0xD1, 0x3D, 0xEA, 0x31, 0x06,
        0xD0, 0xCC, 0x48, 0x92, 0xD1, 0x61, 0xCF, 0x31, 0xBE, 0xC6, 0xF7, 0xFD, 0x79, 0x7C, 0x3E, 0x6E,
        0x74, 0xCF, 0x4B, 0x3D, 0x67, 0x3D, 0x7A, 0x4E, 0x31, 0xCF, 0xF9, 0x3A, 0xFA, 0xBC, 0x1E, 0xDD,
        0xCB, 0xCC, 0x71, 0x9F, 0xF9, 0xE6, 0xDE, 0x2C, 0xF0, 0x0C, 0x73, 0x2D, 0x4B, 0x15, 0x1D, 0xD6,
        0x1C, 0xE7, 0x9B, 0xD8, 0x38, 0xBC, 0x39, 0xE6, 0xAC, 0xF1, 0x7E, 0x93, 0xB1, 0x77, 0x4C, 0xD1,
        0xB9, 0x8D, 0xF1, 0xA8, 0x5F, 0x4A, 0xD0, 0x93, 0x08, 0xB1, 0x1D, 0xB3, 0xE7, 0x45, 0x98, 0x0F,
        0x17, 0x42, 0x17, 0x00, 0x74, 0x60, 0xEA, 0xB9, 0xAE, 0xC4, 0xDA, 0x8D, 0x3B, 0xB2, 0xDB, 0x96,
        0xAF, 0xB2, 0xD3, 0x41, 0x60, 0x54, 0xA8, 0x0F, 0x88, 0x59, 0xA1, 0xD0, 0xD0, 0x15, 0x24, 0x1A,
        0xE9, 0xBB, 0x04, 0x96, 0x91, 0x7D, 0x60, 0x88, 0x04, 0x09, 0x76, 0x33, 0x02, 0xC7, 0x5F, 0x2B,
        0xD3, 0xAB, 0x3F, 0x2E, 0x73, 0xA9, 0x54, 0x81, 0xE3, 0x80, 0x1E, 0x78, 0xF0, 0x01, 0xFD, 0xE0,
        0x87, 0x1E, 0xE0, 0xFD, 0x27, 0xFE, 0x42, 0x3D, 0xFD, 0xC2, 0x6B, 0x6C, 0x84, 0x5A, 0x95, 0xC9,
        0x64, 0xD2, 0xE3, 0x43, 0x41, 0xFB, 0xD9, 0xA3, 0x65, 0x5E, 0xB7, 0x22, 0x8B, 0x74, 0x57, 0x42,
        0xB0, 0xD0, 0x7C, 0x6E, 0x46, 0x51, 0xB9, 0xAC, 0xA7, 0x7F, 0xF6, 0xE3, 0xF1, 0x57, 0x66, 0x26,
        0xBD, 0x3C, 0x80, 0x76, 0x00, 0x1A, 0x8C, 0x3A, 0x80, 0x89, 0x08, 0x5C, 0x39, 0x00, 0x9D, 0xB1,
        0x45, 0xD7, 0x58, 0x40, 0xB9, 0x08, 0xA0, 0x13, 0xD1, 0x42, 0x94, 0xD1, 0x79, 0x1D, 0xD1, 0xFC,
        0xD1, 0x22, 0x16, 0x60, 0x10, 0x2D, 0x3E, 0x2B, 0x26, 0xE9, 0xB3, 0x00, 0x4A, 0xD1, 0xBD, 0xDB,
        0xA3, 0x05, 0xD6, 0x90, 0x72, 0x1C, 0x01, 0x60, 0x06, 0x40, 0x3E, 0xB6, 0xE8, 0xFB, 0xA2, 0x7F,
        0xE3, 0xE3, 0x6B, 0x2C, 0xE2, 0xC9, 0xE8, 0x7A, 0xDC, 0xC4, 0x24, 0xDA, 0xA2, 0x7B, 0xCD, 0x37,
        0x56, 0x1D, 0x8D, 0x61, 0xAC, 0x09, 0xF8, 0x22, 0xFA, 0x6E, 0x63, 0x4E, 0x2E, 0x25, 0x61, 0x75,
        0x0C, 0xCC, 0xC9, 0x79, 0x9C, 0xC4, 0x8D, 0x73, 0x0A, 0xD1, 0xA1, 0xE6, 0xB8, 0x4F, 0xF3, 0xDC,
        0x57, 0x22, 0x80, 0x76, 0x2E, 0x62, 0xBE, 0xE7, 0xD3, 0xAE, 0xE6, 0x1A, 0x47, 0x10, 0x1B, 0x47,
        0x33, 0x43, 0xEF, 0x88, 0xDD, 0xAF, 0x31, 0x9E, 0x4C, 0x34, 0x9E, 0xC6, 0x3B, 0xF9, 0x85, 0x05,
        0xFE, 0x5B, 0xF6, 0xDE, 0x53, 0x4C, 0x92, 0xD0, 0x6C, 0xB6, 0xFB, 0xEC, 0x87, 0xAC, 0x95, 0xA9,
        0x81, 0x29, 0xB1, 0xE1, 0xC6, 0xF6, 0x0F, 0x6E, 0xBA, 0x39, 0x7B, 0x17, 0xD9, 0x10, 0x4C, 0x0C,
        0x21, 0x00, 0x48, 0x0D, 0xB2, 0x18, 0x24, 0x41, 0x24, 0x09, 0x24, 0x0D, 0x48, 0x30, 0x48, 0x34,
        0x24, 0x7D, 0x78, 0x48, 0x21, 0xC0, 0x61, 0x56, 0x1D, 0xD2, 0x39, 0x89, 0xB5, 0x37, 0x38, 0xD4,
        0xD6, 0x69, 0x89, 0xDB, 0x6E, 0x79, 0x1F, 0xEF, 0xFA, 0xE2, 0x17, 0x51, 0xA9, 0x9F, 0xA4, 0xC7,
        0xF6, 0x3C, 0x2E, 0xCF, 0x4F, 0x4D, 0x50, 0x36, 0xE3, 0x66, 0x8C, 0x47, 0xB9, 0x7A, 0x89, 0xAC,
        0xE9, 0x99, 0xC0, 0x1C, 0x3F, 0x5B, 0xA2, 0x57, 0x8E, 0x4C, 0x99, 0x91, 0x7C, 0x05, 0x63, 0x85,
        0xAA, 0xF8, 0xFE, 0x77, 0x4F, 0x1F, 0x7B, 0xE1, 0x67, 0xE3, 0x2F, 0xFD, 0xDF, 0x7F, 0xF4, 0x95,
        0xCC, 0x77, 0xBF, 0xFB, 0xDD, 0xEB, 0x23, 0x10, 0xBA, 0x11, 0x20, 0x52, 0xD1, 0x8B, 0x4E, 0x02,
        0xB0, 0x76, 0xED, 0xDA, 0xD5, 0xBE, 0x67, 0xCF, 0x9E, 0xDB, 0x77, 0xED, 0xDA, 0xD5, 0x11, 0x49,
        0xE1, 0x5C, 0x74, 0x9E, 0x8C, 0x9D, 0x9B, 0x88, 0x16, 0x85, 0x5C, 0xE0, 0xB0, 0xA2, 0xF3, 0x1A,
        0x12, 0xCC, 0x7A, 0xF4, 0xD1, 0x47, 0xAF, 0xDF, 0xBD, 0x7B, 0xF7, 0xEA, 0xD8, 0x75, 0x1B, 0x80,
        0xB7, 0x01, 0xC8, 0xD8, 0x7D, 0x13, 0x11, 0x18, 0x1A, 0x00, 0xCA, 0x35, 0xC6, 0x07, 0x40, 0xEC,
        0xD9, 0xB3, 0xE7, 0xF6, 0xE8, 0x3A, 0x76, 0xF4, 0xF7, 0x6C, 0xD3, 0xFB, 0x4C, 0x00, 0xE8, 0x59,
        0xC4, 0x58, 0xED, 0xE8, 0xBB, 0xED, 0x4D, 0xDF, 0xB7, 0xE3, 0x73, 0x72, 0x89, 0xE7, 0x94, 0xD1,
        0xF3, 0xA4, 0x62, 0x52, 0x7E, 0xA1, 0x73, 0xBA, 0xA2, 0xFB, 0x59, 0xCD, 0xF7, 0x99, 0x67, 0xEE,
        0x17, 0x3B, 0xDF, 0xF1, 0x79, 0xB7, 0x17, 0x38, 0xDF, 0x89, 0xEE, 0xD7, 0x15, 0x5D, 0xDB, 0x6E,
        0x62, 0x94, 0x0D, 0x06, 0x64, 0xED, 0xDE, 0xBD, 0x7B, 0xD5, 0x9E, 0x3D, 0x7B, 0x6E, 0x8F, 0xBE,
        0x97, 0x88, 0xC6, 0x9D, 0xFC, 0x45, 0x96, 0xF4, 0x6F, 0xB9, 0x21, 0x85, 0x10, 0xD4, 0x90, 0x4A,
        0x92, 0x08, 0xB2, 0xE1, 0xBB, 0x27, 0x02, 0x31, 0xB3, 0xD1, 0x8A, 0x6B, 0xFD, 0x1B, 0xB3, 0xF7,
        0x7D, 0xE4, 0xE1, 0x55, 0xFF, 0x6E, 0xCB, 0xCE, 0xDC, 0x4D, 0x95, 0xB2, 0xF2, 0x5D, 0xE1, 0xA0,
        0x2B, 0x97, 0xA4, 0x40, 0x07, 0x98, 0xA9, 0x7A, 0x08, 0x02, 0x43, 0x60, 0x40, 0x08, 0x06, 0xB3,
        0x81, 0x36, 0xB1, 0x41, 0x31, 0x60, 0x20, 0x22, 0xB1, 0x65, 0x38, 0x95, 0x11, 0x28, 0x17, 0x6B,
        0x38, 0xF1, 0x52, 0x9D, 0x76, 0x0C, 0x7C, 0xCA, 0x7C, 0xFE, 0x33, 0x0F, 0x8B, 0x7D, 0x87, 0xFF,
        0xC2, 0xFA, 0xC1, 0x4B, 0xDF, 0xC3, 0xF4, 0x84, 0x34, 0xAF, 0xFE, 0xEC, 0xEC, 0x6B, 0xC5, 0x71,
        0xAE, 0xAC, 0xDD, 0x9E, 0xC9, 0xDD, 0x79, 0xDF, 0xBA, 0xEB, 0x0D, 0xFB, 0xC2, 0x37, 0x01, 0x14,
        0x6A, 0xF5, 0xB1, 0xA1, 0xF2, 0xB9, 0x27, 0xFE, 0x6C, 0xF0, 0x9B, 0x8F, 0xFE, 0xE5, 0x33, 0xBD,
        0xDB, 0xB6, 0x6D, 0xFB, 0x47, 0x00, 0xA0, 0xB5, 0x1E, 0x76, 0x1C, 0xE7, 0x43, 0x91, 0x74, 0x2C,
        0x37, 0x5E, 0xF4, 0xE0, 0xE0, 0xE0, 0xE7, 0x07, 0x06, 0x06, 0x76, 0x35, 0x9E, 0x33, 0x9F, 0xCF,
        0x7F, 0xBB, 0xAB, 0xAB, 0xEB, 0xCB, 0x11, 0x77, 0xCF, 0x47, 0x8B, 0xB0, 0x07, 0x80, 0x55, 0xA9,
        0x54, 0xBE, 0x96, 0x4A, 0xA5, 0x6E, 0x5B, 0x68, 0x9E, 0x86, 0x86, 0x86, 0x1E, 0x59, 0xB5, 0x6A,
        0xD5, 0x37, 0x00, 0xA0, 0x50, 0x28, 0xFC, 0x51, 0x2E, 0x97, 0xBB, 0x17, 0x00, 0xC6, 0xC7, 0xC7,
        0xBF, 0xD1, 0xD7, 0xD7, 0xF7, 0x95, 0x48, 0xF2, 0x25, 0x00, 0x08, 0xAD, 0xF5, 0x33, 0x42, 0x88,
        0x1C, 0x00, 0x1C, 0x38, 0x70, 0xE0, 0x77, 0xB6, 0x6F, 0xDF, 0xFE, 0x18, 0x80, 0xD1, 0x48, 0xFD,
        0x5E, 0x01, 0x20, 0xFD, 0xE8, 0xA3, 0x8F, 0x6E, 0x79, 0xE0, 0x81, 0x07, 0xFE, 0xA2, 0x71, 0x7D,
        0xA5, 0xD4, 0xB0, 0x6D, 0xDB, 0x8D, 0xE7, 0x18, 0x89, 0xAE, 0x67, 0xC5, 0x00, 0x6F, 0x3D, 0xFA,
        0xE8, 0xA3, 0x9B, 0xEF, 0xBC, 0xF3, 0xCE, 0xCF, 0x36, 0xEE, 0x1D, 0xA7, 0x62, 0xB1, 0xF8, 0x44,
        0x5B, 0x5B, 0xDB, 0x3F, 0x03, 0x50, 0x04, 0x70, 0x3E, 0x92, 0x7A, 0x14, 0x31, 0xAA, 0xE5, 0x73,
        0xCD, 0xC9, 0x5C, 0x14, 0x5D, 0xE7, 0x77, 0x00, 0x60, 0xF7, 0xEE, 0xDD, 0xFD, 0xBF, 0xF1, 0x1B,
        0xBF, 0xF1, 0x58, 0xF3, 0x39, 0xD5, 0x6A, 0x75, 0xEF, 0xAB, 0xAF, 0xBE, 0xFA, 0xA7, 0x3B, 0x77,
        0xEE, 0x7C, 0x2E, 0x92, 0xDE, 0x93, 0x91, 0xD4, 0x5D, 0x7E, 0x89, 0xB9, 0xD7, 0x00, 0x9C, 0xF8,
        0xFC, 0x2D, 0x44, 0xC6, 0x98, 0xA2, 0x94, 0xF2, 0xCE, 0x3D, 0x7B, 0xF6, 0xDC, 0x76, 0xFB, 0xED,
        0xB7, 0x7F, 0xAD, 0xF9, 0x73, 0xCF, 0xF3, 0x0E, 0x1D, 0x3D, 0x7A, 0xF4, 0x4F, 0xB7, 0x6F, 0xDF,
        0xFE, 0xC3, 0x48, 0x4B, 0x9A, 0x88, 0x24, 0x38, 0x00, 0x74, 0x37, 0xDE, 0x6F, 0xF3, 0xFD, 0x8E,
        0x1F, 0x3F, 0xFE, 0xFB, 0x1B, 0x37, 0x6E, 0xFC, 0x0B, 0x00, 0xE3, 0xD1, 0x5A, 0xF8, 0x85, 0xB0,
        0xEF, 0x9B, 0x3D, 0xD5, 0x6F, 0x49, 0xD2, 0x93, 0x98, 0x0D, 0xCE, 0x89, 0xE8, 0x98, 0xF5, 0xDE,
        0x81, 0x40, 0x5A, 0xA1, 0x6E, 0x27, 0x64, 0xF7, 0xF6, 0xBB, 0x3A, 0x3E, 0xB9, 0x7A, 0x4B, 0x6A,
        0xBB, 0x1F, 0x18, 0xB6, 0xD8, 0xE2, 0xBE, 0xF6, 0x2C, 0xAD, 0xEA, 0x6D, 0x47, 0x6F, 0x5B, 0x1A,
        0xC4, 0x80, 0xD6, 0x86, 0x67, 0xBF, 0x4A, 0xC4, 0x96, 0x24, 0x0E, 0x59, 0x09, 0x01, 0x16, 0x81,
        0x24, 0x20, 0x44, 0x18, 0x21, 0x08, 0xEA, 0x8C, 0x5C, 0x47, 0x02, 0xB7, 0xDC, 0xDF, 0x85, 0xAE,
        0xAD, 0xA7, 0xE8, 0xA9, 0x37, 0xFE, 0x1B, 0x06, 0x8B, 0x07, 0xD0, 0xBF, 0xDA, 0x45, 0xC6, 0x49,
        0x0B, 0xA8, 0x74, 0xBA, 0x6B, 0x20, 0xD5, 0xB1, 0xF6, 0xFA, 0x64, 0xA6, 0xBD, 0x4B, 0x08, 0x12,
        0x12, 0xB5, 0x00, 0xA8, 0x15, 0x9D, 0xDA, 0xFE, 0xC7, 0xC7, 0x9F, 0x1C, 0x3B, 0x55, 0x7D, 0x7E,
        0xCD, 0x9A, 0x35, 0xEB, 0x38, 0x2A, 0xF6, 0xB7, 0x6D, 0xBB, 0x3F, 0x36, 0x07, 0x0D, 0x09, 0x40,
        0x5D, 0x5D, 0x5D, 0xB7, 0xC6, 0x9F, 0xD5, 0x75, 0xDD, 0xFE, 0x08, 0x04, 0x76, 0xEC, 0x20, 0x00,
        0xB8, 0x14, 0xE0, 0xDF, 0x64, 0x4B, 0x59, 0x56, 0xAE, 0xF1, 0x73, 0x26, 0x93, 0xD9, 0x1C, 0x5D,
        0x67, 0x56, 0x85, 0x6C, 0x00, 0x1E, 0x00, 0x3A, 0x3A, 0x3A, 0xFA, 0x63, 0xEA, 0x66, 0xE3, 0xC0,
        0xB6, 0x6D, 0xDB, 0x6E, 0x6B, 0xBA, 0x66, 0x7F, 0xCC, 0x54, 0x6B, 0xA8, 0xBF, 0xA9, 0x88, 0x39,
        0xC9, 0xDD, 0xBB, 0x77, 0xF7, 0xDF, 0x7F, 0xFF, 0xFD, 0x5F, 0x9B, 0x0F, 0x2C, 0xD1, 0xDF, 0xA9,
        0x49, 0x95, 0x45, 0x4C, 0x5A, 0xBF, 0x69, 0x4E, 0x2E, 0xF5, 0x6C, 0xF7, 0xDD, 0x77, 0xDF, 0x9C,
        0xF7, 0x4A, 0xA5, 0x52, 0xB7, 0xDD, 0x7E, 0xFB, 0xED, 0x5F, 0x8B, 0x24, 0x67, 0x22, 0xD2, 0x30,
        0xDC, 0x4B, 0xCC, 0x7D, 0xE3, 0xFD, 0x5C, 0x74, 0x8F, 0x85, 0x05, 0x92, 0xC8, 0xED, 0xDA, 0xB5,
        0x2B, 0x37, 0x30, 0x30, 0xB0, 0x79, 0xAE, 0xCF, 0x13, 0x89, 0xC4, 0xE6, 0x6D, 0xDB, 0xB6, 0xFD,
        0xD1, 0xB1, 0x63, 0xC7, 0x3E, 0x11, 0xD3, 0x26, 0x1A, 0xCF, 0x3F, 0xFB, 0x7E, 0x9B, 0xE7, 0xCC,
        0x75, 0xDD, 0x5C, 0x74, 0x8E, 0x85, 0x9F, 0x43, 0xFB, 0xF8, 0x77, 0x94, 0x7A, 0x4F, 0x04, 0x34,
        0x0A, 0x5C, 0x2E, 0x1C, 0xE0, 0xC8, 0xC6, 0x57, 0x00, 0xF3, 0xAA, 0x6B, 0x33, 0x1F, 0xD8, 0x78,
        0x43, 0xDB, 0x7B, 0x41, 0xB0, 0x8A, 0x93, 0xBE, 0x6A, 0x4B, 0x3B, 0x62, 0xA0, 0x2F, 0x0B, 0xD7,
        0x11, 0x90, 0x02, 0x24, 0x0C, 0x93, 0x56, 0x4C, 0xC6, 0x30, 0x57, 0xCA, 0xE0, 0x62, 0x59, 0x42,
        0x19, 0x01, 0x21, 0x08, 0x24, 0x00, 0x86, 0x88, 0x9A, 0xE5, 0x87, 0xBC, 0xC4, 0x18, 0xA6, 0x5A,
        0x49, 0xA0, 0x5A, 0x30, 0x18, 0x2D, 0x1C, 0xA5, 0x63, 0x33, 0x4F, 0x51, 0xC5, 0x4C, 0xA1, 0xEE,
        0x49, 0xCC, 0x4C, 0x69, 0x64, 0x73, 0xE9, 0xDC, 0xAA, 0xEB, 0x92, 0xE9, 0x5C, 0xAF, 0x4C, 0x54,
        0x6A, 0x06, 0xF9, 0x8A, 0x46, 0xB1, 0x90, 0x80, 0x9A, 0xEC, 0x19, 0x39, 0xF1, 0x4A, 0xE1, 0x69,
        0x15, 0x98, 0x71, 0x21, 0x44, 0x8E, 0x88, 0x66, 0x13, 0x0A, 0x62, 0xF6, 0xDF, 0xAC, 0xED, 0x27,
        0xA5, 0xCC, 0x35, 0x2F, 0xD4, 0x18, 0x28, 0xAC, 0xB7, 0xE1, 0x1D, 0x35, 0x3C, 0xC8, 0x02, 0x00,
        0x25, 0x12, 0x89, 0x6C, 0xF3, 0x09, 0xCF, 0x3D, 0xF7, 0xDC, 0x6D, 0x31, 0xB5, 0x56, 0x44, 0xA0,
        0x97, 0x00, 0xE8, 0xD7, 0x7E, 0xED, 0xD7, 0x7E, 0x37, 0xCE, 0x4C, 0xDE, 0x09, 0xF4, 0xAE, 0x77,
        0xBD, 0xEB, 0x77, 0x9B, 0x1C, 0x8C, 0xE2, 0x12, 0x73, 0x7F, 0xD9, 0xA1, 0xE5, 0x4F, 0x7E, 0xF2,
        0x93, 0x9B, 0x2F, 0x75, 0xCE, 0xBA, 0x75, 0xEB, 0x76, 0x7D, 0xE9, 0x4B, 0x5F, 0x6A, 0x8B, 0x18,
        0x4F, 0x32, 0xC6, 0x60, 0x68, 0xD7, 0xAE, 0x5D, 0x6F, 0x9A, 0xB3, 0x88, 0x29, 0x35, 0x04, 0x80,
        0xF8, 0xA5, 0x01, 0x7D, 0x3C, 0xFB, 0xAE, 0xE9, 0xFB, 0x92, 0x99, 0xB5, 0xD6, 0x26, 0xE8, 0x5A,
        0xE6, 0xAE, 0xBF, 0xF9, 0x9E, 0xEE, 0xCF, 0x74, 0x2F, 0x77, 0xAF, 0xF1, 0x2A, 0x5A, 0x71, 0xC0,
        0x6C, 0x31, 0x43, 0x0A, 0x03, 0x90, 0x86, 0x2D, 0x01, 0xD7, 0x26, 0x58, 0x20, 0x54, 0xCB, 0x1A,
        0x63, 0x93, 0x0A, 0xE7, 0x46, 0x35, 0x26, 0x26, 0x81, 0x5A, 0x4D, 0x30, 0x87, 0x39, 0xB2, 0xCC,
        0x06, 0x30, 0x06, 0x30, 0x1A, 0x6C, 0xB4, 0x60, 0x63, 0x08, 0x46, 0x13, 0x58, 0xD9, 0x6C, 0x09,
        0x89, 0x20, 0xF0, 0x71, 0x6E, 0x44, 0xA1, 0xC2, 0x1E, 0x72, 0xAB, 0x8D, 0x9D, 0xEE, 0x81, 0x5D,
        0xF6, 0x94, 0x18, 0x1F, 0x21, 0xD4, 0xA7, 0xB2, 0xE8, 0xA6, 0x8D, 0x58, 0xDB, 0x7E, 0xDB, 0x89,
        0x5A, 0x29, 0x38, 0x0D, 0x80, 0x13, 0x89, 0x44, 0x7F, 0x03, 0xF0, 0xD5, 0x6A, 0x75, 0x6F, 0xCC,
        0x11, 0x36, 0xDB, 0x80, 0x33, 0x91, 0x48, 0x6C, 0x5E, 0x60, 0xAE, 0xC4, 0xDB, 0xF4, 0x8E, 0x66,
        0xA5, 0x70, 0xA4, 0x21, 0x34, 0xAB, 0x6F, 0xF1, 0x77, 0x62, 0x35, 0x40, 0xFF, 0xE8, 0xA3, 0x8F,
        0x6E, 0xBE, 0x5C, 0x6D, 0xE4, 0xE7, 0xE2, 0x3D, 0xB6, 0xAC, 0xFE, 0x48, 0xCA, 0xCA, 0xB8, 0xF3,
        0x6E, 0x81, 0xB9, 0xBF, 0x3A, 0x13, 0x2B, 0x44, 0xEE, 0x8B, 0x5F, 0xFC, 0xE2, 0x07, 0x63, 0xE3,
        0x98, 0xD5, 0x96, 0x2E, 0xC1, 0x34, 0xC4, 0x2F, 0x9D, 0xA4, 0x6F, 0x00, 0x20, 0x12, 0x9A, 0xB3,
        0x2D, 0x2C, 0xB4, 0x86, 0x27, 0x49, 0x24, 0xD7, 0x6E, 0xCD, 0x7D, 0x7A, 0xD3, 0x0D, 0x6D, 0x77,
        0x24, 0x12, 0x44, 0x64, 0x48, 0xD9, 0x96, 0x85, 0xF1, 0x7C, 0x8D, 0x8F, 0x9C, 0x9E, 0xA4, 0x99,
        0x52, 0x8D, 0x6A, 0xBE, 0x0F, 0x3F, 0x30, 0x08, 0x7C, 0xC6, 0x54, 0x9E, 0x51, 0x2E, 0x31, 0xFC,
        0xBA, 0x42, 0x3E, 0xAF, 0x30, 0x95, 0x67, 0xB0, 0x16, 0x1C, 0x06, 0xED, 0x2E, 0xC8, 0x7A, 0x40,
        0x00, 0x0C, 0x68, 0x0D, 0xB0, 0x16, 0xC4, 0x46, 0xB0, 0x0A, 0x34, 0x94, 0xEF, 0x43, 0x59, 0x75,
        0x18, 0x17, 0x6E, 0xB9, 0x1E, 0x24, 0x46, 0xCF, 0x54, 0xCB, 0x59, 0x7F, 0x3D, 0x36, 0x77, 0xBC,
        0x1B, 0xB7, 0x6F, 0x7C, 0x1F, 0x6E, 0xDE, 0x71, 0xDB, 0x38, 0x73, 0xE8, 0x69, 0xB5, 0x6D, 0xBB,
        0x7F, 0x0E, 0x29, 0x8F, 0x85, 0xB8, 0x7B, 0x93, 0x24, 0x95, 0x6F, 0xC3, 0x3B, 0xA2, 0xB8, 0x3A,
        0xD9, 0x2C, 0x0D, 0x01, 0x20, 0x52, 0x63, 0x1B, 0xAA, 0xA9, 0xD3, 0xD0, 0x48, 0x9A, 0x4D, 0x81,
        0x77, 0x12, 0x75, 0x75, 0x75, 0x5D, 0x77, 0x29, 0xC9, 0x0A, 0x00, 0x7B, 0xF6, 0xEC, 0xB9, 0xAA,
        0xCF, 0xD0, 0xD7, 0xD7, 0x77, 0x6B, 0x34, 0x8E, 0x44, 0x5C, 0x82, 0x67, 0x32, 0x99, 0xDC, 0x5C,
        0xE6, 0x49, 0xEC, 0x7D, 0xC8, 0x5F, 0x1A, 0xD0, 0x53, 0xD4, 0xB4, 0x82, 0x42, 0x5B, 0xBE, 0xF1,
        0x9F, 0x05, 0x81, 0x00, 0x60, 0x6E, 0xEF, 0x73, 0x6F, 0x58, 0x79, 0x73, 0xF7, 0x27, 0x38, 0x29,
        0x3B, 0x94, 0xAF, 0x7D, 0xCB, 0x01, 0x59, 0x4E, 0x18, 0x1F, 0x1B, 0x9D, 0xAA, 0x98, 0x13, 0x43,
        0x05, 0x9C, 0x9F, 0xAA, 0xA1, 0xEA, 0x33, 0xCF, 0x94, 0x34, 0xE7, 0x4B, 0x0A, 0x41, 0xA0, 0xA1,
        0x95, 0x01, 0x0C, 0x23, 0xE9, 0x00, 0x52, 0x30, 0xD8, 0x00, 0x4A, 0x19, 0x68, 0x6D, 0xC2, 0x2C,
        0x16, 0xC3, 0xCC, 0x06, 0x60, 0x23, 0xC2, 0xAC, 0x79, 0x6D, 0xD8, 0x75, 0x19, 0x6B, 0x06, 0x00,
        0x56, 0xC0, 0xF8, 0x84, 0xA2, 0xB1, 0x73, 0x01, 0x1D, 0xDB, 0x57, 0x3A, 0x7C, 0xC7, 0xD6, 0xFB,
        0x71, 0xEB, 0x8E, 0xF7, 0x60, 0xD3, 0xFA, 0x2D, 0x68, 0xCB, 0xB5, 0x05, 0x00, 0xF8, 0xB7, 0x7E,
        0xEB, 0xB7, 0x72, 0x71, 0xC0, 0x4F, 0x4D, 0x4D, 0xED, 0x8B, 0x49, 0xFA, 0x05, 0xB9, 0x7B, 0x93,
        0x24, 0x7D, 0xBB, 0x24, 0xFD, 0xA5, 0x34, 0x91, 0x86, 0xDA, 0x99, 0xB8, 0x1C, 0x5B, 0xFC, 0xED,
        0xA2, 0x5C, 0x2E, 0x77, 0x5B, 0xEC, 0xD9, 0x16, 0xA5, 0x8E, 0x5F, 0x0E, 0x7D, 0xEB, 0x5B, 0xDF,
        0x3A, 0xB4, 0x98, 0xF3, 0x52, 0xA9, 0x54, 0xDC, 0xB7, 0x32, 0x0B, 0xFA, 0x98, 0x4F, 0xE5, 0x9D,
        0xA4, 0xF5, 0xFD, 0xFC, 0x41, 0xDF, 0x50, 0xED, 0x99, 0x43, 0xC0, 0x53, 0x18, 0xAE, 0x93, 0x08,
        0x41, 0xA9, 0x73, 0xDD, 0x89, 0x75, 0x1B, 0xDF, 0xD3, 0xF5, 0x70, 0xB2, 0x3F, 0x79, 0xED, 0x4C,
        0x9D, 0x8D, 0xAF, 0xD9, 0x48, 0x8B, 0x09, 0xD2, 0x84, 0x35, 0xF1, 0x16, 0xA3, 0x58, 0xF3, 0x78,
        0xBA, 0xE4, 0x33, 0x93, 0x80, 0x9B, 0xB2, 0xE1, 0x26, 0x04, 0x02, 0x63, 0xA0, 0x14, 0x23, 0x95,
        0x20, 0x64, 0x5D, 0x42, 0xE0, 0x83, 0x8D, 0x26, 0x24, 0x13, 0x12, 0x42, 0x30, 0x8C, 0xD1, 0x0D,
        0x55, 0x9F, 0xA5, 0x64, 0xD6, 0x9A, 0x51, 0x2C, 0x6B, 0x59, 0x28, 0xD5, 0x31, 0x34, 0xA8, 0x50,
        0x99, 0x76, 0x90, 0x42, 0x92, 0xC6, 0x0F, 0x95, 0xF7, 0x9E, 0xDA, 0x3F, 0xFD, 0xFD, 0x1D, 0xDB,
        0x6E, 0xC2, 0xAA, 0x81, 0xD5, 0xE8, 0xED, 0xE9, 0x43, 0x32, 0x99, 0x34, 0x00, 0xF8, 0x53, 0x9F,
        0xFA, 0xD4, 0x75, 0x73, 0xE1, 0x39, 0x3E, 0x0F, 0x73, 0x71, 0xF7, 0x26, 0x49, 0x3A, 0x2F, 0x77,
        0x57, 0x4A, 0x0D, 0x57, 0xAB, 0xD5, 0xBD, 0xCD, 0xC7, 0xF0, 0xF0, 0xF0, 0xC1, 0x2B, 0xF4, 0xF2,
        0xD2, 0xA5, 0xA4, 0x61, 0xCC, 0xD6, 0xBC, 0x68, 0xE1, 0xBA, 0xAE, 0xBB, 0xB9, 0xD9, 0xAB, 0x3D,
        0x3E, 0x3E, 0xFE, 0x8D, 0xC8, 0xB4, 0x79, 0x4B, 0x64, 0x8C, 0x29, 0xCE, 0xF5, 0x9C, 0x11, 0x13,
        0x9D, 0x93, 0xC6, 0xC7, 0xC7, 0xBF, 0xA1, 0x94, 0x1A, 0x6E, 0x56, 0xF1, 0x77, 0xED, 0xDA, 0xD5,
        0xB6, 0xC8, 0xB9, 0x6F, 0xCC, 0x71, 0x71, 0xB1, 0x63, 0x7C, 0xE4, 0x91, 0x47, 0x8A, 0x73, 0x45,
        0x52, 0x8A, 0xC5, 0xE2, 0x13, 0xF3, 0x38, 0x42, 0xC5, 0xA5, 0x7C, 0x27, 0x4D, 0x5A, 0x9F, 0xFD,
        0x8B, 0x0A, 0xFA, 0x45, 0x3B, 0xA6, 0xA4, 0x15, 0xB6, 0x9B, 0xE1, 0xB0, 0x7C, 0x56, 0x12, 0x48,
        0x82, 0x42, 0xE7, 0x3B, 0x69, 0x28, 0x80, 0x52, 0xCB, 0xD7, 0x66, 0xDE, 0xB7, 0xE6, 0xA6, 0x8E,
        0x0F, 0x5A, 0x2E, 0xCB, 0x84, 0xC3, 0x81, 0xE5, 0x82, 0x64, 0x78, 0x26, 0x0C, 0x1B, 0x92, 0x00,
        0x0C, 0x13, 0x4C, 0x64, 0xB5, 0xB7, 0xE7, 0x24, 0x2C, 0xE9, 0x60, 0x6C, 0x42, 0xB0, 0x31, 0x8C,
        0xF6, 0x76, 0x41, 0x4C, 0x0C, 0xD2, 0x44, 0xDD, 0x59, 0x07, 0x3D, 0x5D, 0x29, 0x14, 0xCA, 0x1E,
        0x46, 0xA6, 0xCA, 0xEC, 0xFB, 0x0A, 0x44, 0x82, 0x05, 0x91, 0x9C, 0xA9, 0x92, 0x3D, 0x78, 0xDA,
        0x20, 0x93, 0x10, 0x5C, 0x18, 0xC9, 0x51, 0x87, 0xCC, 0xA2, 0xBB, 0xB3, 0xBD, 0xFC, 0xEA, 0xDF,
        0xBC, 0xFE, 0x58, 0xAD, 0xE8, 0x1F, 0xB1, 0x2C, 0x1B, 0xD2, 0xB2, 0xE0, 0x38, 0x0E, 0xA4, 0x94,
        0x0C, 0x80, 0x85, 0x10, 0x17, 0x01, 0x6F, 0x7A, 0x7A, 0x7A, 0x18, 0x17, 0x92, 0x38, 0x16, 0xE4,
        0xEE, 0xD1, 0x02, 0x88, 0xD7, 0xDF, 0xBF, 0x89, 0xCE, 0x9F, 0x3F, 0xFF, 0x9D, 0x55, 0xAB, 0x56,
        0x7D, 0xBD, 0x09, 0xE0, 0x1C, 0x3B, 0xDF, 0xBE, 0x02, 0xC6, 0xBC, 0xA0, 0x26, 0x12, 0xA9, 0xFC,
        0x0D, 0xD0, 0xCF, 0xA6, 0xC2, 0x36, 0x3B, 0xF0, 0xBE, 0xFE, 0xF5, 0xAF, 0x7F, 0xE6, 0xE1, 0x87,
        0x1F, 0x1E, 0x1E, 0x1C, 0x1C, 0xFC, 0xDC, 0x5B, 0xB5, 0xF5, 0xEB, 0xF5, 0xFA, 0xA1, 0x74, 0x3A,
        0xFD, 0xF0, 0x1C, 0xCF, 0xC9, 0xF3, 0x39, 0xDD, 0xFA, 0xFA, 0xFA, 0x1E, 0xD9, 0xBD, 0x7B, 0xF7,
        0x77, 0x3E, 0xFF, 0xF9, 0xCF, 0xFF, 0x45, 0x7C, 0x4C, 0x9F, 0xFC, 0xE4, 0x27, 0x37, 0x3F, 0xF2,
        0xC8, 0x23, 0x7B, 0x17, 0x31, 0xF7, 0x0C, 0x80, 0xA3, 0xD0, 0xE2, 0xAC, 0xD3, 0x95, 0x99, 0x5F,
        0x8B, 0x03, 0xBA, 0x11, 0x1A, 0xC5, 0xC5, 0xE9, 0xC0, 0xB3, 0xD4, 0xF8, 0x3C, 0x08, 0x82, 0xCD,
        0x31, 0xB0, 0xC7, 0x99, 0xAB, 0x58, 0xC8, 0x77, 0x02, 0x00, 0xE9, 0x74, 0xBA, 0x2D, 0x76, 0x1E,
        0xE1, 0x17, 0x30, 0x2D, 0x57, 0x5C, 0xA6, 0xC4, 0x11, 0x82, 0xC2, 0xB8, 0x7C, 0x68, 0xCF, 0x87,
        0x49, 0x79, 0x86, 0xD9, 0xCF, 0x76, 0x24, 0x56, 0xB5, 0xF5, 0x74, 0xDE, 0x57, 0x99, 0xB4, 0x33,
        0x59, 0x61, 0xBC, 0xAE, 0x0E, 0x18, 0x3B, 0x41, 0xC8, 0xA6, 0x12, 0x58, 0xD5, 0x99, 0x43, 0x77,
        0x26, 0x0D, 0x21, 0x04, 0x91, 0x34, 0x48, 0x24, 0x04, 0x6C, 0x0B, 0x10, 0x12, 0x48, 0xA7, 0x24,
        0xFA, 0x97, 0xD9, 0xB4, 0xB2, 0xCF, 0xA6, 0x84, 0x43, 0xB0, 0xA4, 0xE4, 0x95, 0x3D, 0x69, 0x0C,
        0x2C, 0x4B, 0xA3, 0xAF, 0x3D, 0x8D, 0xEE, 0x5C, 0xD6, 0x58, 0xD2, 0x62, 0x65, 0x58, 0xDB, 0x0E,
        0x50, 0x29, 0x9B, 0xDA, 0xE0, 0xD1, 0xDA, 0xF8, 0xA9, 0x57, 0x0B, 0xC7, 0x33, 0xE5, 0xEB, 0x27,
        0x77, 0x5E, 0x7B, 0x3F, 0xEE, 0xBA, 0xF1, 0x3D, 0x78, 0xDF, 0xBB, 0x3E, 0x58, 0x2F, 0xCF, 0xF8,
        0x27, 0x01, 0x08, 0xC3, 0x06, 0xB6, 0x65, 0x43, 0x4A, 0x09, 0x29, 0x43, 0xB0, 0x37, 0x87, 0x6F,
        0x2A, 0x95, 0x4A, 0x01, 0x17, 0xF2, 0xDF, 0x17, 0xE4, 0xEE, 0xB1, 0xF0, 0xDA, 0xA5, 0xEC, 0x38,
        0x83, 0x30, 0x83, 0x6C, 0x26, 0x3A, 0xA6, 0x11, 0xC6, 0xCF, 0xAF, 0xD4, 0xA6, 0x5F, 0x50, 0x1A,
        0xC6, 0x54, 0xFE, 0x46, 0x42, 0x0A, 0x35, 0xDB, 0xC2, 0xC5, 0x62, 0xF1, 0x89, 0x87, 0x1F, 0x7E,
        0x78, 0x78, 0x89, 0xD6, 0x0D, 0x23, 0x4C, 0x47, 0x6D, 0x3C, 0x67, 0x23, 0x87, 0xC1, 0x9F, 0x0F,
        0x04, 0x0F, 0x3F, 0xFC, 0xF0, 0xF0, 0xCC, 0xCC, 0xCC, 0x13, 0xF3, 0x5D, 0xF0, 0x12, 0x73, 0xCF,
        0x08, 0x73, 0x15, 0x4A, 0x08, 0xE3, 0xEA, 0xBC, 0xC0, 0xB8, 0x7C, 0x5C, 0x22, 0x5B, 0x2E, 0x9F,
        0xCF, 0x5F, 0x34, 0x8E, 0x3F, 0xF9, 0x93, 0x3F, 0xE9, 0x8F, 0x49, 0x6F, 0x31, 0x9F, 0xEF, 0x24,
        0xC6, 0x9C, 0x08, 0x6F, 0x4F, 0x24, 0xE7, 0xE7, 0x27, 0xE9, 0xA3, 0x5D, 0x65, 0x2E, 0xC4, 0xB3,
        0x09, 0x92, 0xC1, 0xA4, 0x7C, 0x53, 0x63, 0x83, 0x7A, 0x2A, 0x67, 0xF5, 0x75, 0x0F, 0xE4, 0xEE,
        0x4F, 0xA6, 0x52, 0xB7, 0x92, 0xCF, 0xBA, 0x23, 0x03, 0x76, 0x24, 0x4B, 0xAD, 0xC0, 0x49, 0x47,
        0x52, 0x67, 0x36, 0x49, 0x96, 0x54, 0x28, 0xD5, 0x15, 0xBC, 0xC0, 0x47, 0xCD, 0x63, 0xA4, 0x5C,
        0xC0, 0xB2, 0x08, 0xC6, 0x30, 0xDC, 0xA4, 0x00, 0x33, 0xE0, 0xF9, 0x9A, 0xDD, 0x84, 0xC0, 0xB2,
        0xAE, 0x24, 0x3A, 0xDA, 0x92, 0x50, 0x01, 0xB8, 0x58, 0x09, 0x58, 0x33, 0x1B, 0x3B, 0x21, 0x88,
        0x41, 0xFA, 0xF4, 0xC1, 0xD2, 0xEB, 0x2F, 0x3C, 0x3A, 0xFE, 0xF2, 0xE4, 0x39, 0xEF, 0xEC, 0xFF,
        0xF9, 0x9B, 0x9F, 0xFE, 0xF8, 0xC6, 0x0D, 0x1B, 0x7B, 0xFC, 0xC0, 0x87, 0x9B, 0x48, 0x0E, 0x18,
        0xC3, 0x75, 0x00, 0x24, 0x85, 0x84, 0x65, 0x59, 0x90, 0x52, 0x82, 0x48, 0xCC, 0x59, 0x24, 0x11,
        0xD9, 0x7C, 0x3A, 0xE6, 0xBD, 0x9F, 0x97, 0xBB, 0xC7, 0x24, 0x29, 0x2D, 0x12, 0xF4, 0xD3, 0xD1,
        0xCF, 0x84, 0x0B, 0xD9, 0x7C, 0x57, 0x0C, 0xFA, 0x85, 0xEC, 0xCC, 0x5D, 0xBB, 0x76, 0xB5, 0x3D,
        0xF2, 0xC8, 0x23, 0x13, 0xF3, 0x7D, 0x5E, 0x28, 0x14, 0x0E, 0x2F, 0xF1, 0xDA, 0xF1, 0x11, 0x26,
        0xA9, 0x34, 0x6A, 0x03, 0xDC, 0x4B, 0x3D, 0x67, 0xA5, 0x52, 0x39, 0xD7, 0xD9, 0xD9, 0x19, 0x07,
        0x74, 0x73, 0xDE, 0xC2, 0x42, 0x73, 0xAF, 0x00, 0x4C, 0x45, 0xF3, 0x69, 0xCF, 0xC3, 0x80, 0x55,
        0xC4, 0x8C, 0x12, 0x0B, 0xAD, 0x6D, 0xCF, 0xF3, 0x2E, 0x62, 0xC4, 0x9B, 0x37, 0x6F, 0xEE, 0x07,
        0x70, 0x2A, 0x1E, 0x25, 0x99, 0xCF, 0x77, 0x12, 0xD3, 0xFA, 0xE4, 0xDF, 0x59, 0x49, 0x1F, 0x02,
        0x9E, 0x04, 0x11, 0x59, 0x44, 0xE1, 0x64, 0x13, 0x91, 0x34, 0x8A, 0x75, 0xC2, 0xB5, 0xB2, 0xD9,
        0x0E, 0xBB, 0xBF, 0xA3, 0x27, 0xF5, 0xDE, 0x54, 0x2A, 0xFD, 0x69, 0xAF, 0xAA, 0x3A, 0xDB, 0x97,
        0x31, 0xBB, 0x29, 0x42, 0xE0, 0x81, 0x4D, 0x00, 0x53, 0xAC, 0xF9, 0x3C, 0x56, 0xA8, 0xA2, 0xE4,
        0x79, 0x50, 0x46, 0x73, 0xA9, 0xCA, 0x18, 0x99, 0x30, 0x18, 0xCB, 0x1B, 0x54, 0xEB, 0x60, 0x21,
        0x88, 0x99, 0xC0, 0x4C, 0xCC, 0xB6, 0x4D, 0x30, 0x30, 0x34, 0x55, 0xF0, 0x50, 0xAC, 0x68, 0x4C,
        0x15, 0x6A, 0x3C, 0x56, 0x28, 0x51, 0xA0, 0x95, 0xC9, 0xE6, 0x64, 0x72, 0x72, 0xA8, 0x3E, 0xF4,
        0xEA, 0x8F, 0xA7, 0xBE, 0x7F, 0xF6, 0xF5, 0xC2, 0xF7, 0xA6, 0x47, 0xAB, 0x4F, 0x0D, 0xF4, 0x0F,
        0xEC, 0xEF, 0xEC, 0xEC, 0x42, 0x5F, 0xEF, 0x32, 0xA4, 0x33, 0x69, 0xFC, 0xEA, 0xAF, 0xFE, 0x6A,
        0x16, 0x80, 0xB6, 0x6D, 0x1B, 0x42, 0x88, 0xD9, 0x03, 0x00, 0xDA, 0xDA, 0xDA, 0x2E, 0xB2, 0xE9,
        0xBF, 0xFA, 0xD5, 0xAF, 0x16, 0x63, 0x92, 0x9E, 0x16, 0xE2, 0xEE, 0xB1, 0x05, 0xB0, 0x18, 0x8F,
        0xAD, 0x89, 0x16, 0x9F, 0x8E, 0x01, 0x62, 0x29, 0x24, 0xFD, 0xBC, 0x9A, 0xC8, 0x62, 0x1C, 0x61,
        0x91, 0x39, 0xB3, 0xD4, 0xA4, 0x63, 0xC7, 0x25, 0x17, 0xFF, 0xD0, 0xD0, 0xD0, 0xA1, 0x39, 0xA4,
        0x26, 0x16, 0x39, 0xF7, 0x4B, 0x96, 0x27, 0xD1, 0x3C, 0x8E, 0xC8, 0x51, 0x1B, 0x67, 0xA0, 0xF3,
        0xE6, 0x35, 0xCC, 0x95, 0x54, 0x15, 0x8E, 0x9F, 0x48, 0x5A, 0x24, 0xA4, 0x45, 0x64, 0x27, 0x04,
        0x39, 0x09, 0x49, 0xBF, 0x90, 0xA0, 0x17, 0x32, 0xEC, 0x6E, 0x2B, 0x04, 0x64, 0xE4, 0xA1, 0x17,
        0x44, 0x44, 0x26, 0xE0, 0xC0, 0x4E, 0x58, 0xED, 0x9B, 0x6E, 0xC9, 0x3D, 0x78, 0xC7, 0xC7, 0xFB,
        0x7E, 0x7B, 0xE3, 0x0D, 0x9D, 0x9F, 0xB6, 0xA4, 0xB5, 0xA9, 0x5A, 0x0B, 0x54, 0xA9, 0xCE, 0x3C,
        0x3E, 0x0A, 0xF2, 0xAA, 0x61, 0x73, 0xCC, 0xB2, 0xA7, 0x31, 0x32, 0x5D, 0x45, 0xBE, 0x54, 0x43,
        0xA5, 0xA6, 0x91, 0x2F, 0x30, 0x2A, 0x55, 0x83, 0xD1, 0xA9, 0x00, 0xE7, 0xA6, 0x34, 0x02, 0x4D,
        0x90, 0x51, 0x87, 0x4A, 0x22, 0x90, 0xAF, 0x15, 0x86, 0xF3, 0x25, 0x3E, 0x71, 0x2E, 0xCF, 0x43,
        0x13, 0x45, 0xF6, 0x94, 0x62, 0xDB, 0x26, 0xE9, 0x57, 0x4D, 0xED, 0xD8, 0x8B, 0xC5, 0x3D, 0xC7,
        0x5E, 0x2B, 0xFE, 0x44, 0x29, 0x2E, 0x90, 0xA0, 0x44, 0xB9, 0x52, 0xB1, 0xB4, 0xD6, 0x30, 0xC6,
        0x80, 0x88, 0xF0, 0xE9, 0x4F, 0x7D, 0x7A, 0x3D, 0x33, 0xD4, 0x05, 0x29, 0x4F, 0xF1, 0xC5, 0xD3,
        0x1F, 0xE3, 0xF4, 0x87, 0x70, 0x89, 0x18, 0x7D, 0x74, 0xCE, 0x2C, 0x7D, 0xE9, 0x4B, 0x5F, 0xCA,
        0xC5, 0x43, 0x4C, 0x97, 0x00, 0xE9, 0x52, 0xBE, 0x70, 0x9A, 0x4B, 0x13, 0x69, 0x1E, 0x5F, 0x24,
        0x35, 0xE7, 0xF5, 0x2A, 0x97, 0xCB, 0xE5, 0xE2, 0x55, 0x58, 0x3F, 0x97, 0x53, 0xEE, 0xBA, 0x20,
        0x2D, 0x72, 0xEE, 0x97, 0xC4, 0x63, 0xDE, 0x6C, 0xEA, 0xED, 0xDC, 0xB9, 0x73, 0xEF, 0x42, 0x0C,
        0x34, 0x3E, 0x9E, 0x98, 0xE6, 0x21, 0x2F, 0x08, 0x0B, 0x12, 0x20, 0x58, 0x60, 0x08, 0x36, 0x24,
        0x33, 0x1D, 0x89, 0x5C, 0xA6, 0xC3, 0xC9, 0xA4, 0xD2, 0xB6, 0xF5, 0x4E, 0x04, 0xBF, 0x58, 0xD8,
        0x71, 0x07, 0x41, 0x4C, 0x92, 0x01, 0x2B, 0xAC, 0xAA, 0x13, 0xD2, 0x84, 0x79, 0xAC, 0xF6, 0xA6,
        0x5B, 0xDA, 0xEE, 0xBB, 0xED, 0x23, 0xDD, 0xFF, 0xF8, 0xF6, 0x8F, 0xF5, 0x7C, 0x61, 0xCB, 0x5D,
        0x6D, 0x77, 0x26, 0x3B, 0x28, 0xB0, 0x33, 0x22, 0x98, 0x9A, 0xD4, 0x7C, 0xF2, 0x14, 0x73, 0xBD,
        0x2A, 0x60, 0xCB, 0x90, 0x4B, 0x18, 0x66, 0xD4, 0x7D, 0x46, 0xA5, 0x42, 0x28, 0x97, 0x0C, 0x8C,
        0x36, 0x50, 0x81, 0x41, 0x10, 0x84, 0x59, 0x79, 0x30, 0x00, 0x6B, 0x86, 0xD6, 0xCC, 0x82, 0x88,
        0x8D, 0xD1, 0x3C, 0x59, 0xA8, 0x98, 0x99, 0xA2, 0x07, 0xA3, 0x99, 0x24, 0x09, 0x3A, 0xF1, 0x4A,
        0x79, 0xFF, 0xC1, 0xBD, 0xD3, 0x3F, 0xA8, 0x97, 0x83, 0xB3, 0x0D, 0xBB, 0xEE, 0xEC, 0x99, 0xB3,
        0x87, 0x85, 0x10, 0xA1, 0xED, 0x2E, 0x24, 0x36, 0x6C, 0xDC, 0xB8, 0x91, 0xC1, 0x5A, 0x44, 0x31,
        0xC5, 0xF9, 0x16, 0x95, 0xD6, 0xBA, 0x88, 0x4B, 0xC4, 0xE8, 0x3D, 0xCF, 0x1B, 0x9E, 0x63, 0x21,
        0x5C, 0x2A, 0x05, 0x93, 0x22, 0xD5, 0x32, 0x87, 0x0B, 0xE9, 0xA5, 0x8B, 0x02, 0xF4, 0x62, 0xCE,
        0x89, 0x4B, 0xC3, 0xE6, 0xF1, 0xC5, 0x6C, 0x4D, 0x31, 0x8F, 0x84, 0x5A, 0xEA, 0xAC, 0x3C, 0x89,
        0x30, 0x3F, 0x3F, 0xB9, 0x08, 0x46, 0xB8, 0x20, 0x5D, 0xE6, 0xDC, 0x5F, 0x0D, 0x5A, 0x30, 0x8A,
        0x13, 0x1F, 0x4F, 0x93, 0xE6, 0x21, 0x65, 0x18, 0xD1, 0x0A, 0xCD, 0x0D, 0x22, 0xCB, 0xCD, 0xC8,
        0x9E, 0xB5, 0x37, 0xB5, 0x7D, 0xE0, 0xFA, 0xF7, 0xF7, 0xDE, 0xBD, 0x6C, 0x7D, 0x66, 0x6D, 0x3A,
        0xE7, 0xA4, 0x12, 0xAE, 0x14, 0xEF, 0x78, 0xD0, 0x5F, 0xB4, 0xD5, 0xB4, 0x80, 0x84, 0xA0, 0x46,
        0x68, 0x4E, 0x1A, 0x0D, 0xEA, 0x5D, 0xE3, 0xDE, 0xB0, 0xFD, 0xEE, 0xB6, 0x5F, 0x5D, 0xB9, 0x3E,
        0x79, 0xAD, 0x0C, 0x2B, 0xE3, 0xC8, 0x57, 0xA4, 0xBC, 0x12, 0x9B, 0xDA, 0x94, 0x62, 0x5B, 0x1A,
        0x24, 0x5D, 0x21, 0x04, 0x0B, 0x82, 0x06, 0x11, 0x13, 0x88, 0x09, 0xAE, 0x4D, 0xC8, 0xA5, 0xAC,
        0xD0, 0x63, 0x62, 0x08, 0xED, 0xAE, 0x80, 0x2D, 0xC0, 0x6E, 0x42, 0x52, 0x5B, 0xCA, 0x22, 0x09,
        0x90, 0xF6, 0x19, 0x30, 0x12, 0x32, 0x2C, 0xDC, 0x23, 0x32, 0x10, 0x53, 0xE7, 0x82, 0xB1, 0x23,
        0xFB, 0x4B, 0xCF, 0x8E, 0x0E, 0xD5, 0xDE, 0x00, 0xA1, 0x0E, 0x40, 0x81, 0x99, 0x0F, 0x1E, 0x3A,
        0x78, 0xAE, 0x01, 0x70, 0xCB, 0xB2, 0xB0, 0x7C, 0xD9, 0xF2, 0x8D, 0x60, 0xBC, 0x09, 0xF4, 0xAF,
        0xBD, 0xF6, 0xDA, 0x45, 0x39, 0xD4, 0x51, 0x78, 0xC9, 0x44, 0x6A, 0xE9, 0x9C, 0x9E, 0xF1, 0x33,
        0x67, 0xCE, 0x3C, 0xB9, 0x80, 0xD7, 0x76, 0x21, 0x20, 0x64, 0x01, 0x2C, 0x43, 0x58, 0x20, 0xD3,
        0x79, 0x09, 0xE0, 0x2F, 0xC6, 0x39, 0x28, 0xE7, 0xB2, 0x33, 0x9B, 0xC7, 0xD7, 0x14, 0x61, 0xA0,
        0x79, 0x1C, 0x50, 0x4B, 0x29, 0xE1, 0x53, 0xD1, 0x73, 0xAE, 0x44, 0x58, 0xA0, 0x92, 0x78, 0xAB,
        0x17, 0x5B, 0xA2, 0xB9, 0x5F, 0x34, 0xC5, 0x4D, 0x3D, 0x63, 0x4C, 0x31, 0x66, 0x96, 0xBD, 0xC9,
        0x77, 0xE2, 0x79, 0xDE, 0xA1, 0x66, 0x7F, 0xC8, 0x45, 0x9A, 0x07, 0x5D, 0xD8, 0x4F, 0x41, 0x2B,
        0x23, 0x77, 0x7E, 0x78, 0xD9, 0x67, 0xFB, 0xB7, 0x64, 0x3E, 0xD1, 0x35, 0x60, 0x7F, 0x78, 0xFB,
        0x03, 0xDD, 0xBF, 0xB6, 0xE9, 0xAE, 0x8E, 0x7B, 0xD6, 0xBD, 0xAB, 0x63, 0xED, 0xDA, 0x77, 0xB5,
        0xA5, 0xDF, 0x29, 0x52, 0xDF, 0x9A, 0x53, 0xA5, 0x0F, 0x0B, 0xDD, 0xA5, 0x00, 0xAC, 0xB0, 0x82,
        0x0E, 0x36, 0x11, 0xA4, 0xD1, 0x6C, 0xA4, 0xA4, 0xE4, 0x75, 0xB7, 0xB4, 0x7D, 0x68, 0xF9, 0x9A,
        0xC4, 0x56, 0x09, 0x04, 0x36, 0x5B, 0x81, 0x34, 0x9A, 0x05, 0x01, 0xB5, 0x82, 0x32, 0x2C, 0x89,
        0xD6, 0x5E, 0x27, 0x29, 0x30, 0x6C, 0x6A, 0x75, 0x90, 0x94, 0x0D, 0x9B, 0x99, 0x91, 0x72, 0x08,
        0xCB, 0x3B, 0x25, 0x0A, 0x2E, 0xE0, 0xD5, 0x05, 0x5C, 0x47, 0x40, 0x08, 0xA0, 0x2D, 0x65, 0xA3,
        0x2D, 0x63, 0xE3, 0xFC, 0x78, 0x0D, 0xA3, 0x53, 0x35, 0x08, 0x5B, 0xB3, 0x25, 0x04, 0x20, 0x58,
        0x18, 0x16, 0xFA, 0xD4, 0x1B, 0xE5, 0x83, 0x67, 0x0E, 0x96, 0x5E, 0x0C, 0x3C, 0xCE, 0x4B, 0x8B,
        0xC8, 0x28, 0xF6, 0x00, 0xE8, 0x7F, 0xF3, 0x7B, 0xBF, 0x37, 0xFC, 0xA5, 0x5D, 0x5F, 0x2A, 0xD9,
        0xB6, 0x9D, 0x15, 0x42, 0xA0, 0xB3, 0xB3, 0xF3, 0xFD, 0x67, 0xCE, 0x9C, 0xF9, 0xF5, 0x38, 0xE0,
        0xD3, 0xE9, 0xF4, 0xCA, 0xDE, 0xDE, 0xDE, 0x0F, 0xC4, 0x9F, 0x71, 0x66, 0x66, 0x66, 0x08, 0x17,
        0xBA, 0xCE, 0xCC, 0xC9, 0xDD, 0x87, 0x86, 0x86, 0x86, 0xB7, 0x6D, 0xDB, 0xB6, 0x68, 0x49, 0x1A,
        0x03, 0x83, 0x1D, 0x9B, 0x5B, 0x1B, 0x17, 0xD7, 0x6A, 0x5F, 0xE4, 0xA0, 0xBA, 0x9C, 0x6C, 0xB3,
        0x66, 0x69, 0x58, 0x2E, 0x97, 0x8B, 0xC6, 0x98, 0x62, 0x23, 0x04, 0x16, 0xB3, 0x35, 0x45, 0x64,
        0xC3, 0x17, 0xE7, 0x5B, 0xE8, 0x4B, 0x04, 0x7A, 0x3B, 0x16, 0x31, 0x70, 0x22, 0xED, 0x6B, 0x41,
        0x9A, 0x63, 0x8E, 0x0F, 0x2D, 0xE1, 0xDC, 0x2F, 0x8A, 0x1E, 0x7D, 0xF4, 0xD1, 0xCD, 0xF1, 0x42,
        0x9A, 0x7A, 0xBD, 0x7E, 0x28, 0xB6, 0x16, 0xAC, 0x66, 0xDF, 0x49, 0xA4, 0x15, 0xBE, 0x89, 0x49,
        0x7D, 0xF5, 0xAB, 0x5F, 0x9D, 0x0C, 0x19, 0x1D, 0x2B, 0x00, 0x10, 0x42, 0x24, 0xD6, 0xDC, 0x94,
        0xB9, 0x6B, 0xC7, 0x1D, 0x1D, 0x1F, 0xBA, 0x76, 0x5D, 0x6F, 0xF2, 0xE0, 0xA9, 0x09, 0x95, 0x4C,
        0xD3, 0x1A, 0x63, 0x8B, 0x81, 0x77, 0xDF, 0x93, 0xDA, 0x30, 0x56, 0xF6, 0x5E, 0x3D, 0xBB, 0xB1,
        0xFC, 0xCA, 0xFE, 0xBF, 0x3A, 0x3F, 0x5D, 0xAF, 0x04, 0xFC, 0x8E, 0x02, 0x7D, 0x4C, 0xFA, 0xC8,
        0xB0, 0xF7, 0x1D, 0xD9, 0x82, 0x60, 0xB1, 0x86, 0x09, 0x02, 0xA6, 0x8D, 0x37, 0xE4, 0xEE, 0xBE,
        0xE3, 0x03, 0x7D, 0xF7, 0xAC, 0x58, 0x9D, 0xEA, 0xF0, 0xEB, 0x7E, 0x85, 0x05, 0x63, 0xF9, 0x1A,
        0x81, 0xED, 0xB7, 0x3B, 0xC1, 0xFE, 0xA7, 0xB5, 0x4E, 0x76, 0x09, 0x0B, 0x12, 0x89, 0xE1, 0xD1,
        0x40, 0xAE, 0xEC, 0xB6, 0xD0, 0xD1, 0x0E, 0x28, 0x4D, 0x4C, 0x4C, 0x10, 0x02, 0x94, 0x48, 0x00,
        0xDD, 0xB6, 0x05, 0x93, 0x0B, 0xD3, 0x6A, 0x7D, 0x9F, 0xA9, 0x5C, 0x0D, 0xE0, 0x3A, 0x08, 0xEB,
        0xEA, 0x25, 0xB3, 0xF6, 0x05, 0x57, 0x35, 0x28, 0x93, 0x25, 0x31, 0x72, 0xA2, 0x76, 0xF2, 0x8D,
        0x3D, 0xF9, 0x1F, 0x4E, 0x0C, 0x55, 0x0F, 0x30, 0xD8, 0x8B, 0x8A, 0x77, 0x3D, 0x70, 0x58, 0x02,
        0x5A, 0xA9, 0x54, 0xF6, 0x75, 0x75, 0x75, 0xBD, 0xBF, 0xE1, 0xB4, 0x5B, 0xBD, 0x7A, 0xF5, 0x45,
        0x25, 0xA0, 0x9D, 0x9D, 0x9D, 0x0F, 0x35, 0x3F, 0xE0, 0x0B, 0x2F, 0xBC, 0x70, 0x08, 0x17, 0x9A,
        0x5B, 0xA4, 0x9B, 0xB9, 0xBB, 0x52, 0x6A, 0xF8, 0xC1, 0x07, 0x1F, 0x3C, 0x14, 0x2F, 0x49, 0xBC,
        0x94, 0x24, 0x5D, 0xBE, 0x7C, 0xF9, 0xC7, 0x2B, 0x95, 0xCA, 0x6C, 0x06, 0xDC, 0x89, 0x13, 0x27,
        0xBE, 0x13, 0x95, 0x6E, 0xCA, 0xB9, 0x9C, 0x5C, 0x89, 0x44, 0x62, 0xF3, 0x5C, 0x65, 0x9F, 0x8B,
        0x95, 0x86, 0x07, 0x0F, 0x1E, 0x1C, 0xDE, 0xB1, 0x63, 0xC7, 0xA1, 0x46, 0xBC, 0x3D, 0x66, 0x6B,
        0x0A, 0x00, 0xDC, 0x3C, 0xFE, 0x5C, 0x2E, 0x77, 0xEF, 0xEE, 0xDD, 0xBB, 0x1F, 0xB9, 0xD2, 0xB0,
        0x9D, 0xEB, 0xBA, 0x9B, 0x2B, 0x95, 0xCA, 0xD7, 0xE2, 0x5A, 0x53, 0x14, 0xFF, 0x6E, 0x78, 0xD8,
        0xE7, 0x95, 0x66, 0xF3, 0x69, 0x1B, 0x97, 0x39, 0xF7, 0xE6, 0xAD, 0x8E, 0xBD, 0x52, 0xA9, 0x7C,
        0xAD, 0x39, 0x61, 0xA9, 0x49, 0xEB, 0x73, 0x9A, 0x7D, 0x27, 0xF5, 0x7A, 0x7D, 0x78, 0x68, 0x68,
        0xE8, 0xD0, 0xC0, 0xC0, 0xC0, 0x5C, 0x9A, 0x87, 0x04, 0x93, 0x20, 0x0B, 0x96, 0x93, 0x10, 0x1D,
        0x3A, 0x10, 0xAB, 0x27, 0x27, 0x83, 0x5A, 0x75, 0x65, 0xA5, 0xB7, 0xB3, 0xDD, 0x92, 0x86, 0xB8,
        0xED, 0x23, 0x77, 0xAE, 0xC8, 0x26, 0xA5, 0x95, 0xB9, 0xA6, 0x27, 0xE5, 0xFE, 0xF3, 0xE7, 0x5E,
        0x9E, 0x48, 0x67, 0xEC, 0x4A, 0xBD, 0x12, 0x78, 0x6F, 0x27, 0xE8, 0xC5, 0xC5, 0xD2, 0x87, 0xC2,
        0x2C, 0x3B, 0x8A, 0x54, 0x17, 0x01, 0x0B, 0x12, 0x16, 0x88, 0x84, 0x61, 0xD8, 0x99, 0x9C, 0x7D,
        0xCD, 0xCD, 0xEF, 0xED, 0xFC, 0xF8, 0x8D, 0x37, 0x74, 0xAE, 0x59, 0xBB, 0x22, 0xE7, 0xB3, 0xB6,
        0x78, 0x64, 0x32, 0xA0, 0xFC, 0x74, 0xA0, 0x2B, 0x05, 0xBF, 0x98, 0x4A, 0xF1, 0x64, 0xC6, 0xE5,
        0x7C, 0x2D, 0xAF, 0x8A, 0x50, 0xA6, 0xEE, 0x38, 0xAC, 0x18, 0xA4, 0x59, 0x87, 0xED, 0x74, 0xB4,
        0x31, 0xC6, 0x18, 0x66, 0x69, 0x01, 0x8E, 0x8B, 0x30, 0x4B, 0x4F, 0x12, 0xE7, 0xAB, 0x01, 0x06,
        0x27, 0xAA, 0xA8, 0x6B, 0xAD, 0xDD, 0xA4, 0x30, 0x33, 0x35, 0xC3, 0x67, 0xC7, 0x94, 0x3A, 0x7B,
        0x26, 0x98, 0x7A, 0x7D, 0xCF, 0xF4, 0xB3, 0xE7, 0x4E, 0x54, 0x9E, 0x0B, 0x3C, 0x33, 0x41, 0x60,
        0x26, 0x62, 0x83, 0xB0, 0x16, 0x5B, 0x31, 0x60, 0x4A, 0xA5, 0xD2, 0x61, 0x29, 0x25, 0xE6, 0xB2,
        0xE3, 0xE7, 0x09, 0xD7, 0x1C, 0xFA, 0xC2, 0x17, 0xBE, 0x30, 0x14, 0x49, 0x26, 0x35, 0x97, 0x67,
        0xDC, 0xF7, 0xFD, 0xE1, 0x26, 0xD5, 0xEF, 0x4D, 0x92, 0xF4, 0x4D, 0xDC, 0xD3, 0xB2, 0xFA, 0x53,
        0xA9, 0xD4, 0x6D, 0x8D, 0x63, 0xDB, 0xB6, 0x6D, 0x7F, 0x34, 0x38, 0x38, 0xF8, 0xF9, 0xB8, 0x7A,
        0x7E, 0x25, 0xD4, 0x2C, 0x0D, 0x1F, 0x7E, 0xF8, 0xE1, 0xE1, 0x78, 0x86, 0x5A, 0xA4, 0xFA, 0x53,
        0x0C, 0x7C, 0x68, 0xCE, 0x82, 0xFB, 0xEC, 0x67, 0x3F, 0xFB, 0xB5, 0xC1, 0xC1, 0xC1, 0xCF, 0x5D,
        0x49, 0x7A, 0xAE, 0x10, 0x22, 0x17, 0x7F, 0xCE, 0x81, 0x81, 0x81, 0x5D, 0x85, 0x42, 0xE1, 0x8F,
        0xA2, 0x67, 0x74, 0x16, 0xFA, 0x6E, 0xB3, 0xC6, 0xD5, 0x04, 0xEA, 0xC5, 0xCC, 0xFD, 0x15, 0xE5,
        0xBB, 0xA7, 0x52, 0xA9, 0xDB, 0x9A, 0x13, 0x96, 0x1E, 0x7F, 0xFC, 0xF1, 0x27, 0x70, 0x71, 0xBE,
        0xC6, 0x45, 0xBE, 0x93, 0x4A, 0xA5, 0x72, 0xAE, 0x59, 0x6B, 0x8A, 0x98, 0x94, 0x00, 0xC1, 0x22,
        0x02, 0x09, 0x22, 0x8B, 0x88, 0xA4, 0x57, 0x36, 0x13, 0x2F, 0xFE, 0xA4, 0x30, 0x5D, 0x29, 0xD5,
        0x45, 0x5F, 0x07, 0x39, 0xAA, 0x66, 0xD2, 0x03, 0x5D, 0xC9, 0x9E, 0x0D, 0xFD, 0xD9, 0x35, 0x47,
        0x4E, 0xE6, 0x37, 0x8E, 0x1C, 0xAF, 0xF4, 0x90, 0xA0, 0x64, 0x32, 0x63, 0x8B, 0x77, 0x04, 0xE8,
        0x65, 0xE4, 0xA9, 0x47, 0x08, 0x78, 0x29, 0x05, 0x59, 0x82, 0x48, 0x4A, 0x41, 0xC2, 0x68, 0x18,
        0xDB, 0x15, 0x1D, 0x1B, 0x6E, 0xC8, 0xDC, 0xBB, 0x6C, 0x55, 0x62, 0xB3, 0x1F, 0x04, 0x98, 0x2E,
        0xD4, 0x83, 0x91, 0x82, 0xA2, 0xA1, 0x09, 0x83, 0x53, 0x47, 0xFC, 0xFA, 0xA9, 0xD7, 0xAB, 0x93,
        0xBE, 0xE7, 0x9D, 0xAF, 0xCE, 0xF8, 0xE7, 0x8B, 0xA3, 0x7E, 0xBE, 0x5A, 0x51, 0x65, 0xCF, 0xB0,
        0xA7, 0x35, 0x6B, 0x06, 0x6B, 0xCD, 0xCC, 0xC6, 0x84, 0xED, 0x75, 0x0C, 0x33, 0x1B, 0xD6, 0x2C,
        0x2C, 0x20, 0x91, 0x04, 0x59, 0x0E, 0x58, 0x01, 0xC6, 0x40, 0xC0, 0x08, 0xC9, 0x45, 0xA5, 0x51,
        0xAA, 0xF8, 0xB5, 0x63, 0xAF, 0x17, 0xDF, 0x38, 0xF9, 0x46, 0xE1, 0xA9, 0x7A, 0x45, 0x0D, 0x93,
        0x0C, 0xF7, 0xBD, 0x67, 0x86, 0xA1, 0x70, 0x51, 0x7B, 0x60, 0xA8, 0xFF, 0xF4, 0x9F, 0xFE, 0xD3,
        0xB7, 0x99, 0xB9, 0xB8, 0x18, 0xC0, 0x03, 0xC0, 0xE0, 0xE0, 0xE0, 0x77, 0x62, 0x9C, 0x7D, 0x4E,
        0xCF, 0x78, 0xBD, 0x5E, 0x1F, 0x8E, 0xA9, 0x7E, 0x98, 0x43, 0x92, 0x2E, 0xD6, 0x4B, 0xBC, 0x6B,
        0xF7, 0xEE, 0xDD, 0x03, 0x57, 0xB0, 0x58, 0x69, 0x3E, 0x69, 0x08, 0xBC, 0x39, 0xF6, 0x1E, 0x99,
        0x00, 0x8D, 0x67, 0xE3, 0x62, 0xB1, 0xB8, 0xB7, 0x99, 0x31, 0x0D, 0x0C, 0x0C, 0xEC, 0x5A, 0xEA,
        0xCA, 0xBB, 0x5C, 0x2E, 0x77, 0x6F, 0x54, 0x35, 0x47, 0x0B, 0xA9, 0xD5, 0xCD, 0xB1, 0xEF, 0x86,
        0xD7, 0xFC, 0x32, 0xE6, 0x7E, 0x49, 0x6D, 0x62, 0xA5, 0xD4, 0xF0, 0xC1, 0x83, 0x07, 0x8B, 0xB8,
        0xD0, 0x4D, 0xE7, 0x4D, 0xBE, 0x93, 0x7A, 0xBD, 0x5E, 0x7C, 0xF0, 0xC1, 0x07, 0x0F, 0xCD, 0xE3,
        0x3F, 0xB1, 0x38, 0x62, 0xEA, 0xC6, 0xA0, 0x5E, 0xAF, 0xF8, 0x67, 0x7B, 0x96, 0x09, 0xD3, 0xD5,
        0xE5, 0xD8, 0x16, 0x59, 0xA6, 0xEE, 0x6B, 0xF3, 0xE3, 0x97, 0x07, 0xE5, 0xC4, 0x74, 0x35, 0xFD,
        0xFC, 0x99, 0xE9, 0x15, 0xDB, 0xEE, 0xEE, 0xBE, 0x87, 0xC1, 0x69, 0xA3, 0x59, 0xDA, 0x8E, 0xA0,
        0xB7, 0x1D, 0xF4, 0xA1, 0x98, 0xA4, 0x46, 0xF5, 0x9C, 0x04, 0x91, 0x0D, 0x90, 0x34, 0x86, 0x41,
        0x44, 0x6E, 0xDF, 0x40, 0x72, 0xEB, 0xE6, 0x77, 0xB7, 0xDF, 0x93, 0xEE, 0xB4, 0xDB, 0xCF, 0x8F,
        0x55, 0xD4, 0x2B, 0x87, 0x66, 0xF8, 0x5C, 0x3E, 0x90, 0xE5, 0x82, 0xA9, 0x8D, 0x9D, 0xAE, 0x0F,
        0x57, 0x8A, 0xFE, 0x99, 0x7A, 0x25, 0x18, 0xAA, 0x14, 0xFD, 0x11, 0xDF, 0xD7, 0xF9, 0x42, 0x35,
        0xA8, 0xE5, 0x4B, 0x5A, 0x31, 0x58, 0x59, 0xC2, 0x04, 0xC6, 0x18, 0xCD, 0xC4, 0xAC, 0x14, 0xB3,
        0xD1, 0x0C, 0x62, 0x82, 0x14, 0x06, 0xC6, 0x30, 0x33, 0x0B, 0xB8, 0x49, 0x8B, 0x2B, 0x15, 0xA8,
        0x23, 0x07, 0x95, 0x19, 0x1F, 0x32, 0x75, 0x6F, 0xCA, 0x3B, 0x79, 0xEE, 0xF5, 0x99, 0x27, 0x66,
        0xCE, 0x7B, 0xAF, 0x28, 0xCD, 0xE5, 0x68, 0x9F, 0x3A, 0x1D, 0xB5, 0xAC, 0x36, 0xD1, 0xEF, 0xFC,
        0xC7, 0x7F, 0xFC, 0xC7, 0x33, 0xCC, 0xBC, 0xE8, 0x70, 0x54, 0xAD, 0x56, 0x2B, 0xE2, 0xE2, 0x32,
        0x54, 0x9A, 0x8B, 0xBB, 0x47, 0x8B, 0x62, 0x2E, 0x49, 0x7A, 0x59, 0x00, 0x9E, 0xAF, 0xA1, 0xC4,
        0x65, 0x86, 0xEB, 0xE6, 0xD4, 0x44, 0xE6, 0x31, 0x01, 0x1A, 0x79, 0x02, 0x3C, 0x3C, 0x3C, 0xBC,
        0xEF, 0xE7, 0xB5, 0x90, 0xA2, 0x6A, 0xB5, 0x79, 0xD5, 0xEA, 0xFB, 0xEF, 0xBF, 0xFF, 0x6B, 0xCD,
        0x80, 0x6B, 0x02, 0xF5, 0xA5, 0xE6, 0x1E, 0x58, 0xE2, 0xCA, 0x36, 0xCB, 0xB2, 0xFA, 0x7F, 0xEF,
        0xF7, 0x7E, 0x6F, 0x57, 0x0C, 0xF4, 0x6F, 0x8A, 0xE2, 0x4C, 0x4C, 0x4C, 0x2C, 0xA4, 0x79, 0x58,
        0x04, 0x16, 0xA0, 0x70, 0xFF, 0x04, 0xA3, 0xB8, 0x34, 0x75, 0xAE, 0xBA, 0xF7, 0xC5, 0x83, 0xF9,
        0x89, 0xA1, 0xF1, 0xBA, 0x57, 0x09, 0x74, 0xBD, 0x52, 0xE7, 0xE0, 0xB1, 0xFD, 0xC3, 0x0E, 0x13,
        0xF7, 0x94, 0xA6, 0x6A, 0xAC, 0x95, 0xB1, 0xD9, 0x30, 0x61, 0xB1, 0x52, 0xEA, 0x6A, 0x81, 0x3E,
        0x0A, 0x3B, 0x84, 0xBD, 0xEB, 0x05, 0x39, 0xE1, 0x01, 0x9B, 0x24, 0x2C, 0x63, 0x60, 0xA5, 0x72,
        0xF6, 0xCA, 0x4D, 0xB7, 0xB5, 0xBD, 0x6F, 0xF9, 0x7A, 0xF7, 0x1A, 0x27, 0x25, 0xC4, 0xD8, 0xB4,
        0xD2, 0x83, 0xA3, 0x81, 0x28, 0x4C, 0x06, 0xAA, 0x3C, 0x54, 0x3B, 0x3B, 0x33, 0x58, 0xDB, 0x5F,
        0xAD, 0xF8, 0xAF, 0x95, 0x0A, 0xDE, 0xB1, 0x5A, 0xD9, 0x1F, 0xF6, 0x3D, 0x35, 0xE6, 0x57, 0xD4,
        0x74, 0xB1, 0x18, 0xD4, 0xCB, 0x35, 0xAD, 0x48, 0x40, 0xB3, 0x86, 0xE7, 0xD5, 0xB5, 0x67, 0x8C,
        0xD2, 0x33, 0x25, 0x6D, 0xC6, 0x27, 0x15, 0x7B, 0x75, 0x36, 0x85, 0x32, 0x9B, 0xD1, 0x49, 0xA3,
        0x67, 0x8A, 0xAC, 0x87, 0xCF, 0x04, 0xFA, 0xB5, 0x9F, 0x55, 0x2A, 0x83, 0x2F, 0x55, 0x4F, 0x8D,
        0x1E, 0xAA, 0x3E, 0x33, 0x33, 0x54, 0xDB, 0xE7, 0x7B, 0x6A, 0x2A, 0x6C, 0xBA, 0x09, 0x83, 0x10,
        0xEC, 0xCC, 0xCC, 0x0D, 0x27, 0x19, 0x1F, 0x3B, 0x76, 0xEC, 0xA1, 0x39, 0xF2, 0xA8, 0xE7, 0xA5,
        0x4D, 0x9B, 0x36, 0x7D, 0x16, 0x17, 0x4A, 0x29, 0xE7, 0xE5, 0xEE, 0x0B, 0x48, 0xD2, 0xCB, 0xA2,
        0xF9, 0x54, 0xDA, 0xCB, 0x04, 0xFD, 0x9C, 0xD2, 0xB0, 0x39, 0xC9, 0x24, 0x32, 0x01, 0xA8, 0x21,
        0xED, 0xB7, 0x6F, 0xDF, 0xFE, 0x44, 0x73, 0xCC, 0xFB, 0x6A, 0x51, 0x2E, 0x97, 0xBB, 0x77, 0xBE,
        0xF9, 0x99, 0x4B, 0xAD, 0xAE, 0x56, 0xAB, 0x87, 0xE6, 0x00, 0xF5, 0xBC, 0x73, 0x7F, 0x19, 0x79,
        0x12, 0x97, 0x45, 0x9D, 0x9D, 0x9D, 0x0F, 0x45, 0x85, 0x3F, 0x72, 0x3E, 0xDF, 0xC9, 0x3C, 0x9A,
        0x87, 0x20, 0x40, 0x32, 0xC2, 0x9E, 0x6E, 0x86, 0x59, 0x19, 0x66, 0x7F, 0xE2, 0x4C, 0x70, 0xE8,
        0xF9, 0xEF, 0x4E, 0x7F, 0xE7, 0xCC, 0x60, 0xF9, 0xBC, 0x20, 0xF6, 0x88, 0x48, 0xF9, 0x01, 0x1B,
        0x80, 0x1D, 0xAF, 0xAE, 0x53, 0xC5, 0x49, 0x6F, 0x04, 0x14, 0x86, 0xFB, 0xDE, 0x2E, 0x69, 0x2F,
        0xA4, 0x15, 0xA9, 0xF5, 0xD1, 0x66, 0x15, 0x42, 0xC2, 0x12, 0x92, 0x12, 0x52, 0xC2, 0x26, 0x86,
        0x65, 0xD9, 0xB2, 0x7D, 0xC5, 0xFA, 0xE4, 0xCD, 0x6B, 0xB7, 0x65, 0x6E, 0x4E, 0xB7, 0x5B, 0x19,
        0x10, 0x30, 0x91, 0x37, 0xA6, 0xEE, 0xC3, 0xAA, 0x8C, 0x7B, 0x53, 0xA3, 0x47, 0x2A, 0x2F, 0x4F,
        0x8F, 0xD5, 0x5F, 0x98, 0x19, 0xF7, 0x5E, 0x29, 0x4E, 0xD5, 0x5F, 0x2F, 0xCE, 0xF8, 0x47, 0x0A,
        0x23, 0xF5, 0xC3, 0xE5, 0xB3, 0xFE, 0xD1, 0xFC, 0x99, 0xFA, 0xE0, 0xD9, 0xB3, 0x7E, 0x61, 0x72,
        0x46, 0x07, 0xC5, 0x8A, 0x52, 0xE7, 0xC6, 0xFC, 0xEA, 0xC4, 0x54, 0x50, 0x19, 0x9F, 0xD4, 0xFE,
        0xB9, 0x09, 0x65, 0x4E, 0x9F, 0x0C, 0xCC, 0xE0, 0xC9, 0xC0, 0x4C, 0x4E, 0x68, 0x7D, 0xEC, 0x90,
        0xA7, 0x0F, 0xEE, 0xAB, 0xE8, 0xC2, 0xF9, 0x7A, 0xB1, 0x78, 0xAE, 0x7C, 0x60, 0xEA, 0x64, 0x69,
        0x5F, 0xB5, 0xA8, 0xCE, 0x29, 0xCD, 0x1E, 0x83, 0x0D, 0x68, 0x36, 0x99, 0x46, 0x33, 0xCF, 0xE6,
        0x48, 0xD3, 0x42, 0x12, 0x66, 0x1E, 0xFB, 0x71, 0x73, 0x94, 0x6B, 0xED, 0x5C, 0x8A, 0xBB, 0x5F,
        0xCA, 0x99, 0xB6, 0xD8, 0xFB, 0x2D, 0x05, 0xE8, 0xE7, 0x92, 0x86, 0xF3, 0x38, 0xC4, 0x1A, 0x0B,
        0x49, 0x03, 0xC0, 0xFE, 0xFD, 0xFB, 0x1F, 0xF9, 0x79, 0x2D, 0xA6, 0xCB, 0x99, 0x9F, 0xB1, 0xB1,
        0xB1, 0x7D, 0x73, 0x31, 0xD2, 0x4B, 0xCC, 0xFD, 0x55, 0x69, 0x55, 0xF5, 0xB9, 0xCF, 0x7D, 0xEE,
        0xB6, 0x85, 0x7C, 0x27, 0x0B, 0xBC, 0x53, 0x1B, 0x0C, 0xC9, 0x0C, 0xC3, 0x86, 0xB5, 0xD6, 0xEC,
        0x29, 0xA5, 0x2B, 0xC5, 0x89, 0xE0, 0xC4, 0x8B, 0x8F, 0x15, 0x7E, 0x38, 0x72, 0xDC, 0x3B, 0x7D,
        0xE2, 0xD5, 0xA0, 0x54, 0x2F, 0xB0, 0xB6, 0xC9, 0x4A, 0x7C, 0xE0, 0x93, 0x03, 0x0F, 0x5D, 0x7B,
        0x5B, 0xF7, 0xA7, 0x85, 0x20, 0x97, 0xA2, 0x8C, 0x3E, 0xEB, 0x6D, 0x00, 0xBE, 0x00, 0x53, 0xD8,
        0x77, 0x9A, 0x20, 0x84, 0x20, 0x4B, 0x08, 0xE1, 0x0A, 0x29, 0x12, 0x52, 0x08, 0x57, 0x90, 0xC8,
        0x74, 0x2D, 0x4B, 0x6C, 0x5C, 0xBB, 0x23, 0xF3, 0xDE, 0x74, 0xBB, 0xB5, 0x8C, 0x0C, 0x71, 0xB1,
        0xA8, 0xB8, 0x58, 0xD5, 0xB2, 0x5A, 0xF2, 0x2B, 0x33, 0x67, 0xAB, 0x07, 0x26, 0xCF, 0x56, 0x9E,
        0x2B, 0xCD, 0xD4, 0x0F, 0x56, 0x67, 0xFC, 0x13, 0xD5, 0x19, 0x75, 0xB2, 0x38, 0xE9, 0x1D, 0xC8,
        0x9F, 0xAF, 0xEF, 0x1B, 0x3F, 0x5E, 0x7D, 0x6E, 0xF8, 0x95, 0xCA, 0xB3, 0x47, 0x5F, 0x2C, 0xEF,
        0x7B, 0xFD, 0xE5, 0xEA, 0x89, 0x13, 0xA7, 0xBD, 0xC9, 0xB3, 0x43, 0x7E, 0xFE, 0xD0, 0x6B, 0xB5,
        0xB3, 0xE7, 0x8E, 0xD7, 0x8E, 0x57, 0x0A, 0xFE, 0xF8, 0x81, 0x97, 0x6B, 0x95, 0x57, 0x7F, 0x56,
        0xAA, 0x4F, 0x0D, 0xD7, 0x83, 0x93, 0xAF, 0x96, 0xD5, 0xE1, 0xBD, 0x65, 0x9F, 0x7D, 0x95, 0x27,
        0x56, 0x47, 0xCB, 0x05, 0xEF, 0x44, 0xBD, 0x6E, 0xA6, 0x01, 0x68, 0x62, 0x62, 0x30, 0x34, 0x83,
        0xB5, 0x31, 0xA6, 0x11, 0x26, 0x6A, 0x48, 0xC0, 0xCB, 0xB6, 0x4F, 0xEF, 0xBD, 0xF7, 0xDE, 0x0F,
        0x62, 0x81, 0x5A, 0xEE, 0x06, 0x77, 0x9F, 0x47, 0x92, 0xCE, 0x49, 0xD5, 0x6A, 0x75, 0xEF, 0xD0,
        0xD0, 0xD0, 0x23, 0x73, 0x95, 0xAD, 0xCE, 0x15, 0x9A, 0x9B, 0xAB, 0x44, 0x75, 0x81, 0x48, 0xCA,
        0x9C, 0xD2, 0xB0, 0x39, 0x93, 0xAC, 0xC9, 0xCB, 0x2D, 0x22, 0xBF, 0xC2, 0x92, 0xD6, 0xA9, 0x2B,
        0xA5, 0x86, 0x87, 0x86, 0x86, 0x1E, 0xC9, 0xE7, 0xF3, 0xDF, 0x9E, 0xC3, 0x87, 0xB1, 0xE8, 0x7B,
        0xFD, 0xE7, 0xFF, 0xFC, 0x9F, 0x9F, 0xB8, 0x9C, 0xB9, 0x5F, 0x8A, 0x58, 0xFD, 0x7C, 0xE3, 0x5E,
        0xB6, 0x6C, 0xD9, 0x75, 0x0B, 0xF9, 0x4E, 0x62, 0x5E, 0x7E, 0x00, 0x61, 0xA3, 0xC9, 0x2F, 0x7E,
        0xF1, 0x8B, 0x39, 0x34, 0x24, 0x3D, 0xA2, 0xF6, 0x90, 0x44, 0x52, 0xDA, 0x22, 0x09, 0x41, 0xB2,
        0x56, 0xD1, 0xE3, 0x47, 0xF6, 0x95, 0x5F, 0x1A, 0x3D, 0x5B, 0x3D, 0x7D, 0xE2, 0x55, 0xDF, 0xB3,
        0x0C, 0xC9, 0x6A, 0xB1, 0x4E, 0x77, 0x7D, 0x6A, 0xE0, 0xDF, 0xF6, 0xEF, 0xE8, 0xFC, 0x75, 0x69,
        0x51, 0x12, 0x82, 0x2C, 0x7A, 0x1B, 0x3A, 0xF0, 0x58, 0xD1, 0xEE, 0xAD, 0x82, 0x08, 0x52, 0x5A,
        0xE4, 0x0A, 0x4B, 0xB8, 0x24, 0x28, 0x41, 0x80, 0x9D, 0xCA, 0xCA, 0x95, 0xBD, 0x6B, 0x52, 0xB7,
        0xB4, 0xF5, 0x26, 0xFA, 0x95, 0xCF, 0xBA, 0xE4, 0x6B, 0x3A, 0x75, 0x5A, 0x09, 0x45, 0xAC, 0x8B,
        0xC3, 0xB5, 0x83, 0x13, 0xA7, 0xAA, 0x4F, 0xD7, 0xCB, 0xEA, 0xA8, 0x1F, 0xE8, 0x29, 0xAD, 0x50,
        0x03, 0x58, 0x68, 0x63, 0x2A, 0x81, 0x6F, 0x0A, 0x7E, 0x5D, 0x4F, 0xD7, 0xAA, 0x6A, 0xC4, 0x99,
        0xF0, 0x8E, 0x4E, 0x0F, 0xD5, 0x56, 0xA4, 0x97, 0xB9, 0xAB, 0xEC, 0x84, 0xC8, 0xD5, 0x27, 0xBC,
        0x29, 0x04, 0x28, 0xB5, 0xAF, 0x74, 0xD7, 0x97, 0x4B, 0xE2, 0xFA, 0xFC, 0x79, 0xD5, 0xEE, 0xA6,
        0xB4, 0x74, 0x1C, 0x41, 0x6D, 0xBD, 0xC2, 0x93, 0x5A, 0x4D, 0x95, 0xA7, 0xFD, 0xB3, 0xB5, 0x8A,
        0x1E, 0x37, 0x26, 0xCC, 0xBC, 0xE3, 0x30, 0x4B, 0xD7, 0x84, 0x3E, 0xC0, 0xD9, 0xB8, 0x30, 0x3D,
        0xFA, 0xE8, 0xA3, 0x9B, 0x9B, 0xD5, 0xC6, 0xC7, 0x1E, 0x7B, 0xEC, 0x33, 0xF1, 0x6E, 0xB1, 0x43,
        0x43, 0x43, 0x8F, 0xB4, 0xB5, 0xB5, 0x5D, 0x17, 0x8F, 0xCD, 0xA6, 0xD3, 0xE9, 0x95, 0x71, 0x7B,
        0xB9, 0x19, 0xCC, 0x5B, 0xB6, 0x6C, 0xE9, 0xDF, 0xB3, 0x67, 0x4F, 0x7F, 0xF3, 0x22, 0x5E, 0x28,
        0xC1, 0x25, 0x16, 0xBA, 0xFA, 0x46, 0x10, 0x04, 0x8F, 0x5D, 0xCA, 0xE4, 0x88, 0x95, 0xA8, 0xCE,
        0x3A, 0xEC, 0xE2, 0xA5, 0xA2, 0x0B, 0x99, 0x15, 0xAE, 0xEB, 0xCE, 0x19, 0xE3, 0x8F, 0xD9, 0x9A,
        0xB3, 0x05, 0x29, 0x57, 0x68, 0x5E, 0xBC, 0x89, 0x7C, 0xDF, 0x1F, 0x6E, 0x94, 0xA8, 0x4E, 0x4D,
        0x4D, 0xCD, 0x19, 0x12, 0xBD, 0x14, 0x8D, 0x8F, 0x8F, 0x7F, 0xA3, 0x51, 0xEF, 0x7E, 0x99, 0x73,
        0x7F, 0x45, 0xB1, 0xFA, 0xC6, 0xB8, 0x07, 0x07, 0x07, 0xCF, 0xC5, 0xBB, 0xEE, 0xC6, 0x4D, 0xA7,
        0xE6, 0x18, 0x7D, 0x63, 0x9E, 0xA3, 0x35, 0x33, 0x4B, 0x0F, 0x3D, 0xF4, 0xD0, 0xE6, 0xFF, 0xFA,
        0x5F, 0xFF, 0xCB, 0xF3, 0x00, 0x6C, 0x02, 0x02, 0x26, 0x90, 0xED, 0x88, 0xAC, 0xED, 0xC8, 0x0E,
        0x3B, 0x21, 0xBB, 0x6C, 0xC7, 0x6A, 0xEF, 0xE8, 0xB3, 0x57, 0x04, 0xC6, 0x4E, 0xAD, 0xDF, 0xEA,
        0xA4, 0x3A, 0x7B, 0x91, 0x08, 0x3C, 0x46, 0x5F, 0x46, 0x8B, 0xCD, 0xEF, 0xCA, 0xDC, 0x35, 0x7E,
        0x64, 0xE6, 0xFB, 0xBA, 0x1A, 0xA6, 0xA2, 0x59, 0xB6, 0x60, 0x15, 0x18, 0xFE, 0xF9, 0x81, 0xBE,
        0xD1, 0xCF, 0x92, 0x09, 0xCC, 0xB0, 0x89, 0xE0, 0x58, 0x16, 0xB9, 0x52, 0x8A, 0xB6, 0x6C, 0x6F,
        0xE2, 0x5A, 0xB7, 0xD3, 0xDE, 0x54, 0xAE, 0x43, 0xBA, 0x25, 0xE3, 0x15, 0xF3, 0x84, 0xD3, 0x87,
        0xC9, 0x62, 0xF6, 0xCE, 0x54, 0xC7, 0x2A, 0xCF, 0x56, 0xA6, 0xBD, 0x43, 0x4A, 0xE9, 0xBC, 0xD6,
        0x1C, 0x44, 0x2F, 0x83, 0x8D, 0x81, 0x62, 0xC3, 0x15, 0xCF, 0x28, 0xAD, 0x94, 0xA9, 0x78, 0x55,
        0x31, 0x5E, 0x2B, 0x07, 0x43, 0x95, 0xBC, 0x77, 0xDC, 0x72, 0x64, 0x9A, 0x03, 0x0E, 0x88, 0x80,
        0x20, 0xD0, 0xE5, 0xAE, 0xFE, 0x4C, 0x5F, 0x76, 0x7D, 0xA2, 0x2D, 0xD7, 0x25, 0xB8, 0x6F, 0x6D,
        0x02, 0xAB, 0x36, 0xBA, 0x3C, 0x78, 0xA0, 0x10, 0x4C, 0x8F, 0xE9, 0x92, 0x5F, 0xE7, 0x12, 0x28,
        0xD2, 0x43, 0x10, 0xDA, 0xF3, 0x00, 0x31, 0xC2, 0xE2, 0x08, 0x09, 0x80, 0x06, 0x06, 0x06, 0x2E,
        0x02, 0x56, 0x3E, 0x9F, 0xFF, 0x76, 0x73, 0x8C, 0x17, 0x00, 0x9E, 0x79, 0xE6, 0x99, 0x3F, 0x7D,
        0xE0, 0x81, 0x07, 0xEE, 0x8D, 0x81, 0xA6, 0x3F, 0xBE, 0x78, 0x9A, 0xC1, 0x3C, 0x5F, 0xFC, 0x7C,
        0xA1, 0x82, 0x97, 0x38, 0x9D, 0x3F, 0x7F, 0xFE, 0x3B, 0xF1, 0x45, 0x15, 0x2D, 0xE0, 0xB9, 0x24,
        0x39, 0x47, 0x6A, 0xB8, 0x7D, 0x39, 0x6A, 0xF3, 0xC0, 0xC0, 0xC0, 0xAE, 0x78, 0xDC, 0x78, 0x0E,
        0x2F, 0xB7, 0x05, 0x40, 0xEE, 0xDA, 0xB5, 0x2B, 0xD7, 0x6C, 0x5E, 0x3C, 0xF6, 0xD8, 0x63, 0x9F,
        0xD9, 0xB6, 0x6D, 0xDB, 0x6D, 0x97, 0x6A, 0x69, 0xBD, 0x18, 0x7A, 0xFE, 0xF9, 0xE7, 0xBF, 0xF3,
        0xC0, 0x03, 0x0F, 0xCC, 0x82, 0x7E, 0x31, 0x09, 0x40, 0x9E, 0xE7, 0x1D, 0xFA, 0x83, 0x3F, 0xF8,
        0x83, 0x6F, 0x44, 0xA6, 0x9A, 0xB8, 0xCC, 0xB9, 0x9F, 0x37, 0x4F, 0xE2, 0x72, 0xE8, 0x3F, 0xFE,
        0xC7, 0xFF, 0xF8, 0xED, 0xAF, 0x7E, 0xF5, 0xAB, 0xBB, 0xE6, 0x09, 0x8D, 0xC6, 0x19, 0xC0, 0x9C,
        0xB9, 0x14, 0xCC, 0x8C, 0x54, 0x2A, 0xD5, 0x1E, 0xAD, 0x43, 0xE9, 0x7B, 0xA6, 0x92, 0xE9, 0x48,
        0xAC, 0x5A, 0xB1, 0x2E, 0x7B, 0x17, 0x84, 0xEC, 0x5B, 0xBE, 0xD6, 0x59, 0x47, 0x4E, 0x62, 0xED,
        0xFA, 0xEB, 0xAD, 0x9C, 0x9B, 0x15, 0xB2, 0x2D, 0x63, 0x25, 0x89, 0x98, 0x6D, 0x17, 0x14, 0xF8,
        0x6C, 0xCE, 0xBC, 0x34, 0xF3, 0x64, 0xE0, 0x71, 0xD8, 0xAA, 0x9C, 0x48, 0x83, 0xD9, 0x58, 0xB6,
        0x30, 0x3F, 0x2F, 0xE0, 0x5B, 0x0C, 0x0A, 0xF7, 0x97, 0x10, 0x94, 0x62, 0x4D, 0x09, 0x69, 0x59,
        0x9D, 0x96, 0x43, 0x9D, 0xA9, 0x9C, 0xDD, 0xDF, 0xB9, 0xCA, 0xDD, 0xEA, 0x74, 0x58, 0xDD, 0x95,
        0x9A, 0xD1, 0xD5, 0x93, 0x41, 0x7E, 0x72, 0x50, 0xCF, 0x54, 0x67, 0x88, 0xAB, 0x33, 0xD5, 0x17,
        0x6A, 0x93, 0xB5, 0x9F, 0xD6, 0xAB, 0xC1, 0xA0, 0x52, 0xA8, 0x83, 0x61, 0x22, 0xF7, 0x11, 0x87,
        0x2B, 0x99, 0x8D, 0x0E, 0x50, 0x07, 0x1B, 0x6D, 0x34, 0xEA, 0x81, 0x32, 0xC5, 0xA0, 0xAE, 0xA7,
        0x2C, 0x5B, 0x66, 0x85, 0x45, 0xAE, 0xB4, 0x28, 0x93, 0xD0, 0x76, 0xAA, 0xBD, 0x57, 0xA6, 0x37,
        0x6C, 0x4D, 0x09, 0x26, 0xE2, 0x7A, 0x60, 0xD0, 0xDE, 0x29, 0xB2, 0x7E, 0xD5, 0x4E, 0x1D, 0x7E,
        0xCE, 0x4C, 0x18, 0xC5, 0x75, 0x69, 0x91, 0x13, 0xB3, 0xE5, 0x59, 0x2B, 0x03, 0xC4, 0xFA, 0x93,
        0x35, 0x2F, 0x98, 0xF9, 0xBC, 0xD5, 0x0F, 0x3E, 0xF8, 0xE0, 0x21, 0xAD, 0xF5, 0x6C, 0xF6, 0x5A,
        0x73, 0x97, 0xD5, 0xC5, 0x82, 0x79, 0xBE, 0xF2, 0xCF, 0x39, 0xD4, 0xC8, 0x43, 0x73, 0x81, 0xF2,
        0xAD, 0xD2, 0x62, 0xF3, 0xE6, 0x9B, 0x23, 0x0C, 0xCD, 0xCC, 0xA2, 0x58, 0x2C, 0x3E, 0xF1, 0xE0,
        0x83, 0x0F, 0x1E, 0x1A, 0x1C, 0x1C, 0x5C, 0x8A, 0x90, 0xDD, 0x9B, 0x12, 0x80, 0x16, 0x6A, 0x51,
        0x6D, 0x8C, 0x29, 0xCE, 0xCC, 0xCC, 0x3C, 0xF1, 0xFB, 0xBF, 0xFF, 0xFB, 0x5F, 0xFD, 0xEA, 0x57,
        0xBF, 0xDA, 0xE8, 0x19, 0xEF, 0x5C, 0xE6, 0xDC, 0x2F, 0x49, 0x56, 0xDE, 0x23, 0x8F, 0x3C, 0x52,
        0xFC, 0xC3, 0x3F, 0xFC, 0xC3, 0x43, 0x0D, 0x86, 0x18, 0x0F, 0x61, 0xCE, 0x57, 0xED, 0x37, 0x9F,
        0xFF, 0xC4, 0x68, 0x0E, 0x06, 0xD6, 0x65, 0x6F, 0xBD, 0xF5, 0xFE, 0xDE, 0xDF, 0xEC, 0x5E, 0x99,
        0xBE, 0xCE, 0xCD, 0x71, 0xBB, 0x93, 0xA1, 0x9C, 0x21, 0x61, 0xA4, 0x64, 0xA4, 0x13, 0xB6, 0xB6,
        0x13, 0x84, 0xC1, 0xB3, 0x75, 0x3F, 0x69, 0xD1, 0xCC, 0xBE, 0x1F, 0x8C, 0x7F, 0xE7, 0xD4, 0xC1,
        0xF2, 0x33, 0x0C, 0x56, 0x20, 0x58, 0x04, 0x68, 0x08, 0x18, 0x36, 0x50, 0xD2, 0x12, 0x46, 0xAB,
        0xAB, 0x0F, 0x7C, 0x8B, 0x35, 0xB3, 0xE3, 0x8A, 0xF4, 0xAA, 0xEB, 0x32, 0xEF, 0x69, 0xEF, 0x76,
        0xD7, 0x4F, 0x4F, 0x28, 0x19, 0xD4, 0x39, 0xB1, 0xF1, 0xC6, 0xD4, 0xBA, 0x9E, 0xF5, 0x89, 0x81,
        0x99, 0x1A, 0xDC, 0x5A, 0x8D, 0xBD, 0xF3, 0x87, 0x8B, 0xCF, 0xE7, 0x4F, 0xD5, 0x5E, 0x02, 0x53,
        0xBD, 0x56, 0xF6, 0xCF, 0xFA, 0xB5, 0x60, 0x82, 0x0D, 0x94, 0x09, 0x9B, 0x4E, 0x12, 0x09, 0x30,
        0xC0, 0xDC, 0xD8, 0xCD, 0x8E, 0x08, 0x30, 0x86, 0x35, 0xC1, 0x78, 0xC4, 0xA4, 0x95, 0x66, 0x65,
        0x0C, 0xFB, 0xD2, 0x88, 0x9C, 0x93, 0x4C, 0x2C, 0xEF, 0x5C, 0x91, 0xDC, 0x3A, 0xB0, 0xD1, 0xED,
        0x69, 0xEB, 0x15, 0xC2, 0x21, 0xC9, 0x52, 0xC8, 0xF4, 0x64, 0xBE, 0x56, 0x1A, 0x3B, 0x5D, 0xDB,
        0x5F, 0xCC, 0x07, 0xC7, 0x29, 0xEC, 0xBD, 0xD7, 0x60, 0xAC, 0xE1, 0x7E, 0xF2, 0xB3, 0xDA, 0x49,
        0xC8, 0xED, 0x9B, 0x25, 0xCB, 0xBE, 0x7D, 0xFB, 0x0E, 0x2D, 0xA4, 0x4E, 0xC7, 0x5F, 0xEE, 0xAE,
        0x5D, 0xBB, 0x72, 0x31, 0x15, 0x73, 0x51, 0x60, 0x76, 0x1C, 0x67, 0x51, 0x51, 0x82, 0x83, 0x07,
        0x0F, 0x0E, 0xDF, 0x7E, 0xFB, 0xED, 0x4B, 0xF6, 0x92, 0x2E, 0x27, 0x6F, 0x7E, 0xF7, 0xEE, 0xDD,
        0xFD, 0x0D, 0xE7, 0x53, 0xB3, 0x8A, 0xDC, 0x70, 0x9E, 0x2D, 0x01, 0xCD, 0xA6, 0xAD, 0x2A, 0xA5,
        0x86, 0x2F, 0x65, 0xCA, 0x10, 0xD1, 0x76, 0x5C, 0xA8, 0x6A, 0xF4, 0xA3, 0x23, 0xF5, 0x16, 0xE6,
        0xFE, 0x8A, 0x13, 0x74, 0xE2, 0xAA, 0xFB, 0x5B, 0x71, 0xBC, 0x86, 0x3B, 0x2D, 0x33, 0x32, 0x99,
        0xCC, 0x0A, 0x06, 0x58, 0x48, 0xCA, 0xDC, 0xFF, 0xE9, 0x81, 0x7F, 0x72, 0xDD, 0xBB, 0x3B, 0x3F,
        0x50, 0x0D, 0xEA, 0x24, 0x08, 0x1A, 0x60, 0x54, 0x6B, 0x8C, 0x99, 0xA2, 0x36, 0x95, 0xA2, 0x32,
        0xA9, 0x84, 0x55, 0x3F, 0xF9, 0x4A, 0xF5, 0xD8, 0xD9, 0x83, 0xC5, 0xFD, 0x63, 0xA7, 0x4A, 0x8F,
        0xB3, 0x46, 0x91, 0xC2, 0xE2, 0x52, 0xCD, 0x17, 0xBA, 0x1D, 0x81, 0xE8, 0xE7, 0x03, 0x7C, 0xC1,
        0x4C, 0xD4, 0xB9, 0x22, 0xB5, 0xFA, 0xA6, 0xF7, 0x76, 0xDD, 0x7F, 0xEB, 0x83, 0x6D, 0x7F, 0x7F,
        0xC7, 0xFB, 0x72, 0x1F, 0xDB, 0x7C, 0x5B, 0xF6, 0x8E, 0x0D, 0xD7, 0x27, 0xD7, 0xAF, 0x58, 0x9E,
        0xE8, 0x48, 0xA7, 0x2C, 0xA7, 0x32, 0xAD, 0xCE, 0x4D, 0x1C, 0x2B, 0x3F, 0x5E, 0x1C, 0xAF, 0x3E,
        0x53, 0x9C, 0xAC, 0xEC, 0xF3, 0xAA, 0xFE, 0x90, 0xD1, 0xA8, 0x45, 0x80, 0x0F, 0x6B, 0xE4, 0x34,
        0x1B, 0xC3, 0x91, 0xA4, 0x0F, 0x21, 0xCA, 0x00, 0x98, 0x0D, 0x1B, 0xD6, 0xAC, 0xD8, 0x20, 0x50,
        0x75, 0x3D, 0xAD, 0x3D, 0x53, 0xCA, 0x75, 0x27, 0xAE, 0xED, 0x5B, 0x9B, 0x5C, 0x6F, 0xA7, 0xC9,
        0x55, 0x0A, 0xE8, 0xEE, 0x70, 0x9D, 0x4D, 0x1B, 0x32, 0x19, 0x6F, 0x5A, 0x1F, 0x79, 0xE3, 0xA7,
        0xD3, 0xDF, 0xF3, 0xAA, 0xBA, 0x40, 0x16, 0x35, 0xB6, 0xB7, 0xD3, 0x00, 0x8C, 0x56, 0x17, 0x81,
        0x9E, 0xE6, 0x92, 0x2C, 0x0B, 0xA5, 0x98, 0x36, 0xF7, 0x70, 0x8B, 0x4B, 0xC1, 0xC5, 0x72, 0xF7,
        0xC5, 0x86, 0x06, 0x97, 0xB0, 0x43, 0xCD, 0x65, 0x99, 0x15, 0x0D, 0x9B, 0x78, 0xBE, 0xEF, 0xCD,
        0xE7, 0x19, 0x7F, 0xAB, 0x92, 0xBE, 0x61, 0xE3, 0x2F, 0xF2, 0xDC, 0x00, 0x61, 0x73, 0x91, 0x71,
        0x84, 0x5D, 0x70, 0xE8, 0x2D, 0xCC, 0xFD, 0x55, 0x6D, 0x4E, 0xBA, 0xD8, 0x90, 0x2C, 0x33, 0x23,
        0xE1, 0x26, 0xFA, 0xC1, 0xE0, 0x9B, 0xEE, 0xE9, 0xFE, 0xC2, 0x8D, 0x3B, 0x97, 0xDF, 0x7A, 0xE3,
        0x75, 0x2B, 0x5C, 0x9B, 0xA4, 0x30, 0xCC, 0x82, 0x19, 0xA8, 0xD7, 0x60, 0x66, 0xA6, 0x4C, 0x30,
        0x71, 0xDE, 0xAF, 0x1D, 0x7D, 0xAD, 0x74, 0x7E, 0xE4, 0x48, 0xE9, 0x95, 0x5A, 0xDE, 0x3F, 0x08,
        0x20, 0xE0, 0xC6, 0xFE, 0x8F, 0x82, 0x24, 0x09, 0x58, 0x51, 0xAF, 0x0A, 0x2B, 0xCA, 0xF0, 0x93,
        0xD2, 0x12, 0x22, 0x2A, 0x7A, 0xBB, 0x3A, 0xA0, 0x4F, 0xA4, 0x44, 0xE2, 0x5D, 0x77, 0xF6, 0xDC,
        0xF0, 0xE1, 0x5F, 0x19, 0xD8, 0x76, 0xE7, 0xED, 0xBD, 0xFD, 0x37, 0xBC, 0x2B, 0xBB, 0x66, 0xC7,
        0xED, 0xE9, 0xB5, 0x9D, 0xCB, 0x9C, 0x8E, 0x9A, 0xA2, 0x64, 0x61, 0x4A, 0xE7, 0xCF, 0xBF, 0x5E,
        0x78, 0xA2, 0x34, 0xE9, 0x1D, 0xD2, 0x06, 0x9E, 0xD6, 0xD0, 0x86, 0x11, 0xE6, 0xC8, 0x30, 0x6B,
        0x66, 0x0E, 0x99, 0x1F, 0x2E, 0x00, 0xBE, 0xB1, 0x85, 0xE5, 0x2C, 0xF0, 0xC1, 0x46, 0x1B, 0xE3,
        0x2B, 0x9F, 0x6B, 0x89, 0x94, 0xDD, 0xD5, 0xB7, 0x2E, 0x73, 0x63, 0xE7, 0x4A, 0xBB, 0x5D, 0x4A,
        0x12, 0x2B, 0x3A, 0xD2, 0x74, 0xFD, 0xC6, 0xEE, 0xB6, 0xCA, 0xB4, 0x99, 0x78, 0xF9, 0xA9, 0xFC,
        0xF7, 0xA6, 0x46, 0xBC, 0x97, 0x28, 0x54, 0x7B, 0x24, 0xCF, 0xF6, 0x5E, 0xE3, 0xF8, 0xA6, 0x8C,
        0xB3, 0xCD, 0x0B, 0xE2, 0x79, 0xD4, 0x97, 0x1B, 0x8F, 0x8E, 0xAB, 0xCC, 0x97, 0x13, 0x56, 0xDB,
        0xBD, 0x7B, 0xF7, 0x25, 0x81, 0xFF, 0xE8, 0xA3, 0x8F, 0x2E, 0xA9, 0xC7, 0x7C, 0xB1, 0xD2, 0x10,
        0x00, 0x7A, 0x7A, 0x7A, 0xFA, 0xE7, 0xFB, 0x5E, 0xB3, 0xB7, 0xFF, 0x0A, 0x43, 0x89, 0xB2, 0xF9,
        0x1D, 0x5C, 0xCA, 0x07, 0x18, 0x81, 0xBE, 0x82, 0xD8, 0x2E, 0x32, 0x4B, 0x3D, 0xF7, 0x57, 0x3B,
        0xE4, 0xC8, 0xCC, 0x30, 0xC6, 0xC0, 0x4D, 0xB8, 0x2B, 0xDB, 0xFB, 0x12, 0x5B, 0xAE, 0xBD, 0xBD,
        0xE3, 0xBE, 0xB3, 0x85, 0x99, 0xAE, 0x73, 0x63, 0x33, 0x2A, 0xED, 0x5A, 0x24, 0xC9, 0x12, 0x60,
        0x21, 0x34, 0x34, 0x02, 0x6D, 0x54, 0xB5, 0xA0, 0xAB, 0xE7, 0x8F, 0x95, 0x0F, 0x05, 0x75, 0x3D,
        0x65, 0x25, 0x44, 0xB6, 0xAB, 0xCF, 0xBD, 0xD9, 0x71, 0x65, 0x7B, 0xB4, 0x41, 0x8C, 0x2D, 0x88,
        0x9C, 0x28, 0x19, 0xAE, 0xD1, 0x24, 0x24, 0x64, 0x00, 0xB8, 0x00, 0xFE, 0xA5, 0x66, 0x00, 0x56,
        0xFF, 0xBA, 0x54, 0xD7, 0x5D, 0x1F, 0xEC, 0xD9, 0x7C, 0xCB, 0xF5, 0xBD, 0xD9, 0xC9, 0xC9, 0x6A,
        0x6D, 0x3C, 0x55, 0x23, 0x61, 0xC3, 0x9A, 0x28, 0x0A, 0x3E, 0x39, 0x54, 0x9F, 0x1A, 0x3C, 0x58,
        0x7A, 0x6E, 0xEA, 0x54, 0xF9, 0x19, 0x36, 0xF0, 0xC8, 0x22, 0x87, 0x99, 0x01, 0x03, 0x03, 0x8E,
        0xED, 0xD5, 0x3D, 0x57, 0x1B, 0xC2, 0x68, 0x53, 0xDA, 0x59, 0x7D, 0x50, 0xB3, 0x2F, 0x1C, 0x91,
        0x5B, 0xB6, 0x3E, 0x7D, 0xC7, 0xAA, 0xEB, 0xDC, 0xF5, 0x99, 0x1C, 0x39, 0x49, 0x4B, 0x60, 0x45,
        0xA7, 0x6B, 0x3B, 0xC4, 0xF4, 0xFC, 0x8F, 0x26, 0x9E, 0x7C, 0xF1, 0xA9, 0xC9, 0xBF, 0x02, 0xC1,
        0x48, 0x29, 0xDC, 0xD8, 0x55, 0x78, 0x8E, 0xC5, 0xF6, 0xA6, 0xC6, 0x8F, 0xF3, 0xA9, 0x6B, 0xF3,
        0xD9, 0xD9, 0x0D, 0x95, 0xF9, 0x72, 0x17, 0x52, 0x24, 0x49, 0x87, 0x2F, 0xA1, 0x8E, 0xE7, 0x9A,
        0x4C, 0x8B, 0x2B, 0x6A, 0x60, 0xB1, 0x58, 0xB3, 0xA2, 0xE1, 0xD9, 0x9F, 0xEB, 0x7B, 0xF1, 0x8C,
        0xB2, 0x25, 0x02, 0xFD, 0x9B, 0xDE, 0x41, 0x23, 0x69, 0xE8, 0x12, 0x12, 0x7F, 0xF6, 0x1D, 0x5E,
        0x8D, 0xB9, 0x5F, 0x2C, 0xC5, 0x35, 0x8C, 0xC6, 0xDC, 0xC4, 0x19, 0xE6, 0x42, 0x80, 0x67, 0x66,
        0x28, 0xAD, 0x56, 0xB2, 0x86, 0xEB, 0xA6, 0xED, 0x8C, 0x30, 0x76, 0xD0, 0xDD, 0x9E, 0x72, 0x7A,
        0x3B, 0x13, 0x38, 0x70, 0x72, 0x82, 0xAA, 0x55, 0x46, 0xA0, 0x48, 0xA4, 0xB2, 0xC2, 0x2A, 0x4F,
        0x0B, 0x4B, 0x48, 0xD1, 0x9B, 0xED, 0xB4, 0x6B, 0xCA, 0x03, 0x5B, 0x49, 0x77, 0x5D, 0xD7, 0x80,
        0xFE, 0xD0, 0xC8, 0xF1, 0xE2, 0xB7, 0x02, 0x5F, 0x4D, 0x27, 0xD2, 0xB2, 0x7D, 0xF4, 0x64, 0xE5,
        0x27, 0xE1, 0x1E, 0x90, 0x90, 0x20, 0x50, 0xE4, 0x23, 0x8B, 0x9C, 0xD7, 0xA1, 0x59, 0x24, 0x2D,
        0xD1, 0x10, 0xA9, 0xBC, 0x90, 0x1F, 0x73, 0x31, 0xA6, 0x81, 0xB5, 0x6C, 0x20, 0x95, 0x6E, 0xEB,
        0xB5, 0xDA, 0x87, 0x46, 0xAB, 0x6A, 0x78, 0xA8, 0xE6, 0x4F, 0x97, 0xD8, 0x32, 0x96, 0x50, 0xD3,
        0x65, 0x32, 0xC3, 0xA7, 0xEA, 0x87, 0x27, 0x4F, 0x96, 0x9E, 0x52, 0x8A, 0x67, 0x48, 0x40, 0xB0,
        0xE1, 0x68, 0x10, 0x64, 0x98, 0x99, 0x23, 0x27, 0x5B, 0x4C, 0xD9, 0x8B, 0x86, 0x1C, 0x4A, 0x7E,
        0x41, 0x61, 0xE3, 0x5B, 0xC1, 0x06, 0x1A, 0x0C, 0xE4, 0x7A, 0x13, 0xD7, 0xAE, 0xDC, 0x9C, 0x79,
        0x6F, 0x77, 0xAF, 0x68, 0xB3, 0x2C, 0x62, 0x30, 0x23, 0x5F, 0xAC, 0x5A, 0xA7, 0x8F, 0xCD, 0x1C,
        0x7C, 0xFE, 0x47, 0xA3, 0xDF, 0xF3, 0x2B, 0x6A, 0x58, 0xDA, 0x22, 0x83, 0x0B, 0x95, 0x54, 0x0C,
        0x66, 0x8E, 0xA9, 0xF6, 0x8D, 0x0D, 0x1D, 0xDE, 0x24, 0x4D, 0xCB, 0xE5, 0xF2, 0x65, 0x49, 0xFA,
        0x86, 0xEA, 0x1B, 0x57, 0x87, 0x1B, 0x21, 0xBE, 0x78, 0x8C, 0x78, 0xFD, 0xFA, 0xF5, 0xB7, 0xF6,
        0xF6, 0xF6, 0x7E, 0x6E, 0x2E, 0x49, 0x3A, 0x1F, 0xAD, 0x5F, 0xBF, 0xFE, 0xD6, 0xA5, 0x54, 0xAB,
        0xE3, 0x66, 0x45, 0x3E, 0x9F, 0xFF, 0xF6, 0x91, 0x23, 0x47, 0x9E, 0x8C, 0x8F, 0x67, 0xC3, 0x86,
        0x0D, 0xBF, 0xDB, 0xF8, 0x3D, 0x1E, 0x5A, 0x8A, 0x7F, 0x2F, 0x9E, 0x51, 0xB6, 0x54, 0xD4, 0xDC,
        0xA7, 0x60, 0xBE, 0xA4, 0xA1, 0x26, 0x66, 0x31, 0x9B, 0x60, 0x73, 0x35, 0xE6, 0x7E, 0xB1, 0x6A,
        0x7C, 0x53, 0xDE, 0xC3, 0xA1, 0x66, 0x86, 0x09, 0x00, 0xCF, 0x3D, 0xF7, 0xDC, 0x6F, 0xC6, 0x7F,
        0xDF, 0xBA, 0x75, 0xEB, 0x67, 0x13, 0x89, 0xC4, 0x6D, 0x4A, 0x29, 0x68, 0xAD, 0xF1, 0xC0, 0xFD,
        0x1F, 0x4D, 0x3F, 0xFF, 0xD7, 0x4F, 0xBD, 0xFA, 0x0F, 0xFE, 0x59, 0xDB, 0x3D, 0x49, 0x97, 0xF9,
        0xCC, 0x68, 0x85, 0x04, 0x88, 0xD6, 0xF6, 0x3B, 0x52, 0x1B, 0x91, 0x38, 0x75, 0xB8, 0x4A, 0x85,
        0x69, 0xB6, 0x03, 0x4E, 0x67, 0xAC, 0x34, 0x6D, 0xEE, 0xBA, 0x86, 0xED, 0x62, 0xC5, 0x4E, 0x0E,
        0xAC, 0x33, 0xB6, 0xBB, 0x2C, 0x79, 0x8B, 0xEB, 0xEA, 0xA2, 0xDB, 0x25, 0xB3, 0xE3, 0xC7, 0xEA,
        0x4F, 0xEF, 0xFF, 0xAB, 0xE1, 0xDF, 0x16, 0x44, 0x14, 0x3A, 0xC5, 0xA2, 0xDD, 0xA0, 0x29, 0xF2,
        0x67, 0x31, 0x4C, 0xB4, 0xFB, 0x8B, 0x69, 0xE6, 0xBA, 0x1C, 0xB6, 0xA4, 0x67, 0x0A, 0x35, 0x6B,
        0xB3, 0x18, 0x9F, 0x80, 0x75, 0xEE, 0x4C, 0x6D, 0x66, 0xEF, 0x9E, 0xA9, 0x33, 0xA7, 0x56, 0xD5,
        0xB6, 0x96, 0x3D, 0xEE, 0x24, 0x8B, 0xAC, 0xE5, 0x2B, 0xDD, 0x8C, 0x38, 0x57, 0x39, 0x35, 0x7D,
        0xBC, 0xF0, 0xD3, 0xC2, 0xA8, 0xF7, 0x3A, 0x83, 0x4C, 0x18, 0x3A, 0x63, 0x1D, 0xAA, 0xF5, 0x11,
        0x28, 0x79, 0x0E, 0x4E, 0xCE, 0x51, 0x10, 0x90, 0xD8, 0xB0, 0x89, 0x1C, 0x7A, 0x8A, 0xBD, 0x54,
        0xD6, 0x5A, 0xB5, 0x62, 0x63, 0xE6, 0xBE, 0xF6, 0xFE, 0xC4, 0x16, 0x2F, 0x00, 0x39, 0x36, 0xB4,
        0xE3, 0x50, 0xE2, 0xD8, 0xC9, 0x52, 0xE9, 0xF9, 0xC7, 0xC6, 0xBF, 0x73, 0x70, 0xFF, 0xF4, 0x53,
        0x42, 0x92, 0x2D, 0x04, 0x24, 0x9B, 0x0B, 0x1E, 0xFB, 0xA6, 0xDE, 0x83, 0xB3, 0xAD, 0x87, 0x9B,
        0xA5, 0x69, 0x73, 0xB3, 0xC3, 0x66, 0xDA, 0xB9, 0x73, 0xE7, 0xDE, 0xB8, 0xA7, 0xB9, 0xA1, 0xFA,
        0x36, 0x2F, 0xA4, 0x03, 0x07, 0x0E, 0xEC, 0x7D, 0xF0, 0xC1, 0x07, 0x5F, 0x6F, 0x38, 0xAA, 0xF6,
        0xEC, 0xD9, 0x83, 0xF8, 0xC2, 0x6B, 0x5E, 0x18, 0x73, 0x2D, 0xA8, 0xEE, 0xEE, 0xEE, 0x87, 0x96,
        0x0A, 0x58, 0xCD, 0xD2, 0xB0, 0x52, 0xA9, 0x9C, 0xDB, 0xB9, 0x73, 0xE7, 0x1E, 0xC4, 0xEA, 0xBF,
        0x99, 0xF9, 0x77, 0x63, 0xE3, 0xEB, 0x9F, 0x8B, 0x29, 0x2E, 0xB6, 0x67, 0xFC, 0xE5, 0xD0, 0xFA,
        0xF5, 0xEB, 0x3F, 0xFE, 0x16, 0x34, 0x84, 0xD9, 0x04, 0x9B, 0xA5, 0x9E, 0xFB, 0xC5, 0xD2, 0xBF,
        0xFA, 0x57, 0xFF, 0xEA, 0xB3, 0x73, 0xFD, 0x3D, 0xCE, 0x30, 0x8D, 0x31, 0xC5, 0x9D, 0x3B, 0x77,
        0x3E, 0x1F, 0x13, 0x40, 0xD6, 0x89, 0x13, 0x27, 0xAE, 0x5F, 0xB9, 0x72, 0xE5, 0x6D, 0x51, 0x82,
        0x18, 0xB6, 0x6F, 0xDD, 0xD1, 0x3E, 0xE3, 0xEC, 0xCD, 0xD5, 0x38, 0x70, 0xF6, 0x1D, 0x1C, 0x33,
        0xC4, 0xC4, 0xC5, 0x92, 0x6F, 0xAA, 0x55, 0x21, 0x4A, 0x13, 0xA0, 0xE3, 0x2F, 0x95, 0xAD, 0x8E,
        0x3E, 0x29, 0xA6, 0xF2, 0x64, 0x2D, 0x5F, 0x97, 0xCC, 0x5C, 0xB3, 0x95, 0xA4, 0xB4, 0xA4, 0x5D,
        0xF5, 0x34, 0x6D, 0x5A, 0x26, 0x53, 0x9E, 0x42, 0x97, 0xA7, 0x19, 0xD7, 0xDF, 0x9D, 0xFE, 0xF4,
        0xB2, 0x0D, 0xD9, 0x5B, 0xF7, 0x7C, 0xF3, 0xCC, 0x17, 0x66, 0x46, 0x6A, 0x07, 0x40, 0x10, 0x14,
        0x62, 0x89, 0x48, 0x10, 0x47, 0xC2, 0x4F, 0x37, 0xF4, 0xEA, 0x68, 0x7B, 0x68, 0x02, 0x71, 0xF8,
        0xBF, 0xD0, 0x8E, 0x36, 0x14, 0x65, 0xAC, 0x5A, 0xB6, 0xD0, 0x0B, 0x85, 0xFF, 0xAC, 0xC1, 0x23,
        0xA5, 0xA9, 0x1F, 0x7D, 0x4F, 0xEC, 0xBD, 0xED, 0x57, 0xFB, 0xEE, 0x4B, 0xE4, 0xAC, 0x64, 0x46,
        0xDA, 0x52, 0x4A, 0xCA, 0x54, 0x46, 0x2A, 0x87, 0xF3, 0x27, 0x4B, 0x3F, 0x55, 0x01, 0x97, 0x2C,
        0x07, 0xA9, 0x50, 0xB1, 0x60, 0xCD, 0x6F, 0x56, 0xB9, 0x1B, 0xF8, 0xE7, 0xD9, 0xEC, 0x22, 0x6E,
        0xFC, 0xCE, 0xC2, 0x30, 0x02, 0x21, 0x48, 0xE6, 0x7A, 0x12, 0xDB, 0x3B, 0xFB, 0x93, 0x77, 0x28,
        0xC1, 0xC9, 0xA2, 0x4F, 0xAA, 0xAB, 0x4B, 0x3A, 0xE9, 0xA4, 0x48, 0x1E, 0x7A, 0xA1, 0xF0, 0xD4,
        0x1B, 0x7B, 0x8B, 0xDF, 0xF5, 0x6A, 0x66, 0xCA, 0x72, 0x44, 0x96, 0xA3, 0x0D, 0x6D, 0x42, 0xB7,
        0xC1, 0x45, 0xF6, 0x3C, 0x10, 0xDB, 0x5A, 0xAA, 0xD9, 0x33, 0x7D, 0xB9, 0x2A, 0x74, 0x43, 0xBD,
        0x6B, 0x5E, 0x48, 0x0F, 0x3E, 0xF8, 0xE0, 0xC1, 0xC8, 0xFE, 0xF4, 0x00, 0xE4, 0x9A, 0xCB, 0x2A,
        0x9B, 0x93, 0x34, 0x1A, 0xD4, 0xA8, 0xA7, 0x77, 0x1C, 0xA7, 0xBF, 0x39, 0x61, 0xE8, 0x4A, 0x6C,
        0xE9, 0x66, 0x69, 0x18, 0x6D, 0x9E, 0xA1, 0x22, 0x67, 0x58, 0x06, 0x80, 0x15, 0x6F, 0xA6, 0xD1,
        0x50, 0xE9, 0x9B, 0x99, 0xE2, 0x52, 0x75, 0xC3, 0x6D, 0xD4, 0xD3, 0x4B, 0x29, 0xDF, 0x94, 0x03,
        0xD0, 0x9C, 0x45, 0x37, 0x9F, 0x1F, 0x29, 0xE6, 0x93, 0x59, 0x92, 0xB9, 0x5F, 0x2C, 0xCD, 0x37,
        0xEE, 0x86, 0x93, 0xB7, 0xC1, 0x30, 0x63, 0xD2, 0xBF, 0xD1, 0x7A, 0x5B, 0x86, 0x91, 0x8A, 0x80,
        0x1A, 0x3D, 0x19, 0x99, 0x19, 0x3B, 0xB6, 0xDF, 0xD8, 0xF6, 0xBD, 0x9F, 0x79, 0x27, 0x2A, 0x33,
        0xC1, 0x8E, 0x9A, 0x6D, 0x24, 0x2B, 0xB0, 0x14, 0x86, 0xA6, 0xCE, 0x6A, 0xF9, 0xA3, 0x6F, 0xCF,
        0x50, 0xB6, 0xCB, 0x16, 0xDB, 0xDE, 0x95, 0x14, 0x4E, 0x0A, 0xA2, 0x58, 0x11, 0xE8, 0x5C, 0x4E,
        0x22, 0xEB, 0x0A, 0xAA, 0xD7, 0x05, 0x94, 0x26, 0x91, 0x72, 0x19, 0xF5, 0x40, 0x20, 0xEB, 0x92,
        0x59, 0xD6, 0x6E, 0x5F, 0x93, 0xFC, 0xCD, 0x75, 0xFF, 0xF3, 0xA5, 0xEF, 0x9F, 0xFB, 0xB7, 0xA7,
        0x5F, 0x9A, 0xFE, 0xEF, 0xD2, 0x16, 0xC9, 0xC8, 0x2B, 0x46, 0x0C, 0x18, 0x22, 0xB2, 0x98, 0xD9,
        0x80, 0xA1, 0x41, 0x24, 0x43, 0x73, 0x20, 0xCC, 0xE9, 0x0A, 0x5B, 0xD9, 0xC1, 0x50, 0xD8, 0x6B,
        0xD2, 0xBB, 0xA0, 0x91, 0xCF, 0x03, 0x7A, 0x12, 0xE0, 0x44, 0x4E, 0xC2, 0x69, 0x13, 0x99, 0xE2,
        0x98, 0x7F, 0x7E, 0xAA, 0x52, 0x2F, 0x8D, 0x1E, 0x2F, 0x05, 0x6F, 0xFC, 0x6C, 0xEA, 0xC7, 0xB5,
        0x52, 0x70, 0xCE, 0x4E, 0xC8, 0xC4, 0xAC, 0x8A, 0xD1, 0xB0, 0xE3, 0x1B, 0x29, 0x32, 0x17, 0xD8,
        0xF7, 0xEC, 0x96, 0xF2, 0x74, 0x41, 0xF3, 0xA0, 0x86, 0x19, 0x64, 0x3B, 0xD4, 0x9E, 0x48, 0x58,
        0xCB, 0x03, 0x0F, 0x29, 0xA3, 0x61, 0x3A, 0xDB, 0xA5, 0xE8, 0xED, 0x71, 0xB2, 0x13, 0xC3, 0xDE,
        0xB9, 0x83, 0xCF, 0x15, 0xBE, 0x95, 0x1F, 0xF5, 0x0E, 0x93, 0x20, 0x3B, 0x32, 0x0F, 0xCC, 0x05,
        0x4F, 0x01, 0xF3, 0x1C, 0x52, 0x62, 0x4E, 0x83, 0x66, 0x31, 0x2A, 0x74, 0xB5, 0x5A, 0xDD, 0xDB,
        0x08, 0xDB, 0x35, 0x5E, 0x7C, 0x33, 0x77, 0x8F, 0x7E, 0x0C, 0xA2, 0xE3, 0x4D, 0xB1, 0xE8, 0xF8,
        0xC2, 0x68, 0x56, 0xC1, 0xE7, 0xF2, 0xEE, 0x5F, 0x69, 0xC1, 0x4B, 0xB3, 0x34, 0xCC, 0xE7, 0xF3,
        0x8D, 0x2E, 0xBE, 0xAA, 0x21, 0x85, 0xE2, 0xE1, 0xC8, 0xC6, 0x18, 0x96, 0x3A, 0xFD, 0x76, 0x16,
        0xB1, 0x51, 0x3D, 0xFD, 0x5C, 0x9F, 0x2D, 0x62, 0x2B, 0xA9, 0x8B, 0x76, 0x91, 0x59, 0xAA, 0xB9,
        0x5F, 0x2C, 0xCD, 0x37, 0xEE, 0x46, 0xA7, 0xE0, 0xB8, 0x0F, 0x24, 0xD2, 0x8C, 0x1A, 0x1A, 0x27,
        0x01, 0x10, 0x27, 0x4F, 0x9E, 0x3A, 0xB2, 0x62, 0xC5, 0xCA, 0xB0, 0x11, 0x6B, 0xB8, 0x76, 0x32,
        0xFB, 0x7E, 0x30, 0xFE, 0xE7, 0x33, 0x13, 0xC1, 0xC9, 0xFB, 0x7E, 0xA3, 0xFF, 0x9F, 0x0C, 0x1E,
        0x08, 0x4C, 0xDD, 0x27, 0xE8, 0x3A, 0x65, 0x84, 0x6D, 0xDB, 0x37, 0xDD, 0x9D, 0x95, 0xAB, 0xD6,
        0x91, 0x94, 0x44, 0xD4, 0x96, 0x73, 0xA8, 0xEA, 0x69, 0x04, 0x5A, 0xC1, 0x4D, 0x00, 0x6C, 0x00,
        0x22, 0x89, 0x74, 0x92, 0x88, 0x04, 0x90, 0x49, 0x93, 0x49, 0x75, 0x88, 0xDC, 0xB6, 0x8F, 0x2D,
        0xFF, 0x0F, 0x42, 0x08, 0xEB, 0xEC, 0x6B, 0xD3, 0x7F, 0x15, 0x9A, 0xD1, 0x60, 0x02, 0x04, 0x98,
        0x21, 0xA4, 0x14, 0x96, 0xA4, 0x94, 0xD2, 0xA6, 0x6E, 0x14, 0xD7, 0xA4, 0x20, 0xC9, 0x60, 0xB0,
        0x81, 0x96, 0x16, 0x65, 0xA4, 0x2D, 0x6C, 0x62, 0xF2, 0x6A, 0x95, 0x60, 0x52, 0x5A, 0x82, 0xE7,
        0x53, 0xF3, 0x2D, 0x30, 0x8C, 0x57, 0xD2, 0x63, 0x93, 0x67, 0xEA, 0x7B, 0x8F, 0x3C, 0x3B, 0xFD,
        0xD2, 0xC4, 0xE9, 0xDA, 0xCB, 0xB6, 0x4D, 0xC9, 0x5A, 0x39, 0x18, 0x15, 0x96, 0x10, 0x0C, 0x16,
        0x7C, 0xA1, 0xC2, 0xCD, 0xC4, 0x9C, 0x77, 0xB3, 0xE0, 0xE3, 0x98, 0x6D, 0xCF, 0x0D, 0xF5, 0x63,
        0x36, 0x46, 0x0B, 0x21, 0x04, 0xB9, 0xD2, 0x26, 0xC7, 0xC9, 0x59, 0xA2, 0xAD, 0xD3, 0xB1, 0x96,
        0x75, 0x5B, 0x24, 0x89, 0xF4, 0x81, 0xE7, 0x0B, 0x3F, 0x18, 0x3C, 0x5A, 0x79, 0x0A, 0x60, 0x65,
        0x59, 0x32, 0x1B, 0xEE, 0x56, 0xD7, 0x88, 0xCB, 0x87, 0x47, 0xCC, 0x9E, 0x07, 0x16, 0x88, 0xD1,
        0x37, 0x4B, 0x85, 0xC5, 0xDA, 0x76, 0xF3, 0x70, 0xF7, 0x8B, 0xDA, 0x3A, 0xCF, 0x25, 0x49, 0x17,
        0x4B, 0x85, 0x42, 0x61, 0xEF, 0x15, 0x4A, 0xD6, 0x66, 0x69, 0xD8, 0xE8, 0xD7, 0xAF, 0x1A, 0xE3,
        0x6B, 0x56, 0xDD, 0xE7, 0x72, 0x90, 0x2D, 0x52, 0x0A, 0xBF, 0x65, 0xF2, 0x3C, 0xEF, 0xD0, 0x5C,
        0x5B, 0x49, 0xCD, 0xA1, 0xDE, 0xCF, 0x86, 0x5C, 0xAF, 0xF6, 0xDC, 0x2F, 0x96, 0xBE, 0xF1, 0x8D,
        0x6F, 0xEC, 0x6D, 0xF6, 0x81, 0x4C, 0x4F, 0x4F, 0x1F, 0x9E, 0x05, 0x7D, 0xB4, 0x85, 0xDB, 0xD8,
        0xD8, 0x58, 0x45, 0x6B, 0x1D, 0x49, 0x3D, 0x46, 0x26, 0x9B, 0x5D, 0x2E, 0x04, 0xD9, 0x43, 0x87,
        0x4B, 0x2F, 0x3F, 0xFA, 0xFF, 0x0C, 0xFD, 0x5F, 0x1D, 0xCB, 0xDB, 0x3E, 0x98, 0xE8, 0x74, 0x57,
        0xA6, 0x7B, 0x12, 0xD6, 0x0D, 0x1F, 0x70, 0xAD, 0x95, 0x03, 0x42, 0x18, 0xC5, 0x04, 0x41, 0x22,
        0x29, 0x1D, 0x5A, 0xD6, 0x97, 0xE2, 0xA1, 0xA9, 0x3C, 0x6A, 0x1E, 0x43, 0x73, 0xA8, 0x18, 0x93,
        0x09, 0x45, 0x34, 0x13, 0x28, 0x9B, 0xB4, 0x69, 0x6A, 0x42, 0xD5, 0xA0, 0x60, 0x0B, 0x41, 0x92,
        0x99, 0x67, 0x3B, 0x05, 0x11, 0x09, 0x08, 0x49, 0xB9, 0xEB, 0x77, 0x76, 0x7F, 0x29, 0xB3, 0x3C,
        0x79, 0xFD, 0xA9, 0x57, 0xF3, 0xDF, 0x18, 0x3B, 0x59, 0xFE, 0x89, 0xF6, 0x51, 0x76, 0xD2, 0xB2,
        0x3F, 0x91, 0xB2, 0x7A, 0x2C, 0x09, 0xD1, 0xB3, 0x3A, 0xDD, 0xBE, 0xFA, 0xC6, 0xCC, 0xE4, 0xCF,
        0xFE, 0xFC, 0xDC, 0xB3, 0xC5, 0x29, 0x6F, 0xCE, 0x56, 0x6D, 0x16, 0x33, 0xE3, 0xDC, 0xE1, 0xD2,
        0xF1, 0xE9, 0x91, 0xDA, 0xBF, 0x2F, 0x4E, 0x7A, 0x53, 0x3A, 0xE0, 0x0A, 0x00, 0x48, 0x4B, 0xA4,
        0x84, 0x45, 0x09, 0x36, 0x60, 0x62, 0x6E, 0xE4, 0xBE, 0xC7, 0xFD, 0xF4, 0x17, 0x7E, 0x8E, 0xFD,
        0x35, 0xCE, 0x09, 0x20, 0x58, 0x08, 0x49, 0x49, 0xC7, 0x11, 0x9D, 0xC9, 0x1E, 0xA7, 0xAF, 0xFD,
        0x9A, 0x74, 0x47, 0xB6, 0xCD, 0x11, 0x86, 0x61, 0x8E, 0xBE, 0x5E, 0x79, 0xFD, 0xE5, 0x9F, 0x4C,
        0xFD, 0x8F, 0xF2, 0x8C, 0x3F, 0x6E, 0x39, 0x32, 0x1D, 0xF1, 0x0A, 0xBE, 0xF0, 0xE2, 0x79, 0xAE,
        0x5E, 0xEA, 0xF3, 0xC6, 0xE8, 0x9B, 0x1B, 0x1D, 0xCC, 0x45, 0xE5, 0x72, 0xF9, 0xA2, 0x04, 0x9D,
        0x4F, 0x7E, 0xF2, 0x93, 0x9B, 0xE7, 0x58, 0x48, 0x8D, 0x85, 0x17, 0x2C, 0x24, 0x49, 0x17, 0x4B,
        0x2F, 0xBE, 0xF8, 0xE2, 0x93, 0xF3, 0xC4, 0x37, 0x16, 0x45, 0xF3, 0xA8, 0xB4, 0x8D, 0x46, 0x19,
        0x06, 0x00, 0x17, 0x0A, 0x85, 0xC3, 0xF1, 0xDA, 0x82, 0x2D, 0x5B, 0xB6, 0xF4, 0x37, 0x77, 0xC7,
        0x79, 0x2B, 0x4C, 0xF1, 0x72, 0x68, 0x7C, 0x7C, 0xFC, 0xC9, 0x45, 0xDA, 0xF4, 0xB3, 0x21, 0xD7,
        0xAB, 0x3D, 0xF7, 0x8B, 0xA1, 0x62, 0xB1, 0xF8, 0xC4, 0x23, 0x8F, 0x3C, 0x52, 0x6C, 0x30, 0xCA,
        0x86, 0x66, 0xC1, 0x6C, 0x66, 0x9D, 0x69, 0xE1, 0xCE, 0xC9, 0x4C, 0x5F, 0xF8, 0xC2, 0xE7, 0x8F,
        0x7D, 0xF4, 0xA3, 0x1F, 0x81, 0x89, 0x12, 0x51, 0x5C, 0xD7, 0x5D, 0x21, 0x04, 0x39, 0x64, 0x91,
        0x1D, 0x78, 0x66, 0xC6, 0x4A, 0xAA, 0x89, 0x5C, 0x9F, 0x58, 0x97, 0x69, 0x97, 0xF6, 0xE6, 0x1D,
        0x42, 0xDA, 0x16, 0x89, 0xC0, 0x23, 0x02, 0x83, 0xC0, 0x8C, 0x8A, 0x57, 0x27, 0xDB, 0x71, 0xE0,
        0x07, 0x1E, 0x88, 0x09, 0x3A, 0xDC, 0xB3, 0x15, 0xD0, 0x86, 0x05, 0x0B, 0xEE, 0xCB, 0x49, 0x78,
        0x1D, 0x09, 0x6B, 0x6A, 0x75, 0xEA, 0xAE, 0xA9, 0xE1, 0xCA, 0x8B, 0xF5, 0xB2, 0x1A, 0xD1, 0x0C,
        0x05, 0xC3, 0x46, 0x58, 0x22, 0xD7, 0xBF, 0x21, 0xF3, 0xC1, 0xEB, 0x6E, 0x6B, 0x7B, 0xEF, 0xEA,
        0x2D, 0x99, 0xE5, 0x9B, 0x6E, 0x6F, 0xFB, 0xCA, 0xE8, 0x91, 0xD2, 0x13, 0xCF, 0x7E, 0x7B, 0xE4,
        0xBF, 0xB5, 0xF5, 0xA5, 0x3E, 0xB0, 0xFE, 0x86, 0xCC, 0xAD, 0x33, 0x13, 0xDE, 0xD1, 0x87, 0x3E,
        0x76, 0x0D, 0x4D, 0x48, 0x7F, 0x7F, 0x22, 0xEB, 0x0C, 0x3E, 0xFD, 0xF5, 0xC1, 0xD3, 0x53, 0x23,
        0x55, 0x33, 0x87, 0x7A, 0x4F, 0xEC, 0x55, 0xB5, 0xE7, 0x55, 0xD5, 0x20, 0x00, 0x21, 0x24, 0x25,
        0xA2, 0xF5, 0x69, 0x38, 0xCC, 0xA9, 0x87, 0xB9, 0x38, 0x30, 0xD7, 0xBC, 0x87, 0x59, 0x1C, 0xEB,
        0x51, 0x53, 0xCD, 0xB0, 0x11, 0x26, 0x09, 0x61, 0x4B, 0x16, 0x89, 0xF6, 0xE5, 0xC9, 0xAD, 0x3D,
        0xEB, 0xD2, 0x37, 0x33, 0x38, 0x51, 0x2C, 0x2A, 0xA9, 0xCB, 0x5C, 0x7D, 0xED, 0x27, 0xF9, 0x1F,
        0x8C, 0x0F, 0xD6, 0x8E, 0x11, 0x91, 0x43, 0xC4, 0x56, 0xB4, 0x9D, 0x74, 0x43, 0x9D, 0x32, 0x73,
        0x48, 0xF9, 0x79, 0x63, 0xF4, 0x8B, 0x0D, 0x47, 0xCD, 0xE5, 0xEC, 0x8B, 0x2F, 0xA4, 0xD8, 0x4E,
        0xB6, 0x2A, 0x2E, 0x6D, 0xDE, 0xAA, 0x13, 0xAC, 0x5A, 0xAD, 0xEE, 0x7D, 0xF0, 0xC1, 0x07, 0xDF,
        0xC0, 0x22, 0xF2, 0xEB, 0x17, 0x90, 0xF4, 0xFD, 0xF1, 0xEB, 0xC5, 0xC6, 0x17, 0xE0, 0x32, 0x76,
        0x57, 0x89, 0x98, 0xE2, 0x5B, 0x66, 0x3E, 0x0B, 0x91, 0x31, 0xA6, 0xF8, 0x95, 0xAF, 0x7C, 0xE5,
        0x7F, 0x2D, 0xE2, 0xFA, 0x17, 0x65, 0xD4, 0x5D, 0xCD, 0xB9, 0x5F, 0x2C, 0x3D, 0xF3, 0xCC, 0x33,
        0x7F, 0x0A, 0x00, 0xD7, 0x5D, 0x77, 0xDD, 0x40, 0xC3, 0x56, 0x67, 0x66, 0x9C, 0x3A, 0x75, 0xFA,
        0x70, 0xE4, 0x45, 0xE7, 0xA8, 0x28, 0x4D, 0x02, 0x90, 0x4A, 0xA9, 0x12, 0x80, 0xAC, 0x31, 0x06,
        0x2A, 0x08, 0x28, 0x14, 0x6A, 0x32, 0xE5, 0xA4, 0xED, 0x95, 0x9D, 0xAB, 0x9D, 0xD5, 0xAB, 0xB6,
        0xA2, 0x2B, 0xED, 0x70, 0xC2, 0xB1, 0x21, 0xB5, 0x26, 0xB2, 0x13, 0x24, 0x8C, 0x06, 0x46, 0x67,
        0x6A, 0x48, 0x26, 0x25, 0x34, 0x13, 0x2A, 0x3E, 0xA8, 0x50, 0xD6, 0xE8, 0xC9, 0x4A, 0x08, 0x41,
        0x6C, 0xC2, 0x9E, 0x32, 0xA8, 0xD4, 0x48, 0x57, 0x3D, 0x0B, 0x7D, 0xDB, 0x3A, 0xB7, 0x54, 0x0A,
        0xC1, 0x43, 0xE7, 0x8F, 0x17, 0x7F, 0x54, 0xAF, 0xAA, 0x11, 0xA3, 0xA1, 0x72, 0x9D, 0xCE, 0x96,
        0x1B, 0xDF, 0xD7, 0xF6, 0xA9, 0x81, 0x4D, 0x6E, 0x27, 0x6B, 0x1D, 0xB8, 0x0E, 0xB0, 0xF6, 0xA6,
        0xF6, 0xBB, 0x53, 0xCB, 0x13, 0x37, 0xCC, 0x8C, 0xF8, 0x85, 0x8E, 0x5E, 0x91, 0x79, 0xE8, 0x63,
        0xFD, 0xDD, 0xDB, 0xD7, 0xF7, 0x9E, 0x3F, 0x31, 0x56, 0x1B, 0x3C, 0x7D, 0xB8, 0xDE, 0xD6, 0xD6,
        0x95, 0xB4, 0xA6, 0x46, 0xAA, 0xFE, 0x5C, 0x36, 0x16, 0xA4, 0x45, 0x24, 0x24, 0xD9, 0x52, 0x0A,
        0x9B, 0x88, 0x04, 0x45, 0x8D, 0x01, 0xD8, 0x20, 0x60, 0x66, 0x85, 0xF0, 0x30, 0xA1, 0x07, 0x91,
        0x0D, 0x9A, 0x2B, 0x5A, 0xE2, 0xC8, 0x0F, 0x55, 0x21, 0x10, 0x81, 0xA4, 0x80, 0x9D, 0x6E, 0xB3,
        0x56, 0x75, 0xAF, 0xCF, 0xDC, 0x9E, 0xEC, 0x49, 0xAC, 0xF7, 0xAA, 0x01, 0x8A, 0xF9, 0xC0, 0x9C,
        0x78, 0xBD, 0x7C, 0xFC, 0xC8, 0xBE, 0x99, 0xC7, 0x7D, 0xCF, 0x94, 0x6D, 0x47, 0x24, 0x1B, 0x2E,
        0xBB, 0x0B, 0x80, 0x9F, 0xD7, 0x11, 0x31, 0xEB, 0x44, 0x6C, 0x8A, 0x0F, 0x1F, 0x6A, 0x62, 0x42,
        0x73, 0xD2, 0x22, 0x9D, 0x7D, 0x71, 0x50, 0xE9, 0x86, 0x24, 0xBD, 0xDC, 0xC5, 0xA4, 0x94, 0x1A,
        0xFE, 0xD7, 0xFF, 0xFA, 0x5F, 0xFF, 0x73, 0x2C, 0xBC, 0xFB, 0x4B, 0x2C, 0x4A, 0xB1, 0x68, 0x8A,
        0xAB, 0xC0, 0x0A, 0x00, 0x5F, 0x4A, 0x75, 0x8F, 0x98, 0x62, 0x43, 0x3B, 0x98, 0xF7, 0xB4, 0xA6,
        0x71, 0x2C, 0x6A, 0x5C, 0xC6, 0x98, 0xE2, 0xBE, 0x7D, 0xFB, 0xFE, 0x79, 0x94, 0x4F, 0xBF, 0xD0,
        0x3E, 0x73, 0x26, 0x76, 0x5C, 0xE9, 0xDC, 0xF3, 0x25, 0x9E, 0x63, 0x51, 0xCD, 0x33, 0x8F, 0x1F,
        0x3F, 0xFE, 0xFB, 0x11, 0x33, 0x14, 0x5A, 0x6B, 0x52, 0x4A, 0xA1, 0x71, 0xF8, 0x81, 0x2F, 0x28,
        0xCC, 0x9A, 0x63, 0x41, 0xD0, 0x44, 0xA1, 0xA9, 0x3A, 0x33, 0x53, 0x38, 0x16, 0x9E, 0xA3, 0x31,
        0x3D, 0x93, 0xB7, 0x1C, 0x57, 0xB6, 0x25, 0xB3, 0xF6, 0xB2, 0x4D, 0xB7, 0x64, 0xDF, 0x7D, 0xFD,
        0xAD, 0xA9, 0xCD, 0x69, 0xD7, 0xB2, 0x32, 0x69, 0xC8, 0x8E, 0x4C, 0xC2, 0x6A, 0x4F, 0xB9, 0x42,
        0x4A, 0x09, 0xC7, 0x61, 0xD8, 0x8E, 0x80, 0x36, 0xA0, 0x9A, 0x67, 0x30, 0x3E, 0xA3, 0x50, 0xAC,
        0x6B, 0x9C, 0x1A, 0xF7, 0xA1, 0x8C, 0x81, 0x65, 0x09, 0x00, 0x30, 0xA9, 0xA4, 0xE1, 0xBE, 0x0E,
        0xE2, 0xFA, 0x74, 0x50, 0x37, 0x8A, 0x39, 0x95, 0xB5, 0x57, 0x66, 0xDA, 0x12, 0x1B, 0xB2, 0x1D,
        0xCE, 0xA6, 0x54, 0xCE, 0x59, 0x59, 0x2B, 0x49, 0xC3, 0x06, 0x86, 0x21, 0x38, 0x93, 0x92, 0x28,
        0x8C, 0x2B, 0xED, 0x19, 0xB6, 0x53, 0x2B, 0xAC, 0xAE, 0xB6, 0xCE, 0x84, 0x3B, 0xB0, 0x2C, 0x93,
        0xAD, 0x2A, 0x6E, 0xF7, 0x8D, 0x5A, 0xEE, 0x24, 0xA8, 0xEF, 0xF6, 0x8F, 0x2F, 0x9F, 0x33, 0x93,
        0x53, 0x68, 0x65, 0x18, 0x0C, 0x8E, 0xBA, 0xF7, 0x30, 0x78, 0x76, 0x71, 0x84, 0xEA, 0x23, 0xCF,
        0x72, 0xDE, 0x38, 0x07, 0xE6, 0x4B, 0x2D, 0x88, 0xB0, 0x19, 0x87, 0x48, 0x77, 0xAD, 0x76, 0x6F,
        0xCD, 0xF6, 0x27, 0x6E, 0x96, 0x82, 0xED, 0xEE, 0x9C, 0x70, 0x75, 0xC9, 0x9F, 0x39, 0xB9, 0x77,
        0xFA, 0xFB, 0x85, 0x09, 0xEF, 0x38, 0x11, 0x13, 0x89, 0xD9, 0xDC, 0xE3, 0xF8, 0x7D, 0x9B, 0xA5,
        0x3C, 0x62, 0x9E, 0xD4, 0xC6, 0x42, 0x7F, 0xA4, 0xB1, 0xE8, 0x22, 0x29, 0xD1, 0x50, 0x0B, 0xB9,
        0x51, 0x9B, 0x6E, 0x8C, 0x29, 0x46, 0xDE, 0x6E, 0x03, 0x80, 0x9F, 0x7E, 0xFA, 0xE9, 0xBD, 0x8D,
        0x1A, 0xE9, 0xA8, 0x3F, 0xDA, 0x70, 0xC3, 0xD1, 0x66, 0x8C, 0x29, 0x1E, 0x38, 0x70, 0xE0, 0xF9,
        0xE8, 0x1A, 0xF5, 0x38, 0xA8, 0xA6, 0xA7, 0xA7, 0x87, 0x1B, 0xDA, 0x44, 0xBC, 0xC6, 0xBA, 0x51,
        0x3F, 0xDF, 0x7C, 0x8C, 0x8F, 0x8F, 0x7F, 0xE3, 0x77, 0x7E, 0xE7, 0x77, 0x3E, 0x1D, 0xB5, 0x49,
        0x2E, 0x37, 0xAE, 0xD3, 0xF0, 0x12, 0x1B, 0x63, 0x8A, 0xF9, 0x7C, 0x7E, 0x6F, 0x34, 0xAE, 0x7A,
        0xF3, 0xB8, 0xA3, 0x9A, 0xF5, 0x43, 0xCD, 0xF9, 0x07, 0xE7, 0xCF, 0x9F, 0x7F, 0x22, 0x1A, 0x57,
        0x3D, 0xE6, 0xE5, 0xE6, 0x83, 0x07, 0x0F, 0x0E, 0x37, 0xC6, 0x65, 0x8C, 0x29, 0x4E, 0x4F, 0x4F,
        0x17, 0xE3, 0x69, 0xC7, 0x23, 0x23, 0x23, 0x8D, 0xAA, 0xB6, 0xA0, 0xF9, 0x79, 0xA2, 0x7B, 0x36,
        0x72, 0xE2, 0x75, 0x6C, 0xAE, 0x1B, 0xF7, 0x30, 0x27, 0x4E, 0x9C, 0xF8, 0xCE, 0x5C, 0xCF, 0x99,
        0xCF, 0xE7, 0xBF, 0xFD, 0x83, 0x1F, 0xFC, 0xE0, 0xE1, 0xDB, 0x6F, 0xBF, 0xFD, 0x59, 0x84, 0x99,
        0x76, 0x7E, 0xF3, 0xF5, 0xA3, 0xFA, 0x75, 0x13, 0x8D, 0xB5, 0x71, 0xE8, 0xB8, 0x93, 0xF3, 0x32,
        0xE7, 0xBE, 0xE1, 0xC4, 0x44, 0x7C, 0xBE, 0x9E, 0x78, 0xE2, 0x89, 0x1F, 0x46, 0xF7, 0xAF, 0x44,
        0xD7, 0x30, 0x8F, 0x3F, 0xFE, 0xF8, 0x13, 0xF3, 0x8D, 0xFB, 0xF9, 0xE7, 0x9F, 0x7F, 0x78, 0xE3,
        0xC6, 0x8D, 0x7F, 0xD9, 0x98, 0x93, 0x97, 0xF6, 0xBF, 0x74, 0xDE, 0xF3, 0xBC, 0x92, 0x52, 0x0A,
        0xB5, 0x5A, 0xED, 0xDC, 0x87, 0xEE, 0xBF, 0xFF, 0x25, 0x22, 0x52, 0x42, 0x92, 0x26, 0x49, 0x9A,
        0x00, 0x4D, 0x82, 0xAC, 0x93, 0xA7, 0x4E, 0x1C, 0x08, 0x82, 0x00, 0x23, 0xE7, 0x87, 0xF0, 0xE4,
        0x4F, 0xFF, 0x1A, 0xFD, 0xEB, 0xB3, 0xEF, 0xEB, 0xDF, 0x98, 0xDD, 0xB1, 0xE1, 0xA6, 0xE4, 0x66,
        0xD7, 0x96, 0x76, 0x2E, 0x63, 0x39, 0x6D, 0x19, 0xC7, 0xEE, 0xCC, 0x39, 0xB4, 0xF1, 0x9A, 0x2C,
        0x5D, 0xD3, 0x9B, 0x23, 0x41, 0x16, 0x91, 0x64, 0xD2, 0xCA, 0xA0, 0x58, 0xD2, 0x54, 0xAE, 0x68,
        0x18, 0x26, 0xB8, 0x2E, 0xC1, 0xB6, 0x99, 0x6C, 0x5B, 0x20, 0xE5, 0x5A, 0x24, 0x6C, 0x22, 0x21,
        0x35, 0xB3, 0xD1, 0x75, 0xC7, 0x95, 0x5D, 0xB6, 0x23, 0x33, 0xB6, 0x23, 0xD2, 0x76, 0x42, 0x66,
        0xD8, 0x00, 0x5A, 0x9B, 0xA2, 0x0A, 0x88, 0x1D, 0x9B, 0x4C, 0xFE, 0xAC, 0xAA, 0xBE, 0xFE, 0xC3,
        0xF2, 0x74, 0x30, 0x01, 0x95, 0x74, 0x04, 0x93, 0xC5, 0xF4, 0xC4, 0x6B, 0xE7, 0xC5, 0x2B, 0xC7,
        0x86, 0xDC, 0x73, 0xE7, 0x26, 0x7A, 0xB6, 0x6C, 0x92, 0xAB, 0xD3, 0x5D, 0xA2, 0xFD, 0x33, 0xBF,
        0xBF, 0xC9, 0x9A, 0x53, 0x38, 0x4B, 0x29, 0x22, 0xCF, 0x38, 0x53, 0xB3, 0x44, 0xE5, 0x8B, 0x55,
        0x36, 0x41, 0x61, 0x1F, 0xBD, 0x46, 0xB7, 0x9D, 0x59, 0x4F, 0x3D, 0x35, 0xB2, 0xEF, 0xC2, 0x42,
        0x02, 0x00, 0x10, 0xED, 0x3D, 0x89, 0x1D, 0x6B, 0xDE, 0xDD, 0xF5, 0x8F, 0xDA, 0x37, 0xA4, 0xDF,
        0xD7, 0xD7, 0x2D, 0xCC, 0xCA, 0x6E, 0x3B, 0xF9, 0xEA, 0x33, 0xA5, 0xD7, 0x5E, 0x78, 0x74, 0xEC,
        0xDF, 0x94, 0x67, 0xBC, 0x37, 0x40, 0xEC, 0x13, 0x48, 0x1B, 0xC3, 0x3E, 0x9B, 0x88, 0xA9, 0x30,
        0x58, 0xCD, 0x9F, 0x5C, 0x60, 0x21, 0xDC, 0x58, 0xA1, 0x2D, 0x66, 0xDF, 0x73, 0x0C, 0x3C, 0x2A,
        0x0A, 0x63, 0xC5, 0xB7, 0x11, 0x56, 0xD1, 0x67, 0x12, 0xE1, 0xAE, 0x33, 0xA2, 0xE9, 0x19, 0x45,
        0x93, 0x94, 0x99, 0x06, 0x30, 0x19, 0xFD, 0xDE, 0x19, 0x1D, 0x76, 0xD3, 0x79, 0x0D, 0x69, 0x32,
        0x57, 0xEB, 0x26, 0x8E, 0x01, 0x6C, 0x26, 0x62, 0x54, 0xB9, 0x79, 0xC6, 0x5C, 0x05, 0x50, 0x8C,
        0xC6, 0xDC, 0x3C, 0xEE, 0x86, 0xA4, 0x8D, 0xDF, 0x43, 0x45, 0x4C, 0x64, 0x22, 0x02, 0x4F, 0x1A,
        0x40, 0xDF, 0x1C, 0xCF, 0x85, 0x26, 0xB3, 0x4B, 0x47, 0xF7, 0xAA, 0x45, 0xE3, 0x88, 0x3F, 0x4F,
        0x03, 0x90, 0xE3, 0x08, 0x77, 0x85, 0x8D, 0x27, 0x42, 0x75, 0x02, 0xE8, 0x40, 0xD4, 0xBF, 0x60,
        0x1E, 0xAD, 0x2B, 0x88, 0x9E, 0xA1, 0x12, 0x8D, 0xA3, 0x73, 0x8E, 0xEB, 0xD7, 0x01, 0x8C, 0xE2,
        0xC2, 0xE6, 0x92, 0xBD, 0x08, 0x37, 0x05, 0x79, 0x2B, 0x73, 0xDF, 0xF0, 0xEE, 0xBB, 0x4D, 0xF3,
        0x15, 0x20, 0xDC, 0x39, 0x77, 0x3A, 0x76, 0x8F, 0x24, 0xDE, 0x9C, 0xAB, 0xCF, 0xB1, 0xFB, 0xD5,
        0x88, 0xE0, 0x03, 0xE8, 0x46, 0x58, 0x00, 0x64, 0x45, 0xEA, 0x2A, 0x03, 0xF0, 0xA5, 0xA0, 0x92,
        0x65, 0x8B, 0x2A, 0x49, 0x90, 0x10, 0x62, 0xB3, 0x95, 0x90, 0xEB, 0x8D, 0x36, 0x55, 0xC7, 0x15,
        0x6D, 0x6B, 0x6E, 0xE8, 0x7C, 0x30, 0x93, 0x72, 0x57, 0x31, 0x91, 0x7B, 0xCB, 0xBD, 0x29, 0x3B,
        0xD3, 0x29, 0x93, 0x00, 0x53, 0x36, 0xE5, 0x58, 0xD7, 0xF4, 0x65, 0xED, 0x6C, 0xC6, 0x26, 0x66,
        0x0B, 0xBE, 0xD2, 0x38, 0x37, 0x55, 0x46, 0xA5, 0x16, 0x40, 0x79, 0x8C, 0xC0, 0x37, 0x18, 0x9D,
        0xD1, 0x28, 0x7A, 0x06, 0x9B, 0x56, 0x4B, 0xA4, 0x5D, 0x07, 0x03, 0x1D, 0x59, 0xA4, 0x5D, 0x87,
        0x4F, 0x8C, 0x16, 0xD5, 0x8B, 0xAF, 0x95, 0x4A, 0xA3, 0x23, 0xF5, 0xF3, 0x95, 0x11, 0x35, 0x51,
        0x1D, 0x2A, 0xBD, 0x56, 0x2A, 0xFA, 0x27, 0x99, 0xC1, 0xA9, 0x0E, 0xAB, 0xFF, 0xEE, 0x8F, 0xF7,
        0x7E, 0xA4, 0x77, 0xA5, 0xDD, 0x45, 0xB0, 0xC4, 0xD3, 0xDF, 0x29, 0x4F, 0x8E, 0x0E, 0x55, 0x86,
        0x32, 0x39, 0xE9, 0x5E, 0xFF, 0x81, 0xF4, 0x2A, 0x3B, 0x45, 0xF6, 0xD6, 0x81, 0x36, 0x69, 0xB1,
        0x5F, 0x3B, 0x71, 0xA6, 0x32, 0xD8, 0xBF, 0x32, 0xB3, 0xE7, 0xF4, 0xA4, 0xFF, 0xB7, 0x27, 0x4F,
        0x94, 0x5E, 0xFF, 0xAB, 0x7F, 0x7F, 0xBC, 0xDA, 0x0C, 0x22, 0x68, 0x6D, 0x58, 0x4A, 0xC1, 0x61,
        0x48, 0x30, 0x72, 0x63, 0xE8, 0x8B, 0x24, 0x2D, 0x8B, 0xB0, 0x3D, 0xB6, 0x09, 0x93, 0xED, 0x10,
        0xA6, 0x0C, 0x50, 0x63, 0x42, 0x09, 0xCC, 0x08, 0xB7, 0xC1, 0x0A, 0x77, 0xA5, 0x31, 0x5A, 0x1B,
        0x2B, 0xBB, 0x22, 0xB5, 0xD3, 0xE9, 0x71, 0x6F, 0xCC, 0xE5, 0x2C, 0x7B, 0x65, 0x9F, 0x08, 0xBC,
        0x82, 0x2A, 0x8F, 0x9D, 0x0A, 0x86, 0xB5, 0x96, 0xAE, 0x65, 0x0B, 0x47, 0x6B, 0xAE, 0xB3, 0x41,
        0x00, 0x66, 0x05, 0x82, 0x56, 0xBE, 0xB9, 0x94, 0x5A, 0xA6, 0xA2, 0x45, 0xE1, 0x47, 0x0B, 0xDE,
        0x8A, 0x16, 0x74, 0x63, 0x1B, 0xE3, 0xC6, 0x02, 0x4E, 0xC4, 0x3E, 0xAB, 0x46, 0x0B, 0xD2, 0x8A,
        0x16, 0x5A, 0x23, 0xEF, 0x5B, 0xC5, 0x6C, 0x6D, 0x19, 0x3B, 0xB7, 0x10, 0x93, 0x78, 0x33, 0xD1,
        0x79, 0x59, 0x5C, 0xD8, 0x23, 0x40, 0xC5, 0xA4, 0x73, 0x62, 0x0E, 0x5B, 0xBD, 0x31, 0x86, 0x5A,
        0x74, 0x5E, 0x63, 0xFB, 0xE4, 0xF9, 0xC6, 0xEC, 0x45, 0xE3, 0x6B, 0x8C, 0x5B, 0xA2, 0xD1, 0xED,
        0x37, 0xBC, 0x56, 0x2A, 0xFA, 0x8E, 0x89, 0xBE, 0x53, 0x88, 0xA9, 0xD1, 0xD5, 0x88, 0x01, 0x64,
        0x63, 0xE0, 0x68, 0x48, 0x49, 0x19, 0xFB, 0x5E, 0x3D, 0xFA, 0x5E, 0x10, 0x7D, 0xB7, 0xF1, 0x3C,
        0x8D, 0xB1, 0x95, 0x9B, 0x00, 0xDF, 0x78, 0x8E, 0xE9, 0xE8, 0xFC, 0xD4, 0x1C, 0xCF, 0xD9, 0x00,
        0x5A, 0x83, 0x99, 0xC4, 0x19, 0x6F, 0xFC, 0xFA, 0x5E, 0xC4, 0x14, 0xAA, 0xB1, 0xDF, 0xC7, 0xA3,
        0xEF, 0x3A, 0x6F, 0x61, 0xEE, 0xAB, 0xB8, 0x50, 0xA5, 0x17, 0x9F, 0xAF, 0x06, 0x03, 0x6D, 0x5C,
        0xEB, 0x7C, 0x8C, 0xC1, 0xCD, 0x35, 0x6E, 0x8F, 0x04, 0x3C, 0x41, 0x24, 0x99, 0x67, 0xE7, 0x29,
        0x11, 0xE5, 0x94, 0x7A, 0x76, 0x42, 0xD8, 0x9D, 0x7D, 0xEE, 0xB5, 0xC2, 0x91, 0x82, 0xB5, 0xD1,
        0x6E, 0x9B, 0xFB, 0x21, 0x27, 0xE5, 0xAC, 0x4B, 0xA5, 0x51, 0x08, 0x58, 0x64, 0x7B, 0xAE, 0xCB,
        0x6D, 0xCB, 0x76, 0x58, 0x6E, 0x9B, 0xCB, 0xAA, 0x73, 0x99, 0x25, 0x95, 0x07, 0x49, 0x92, 0x05,
        0xC8, 0xC8, 0x74, 0x52, 0x52, 0xB1, 0xE2, 0x83, 0xC8, 0x47, 0xB9, 0xAE, 0xE1, 0x07, 0x01, 0x18,
        0x0C, 0x61, 0x31, 0x84, 0x06, 0xFA, 0xBB, 0x89, 0x6A, 0xBE, 0x60, 0xD7, 0x26, 0x02, 0x19, 0x2E,
        0xD7, 0x15, 0x0C, 0x09, 0x22, 0xB2, 0xC5, 0x8E, 0x1D, 0x6D, 0xEE, 0x53, 0xE3, 0xA6, 0x67, 0x34,
        0xAF, 0xE0, 0xB1, 0x73, 0x4D, 0xBA, 0x83, 0xA5, 0x61, 0xF8, 0xBD, 0x1B, 0xDD, 0x9B, 0x06, 0xA7,
        0x82, 0x44, 0x2A, 0x67, 0x19, 0x5B, 0x1A, 0xB3, 0x72, 0xBD, 0x5D, 0x1B, 0x39, 0xED, 0x1F, 0x18,
        0x3D, 0xE3, 0x9D, 0xCC, 0xBC, 0xA2, 0xEF, 0xDC, 0xFC, 0x9E, 0xEC, 0x7B, 0x04, 0xB1, 0x75, 0xED,
        0xDA, 0xCE, 0xE4, 0xE8, 0x68, 0x39, 0x65, 0xB7, 0x39, 0x5D, 0x37, 0xF6, 0xA6, 0x3A, 0xDF, 0x78,
        0x3E, 0x6F, 0xCF, 0x25, 0x39, 0xDF, 0x64, 0x27, 0x35, 0x01, 0x3E, 0xFE, 0x37, 0x8E, 0x9A, 0x68,
        0xE2, 0x22, 0xC7, 0xDD, 0x45, 0x53, 0xCA, 0xD0, 0x9A, 0x69, 0xD9, 0xDA, 0xF4, 0xBB, 0x96, 0x6F,
        0x69, 0xBF, 0x37, 0xD7, 0xE5, 0xF6, 0xAE, 0xE8, 0xB1, 0xFD, 0xF6, 0x1C, 0x70, 0x62, 0xD4, 0x0B,
        0x34, 0x0C, 0x6C, 0x5B, 0xD8, 0xDA, 0x13, 0x5A, 0xB3, 0xF2, 0x01, 0x04, 0x20, 0x28, 0xE5, 0x2D,
        0xBA, 0x9C, 0xB0, 0xC1, 0xD1, 0x8B, 0xB8, 0xB0, 0xF9, 0x81, 0x8E, 0xD9, 0x71, 0x13, 0xB1, 0x58,
        0x70, 0xFC, 0x33, 0x8A, 0xC0, 0xD5, 0x90, 0x9C, 0x3A, 0x26, 0xE9, 0xE7, 0xBA, 0x4E, 0x63, 0x91,
        0x15, 0x22, 0x50, 0xC8, 0x98, 0xD4, 0xD4, 0xF3, 0x3E, 0xFF, 0xDC, 0xF6, 0xF0, 0xA5, 0xC6, 0xEC,
        0x35, 0x8D, 0x5B, 0xC7, 0xAE, 0x51, 0x88, 0xFE, 0xC6, 0x78, 0xF3, 0x4E, 0xB8, 0x26, 0x02, 0x6B,
        0xFC, 0xB9, 0xE2, 0x3B, 0xF7, 0xCC, 0xF5, 0xBD, 0xF8, 0xF3, 0x70, 0xD3, 0xBD, 0x9A, 0x49, 0xC7,
        0xAE, 0x4F, 0x0B, 0xF8, 0x24, 0xE6, 0x9B, 0xAF, 0xB9, 0xC6, 0x1C, 0x07, 0xFE, 0x95, 0xCC, 0x7D,
        0xA5, 0x69, 0xBE, 0x9A, 0x7D, 0x27, 0x0D, 0xF3, 0x64, 0xCE, 0x71, 0x4B, 0x49, 0x20, 0x82, 0x15,
        0xEA, 0xDE, 0x54, 0x33, 0x9A, 0x03, 0x3B, 0x29, 0x3A, 0xAF, 0xBD, 0xA9, 0xFD, 0x03, 0x47, 0x5F,
        0x2E, 0x3E, 0xB9, 0x61, 0x7B, 0xEE, 0xEE, 0xDE, 0x0D, 0xA9, 0xDB, 0xAA, 0x25, 0x32, 0x2B, 0xD6,
        0x38, 0x2B, 0x9C, 0x36, 0xD1, 0x3F, 0x7C, 0x42, 0xE9, 0xEE, 0x15, 0x0E, 0xAD, 0x59, 0x23, 0xDA,
        0x66, 0x2A, 0x96, 0x9B, 0x70, 0x41, 0xFD, 0x2B, 0x85, 0xA3, 0x15, 0x93, 0x94, 0x82, 0x48, 0x08,
        0xA1, 0x34, 0xD3, 0xC1, 0xC1, 0x69, 0x38, 0xD2, 0x42, 0xA5, 0xA6, 0x91, 0x74, 0x25, 0x55, 0x3C,
        0xC3, 0x93, 0x45, 0x85, 0xCE, 0xAC, 0x84, 0xEB, 0x02, 0x2A, 0x20, 0x64, 0xD2, 0x82, 0xD8, 0x08,
        0xB0, 0x06, 0x26, 0x4B, 0x55, 0xD8, 0xD5, 0x3A, 0x6B, 0xED, 0x10, 0x0B, 0x63, 0x53, 0x5D, 0x64,
        0xA1, 0x49, 0x77, 0xF4, 0x25, 0xAE, 0x49, 0x77, 0x3A, 0x6D, 0xB6, 0x63, 0x5C, 0x99, 0xB3, 0x57,
        0xA4, 0x92, 0xD2, 0x52, 0x1A, 0xCC, 0xCA, 0xA8, 0xE1, 0x93, 0xE5, 0x53, 0xF9, 0xD1, 0xF2, 0xF3,
        0x3A, 0x40, 0xE9, 0xC0, 0x53, 0xF9, 0xD3, 0xE7, 0x4E, 0x54, 0x0F, 0x4C, 0x7F, 0xA8, 0xFE, 0x2B,
        0x53, 0x95, 0x72, 0xFF, 0xBE, 0x9F, 0x55, 0xCE, 0x8C, 0x7C, 0xB3, 0x70, 0xF0, 0xFA, 0x9D, 0x59,
        0xFF, 0xD4, 0xCB, 0x33, 0x7A, 0x5E, 0xD0, 0x6B, 0xBD, 0x38, 0xD0, 0x69, 0xCD, 0x2C, 0xA5, 0x30,
        0x4D, 0xBE, 0x7B, 0x49, 0x14, 0xE6, 0xFF, 0x82, 0x89, 0xDC, 0x8C, 0x5C, 0x76, 0xF3, 0xFB, 0xBB,
        0x3F, 0x7E, 0xCD, 0x0D, 0x1D, 0xD7, 0x06, 0x4A, 0x79, 0xB9, 0x34, 0x1B, 0xC7, 0xB6, 0x79, 0xF5,
        0xDA, 0xAC, 0xD0, 0xEF, 0x47, 0xB7, 0x03, 0x93, 0x3C, 0xBA, 0xBF, 0x5E, 0xD7, 0x8A, 0x7D, 0x69,
        0x91, 0xF1, 0xEB, 0x97, 0x5D, 0x3F, 0xDC, 0xE0, 0xD6, 0x97, 0xE3, 0xC8, 0x99, 0x6B, 0x01, 0x02,
        0x97, 0xDE, 0x4E, 0xBA, 0xA1, 0x0A, 0xAA, 0xCB, 0x74, 0x28, 0x5D, 0xCE, 0x98, 0x17, 0x1A, 0x77,
        0x70, 0x19, 0x8E, 0xBD, 0xC5, 0x3C, 0xD7, 0x42, 0xCF, 0xB3, 0xD0, 0xD8, 0x2E, 0xE7, 0x39, 0x2F,
        0x75, 0xFD, 0xF9, 0xC6, 0x7C, 0xB9, 0x73, 0x6F, 0xDE, 0xCA, 0xB8, 0x85, 0x20, 0x02, 0x20, 0x98,
        0x48, 0x10, 0x91, 0x04, 0x11, 0x49, 0x47, 0x64, 0x3E, 0xFC, 0x85, 0xFE, 0x7F, 0xD1, 0xB3, 0x21,
        0xB9, 0xF3, 0x86, 0xBB, 0xBA, 0x3E, 0xD1, 0xB7, 0xDC, 0xCD, 0xD6, 0x8D, 0x6C, 0xAB, 0xD4, 0xFC,
        0xEA, 0x35, 0x6B, 0xDD, 0xEC, 0xF4, 0x4C, 0x40, 0xCB, 0x57, 0x90, 0x18, 0x1D, 0x0A, 0xD0, 0xDE,
        0x2B, 0xAD, 0x1E, 0x29, 0xE1, 0x79, 0x61, 0x62, 0x9A, 0x90, 0xE1, 0x06, 0x31, 0x92, 0x04, 0x81,
        0x98, 0xB4, 0x66, 0x94, 0x3C, 0x05, 0x62, 0x81, 0x52, 0x59, 0xF3, 0x44, 0x31, 0xC0, 0x4C, 0xC5,
        0x60, 0xAA, 0xA4, 0xB0, 0xBA, 0xC7, 0x41, 0x2E, 0x0D, 0x26, 0x21, 0x48, 0x18, 0xE2, 0xD0, 0xAE,
        0x26, 0x0E, 0x7C, 0x62, 0x66, 0xC5, 0x33, 0xD3, 0x01, 0x4E, 0x1C, 0xF0, 0x29, 0x93, 0xB2, 0x52,
        0xFD, 0x1B, 0x68, 0x99, 0x9D, 0xA6, 0xF6, 0xEE, 0x6E, 0x29, 0x95, 0x31, 0xD2, 0x95, 0x82, 0x52,
        0x09, 0x08, 0x12, 0x24, 0xDA, 0xBB, 0x65, 0xA7, 0x0E, 0x50, 0x0A, 0x7C, 0x53, 0x04, 0xB3, 0x19,
        0x3D, 0x5E, 0xF9, 0xE9, 0xE3, 0x5F, 0xAB, 0xBD, 0xF1, 0xC2, 0x0A, 0xFB, 0x9A, 0xC2, 0xA8, 0x19,
        0xF5, 0x7D, 0x3D, 0x78, 0xF4, 0xA5, 0x89, 0xA1, 0x5A, 0x45, 0x55, 0x17, 0x92, 0xF4, 0x8B, 0xA6,
        0xC8, 0x1C, 0x30, 0x71, 0x69, 0xC7, 0x0C, 0xC9, 0x86, 0x95, 0x94, 0x64, 0xAD, 0xDC, 0x94, 0xBD,
        0x75, 0xED, 0x8D, 0xED, 0xEF, 0x59, 0xD1, 0x9F, 0xC8, 0x0C, 0x9E, 0x55, 0x33, 0x4A, 0x13, 0x0D,
        0x74, 0x77, 0xA9, 0xAE, 0x5C, 0x5A, 0xAD, 0xE8, 0x9C, 0x90, 0xFE, 0x84, 0x91, 0xC7, 0x5E, 0x9D,
        0xF6, 0xB5, 0x62, 0xFD, 0xF3, 0xEC, 0x0D, 0xD6, 0xA2, 0x16, 0xC5, 0xD2, 0x48, 0x48, 0xCC, 0x6E,
        0xCA, 0xCA, 0xF2, 0x96, 0x7B, 0xBA, 0x7E, 0xF5, 0xB7, 0xBE, 0xB8, 0xF5, 0xC1, 0xC3, 0x27, 0x0B,
        0x75, 0x7F, 0x75, 0x6D, 0x8D, 0x93, 0x10, 0x34, 0x3E, 0x66, 0x8C, 0xE5, 0xE8, 0x8C, 0x74, 0x84,
        0x10, 0x42, 0xE8, 0x42, 0x41, 0xE9, 0xF1, 0xB3, 0x2C, 0x2A, 0x35, 0x32, 0x37, 0xDE, 0x46, 0x9C,
        0x70, 0x49, 0x32, 0x31, 0x09, 0xC3, 0x82, 0x11, 0x76, 0xC0, 0x27, 0x22, 0x10, 0x31, 0xA4, 0x00,
        0x58, 0x1B, 0xCC, 0x94, 0x0C, 0x15, 0x8A, 0x86, 0x85, 0x04, 0x71, 0xD4, 0x22, 0x87, 0x05, 0xA1,
        0x3B, 0x93, 0x62, 0xD7, 0xB2, 0x71, 0x7E, 0xAA, 0x3C, 0xEB, 0x48, 0xAB, 0xD7, 0x0C, 0x9D, 0x1F,
        0xAC, 0x33, 0x99, 0x3A, 0x0F, 0x6C, 0xC8, 0x5A, 0x77, 0xDC, 0xE9, 0xA4, 0xA7, 0x0A, 0x3A, 0x49,
        0x82, 0x8D, 0xD1, 0xA4, 0xA3, 0x7C, 0x19, 0x26, 0x62, 0xBB, 0x30, 0xE5, 0x9F, 0x0C, 0x02, 0x5D,
        0xD5, 0xCA, 0xD4, 0xB4, 0x36, 0x75, 0x80, 0x84, 0x56, 0xBA, 0x3A, 0x7C, 0x34, 0x38, 0x03, 0x43,
        0x3E, 0x03, 0x35, 0xAD, 0x4C, 0x25, 0x6C, 0x6E, 0xB3, 0x04, 0xA0, 0x9F, 0x05, 0xBE, 0x25, 0x4C,
        0x2C, 0x36, 0x0F, 0x66, 0xB0, 0x36, 0xEC, 0x97, 0x66, 0x82, 0x91, 0x91, 0x33, 0xB5, 0x33, 0xE4,
        0xC8, 0xB6, 0x7C, 0x35, 0x40, 0x67, 0x47, 0x8E, 0x57, 0xB4, 0xE7, 0x4C, 0x4F, 0xBB, 0x5B, 0x19,
        0x1F, 0x29, 0x1D, 0x3A, 0xF1, 0x7A, 0xF9, 0xB5, 0x5A, 0x55, 0xD7, 0x78, 0x9E, 0xD0, 0x5F, 0x8B,
        0x5A, 0x74, 0x55, 0x89, 0xA2, 0xC8, 0x72, 0x14, 0x5E, 0xCE, 0x75, 0xDB, 0xFD, 0xDB, 0xDF, 0xDB,
        0xF6, 0x2B, 0x95, 0x9A, 0xAA, 0xB2, 0xD0, 0x28, 0x95, 0x98, 0xBB, 0x2D, 0x41, 0xAF, 0xBF, 0x52,
        0x52, 0x85, 0x29, 0xDF, 0x5B, 0xB3, 0x49, 0xFB, 0x83, 0x47, 0x6B, 0xC7, 0x8B, 0x93, 0x26, 0x61,
        0xA7, 0xAC, 0x75, 0x1D, 0xD7, 0xA9, 0x84, 0x2D, 0x72, 0xF6, 0xF2, 0xF6, 0x35, 0x18, 0xAB, 0x1E,
        0x16, 0x64, 0x92, 0x30, 0x1A, 0x62, 0x36, 0xB1, 0x87, 0x28, 0x74, 0x8B, 0x6B, 0x83, 0xB6, 0x34,
        0x30, 0x39, 0xC9, 0xA4, 0x14, 0xA1, 0xA7, 0x47, 0xA2, 0x33, 0x4B, 0x48, 0xDB, 0x16, 0xDA, 0x93,
        0x0E, 0xB5, 0x67, 0x53, 0xDC, 0x99, 0x75, 0xE8, 0xD8, 0x60, 0x91, 0x3D, 0x5F, 0x61, 0x72, 0x3A,
        0xD0, 0x87, 0x0F, 0xD4, 0xB5, 0x51, 0x60, 0x4E, 0x79, 0x3C, 0x39, 0x23, 0x44, 0x36, 0x23, 0xA4,
        0x62, 0x32, 0xCA, 0x83, 0x20, 0x09, 0xA3, 0x02, 0xD6, 0x5E, 0xC0, 0x9E, 0x61, 0x4A, 0x4B, 0x49,
        0x14, 0xD4, 0xB9, 0xA6, 0x7C, 0xAE, 0x01, 0xCC, 0x5A, 0x90, 0x00, 0x41, 0x10, 0x1B, 0x5F, 0x6B,
        0xAA, 0x1A, 0x66, 0x7F, 0x2E, 0x5D, 0xF4, 0x8A, 0xF6, 0xFB, 0xD6, 0x2A, 0x92, 0xF8, 0x8D, 0x1A,
        0x3F, 0x22, 0xC1, 0x86, 0xFD, 0xF1, 0x33, 0xD5, 0x7D, 0x87, 0x5E, 0x9C, 0x79, 0x56, 0xB6, 0xC9,
        0xB5, 0xC9, 0x36, 0xAB, 0x8B, 0x2C, 0xF6, 0x27, 0xAB, 0xE5, 0x7A, 0xCD, 0xF7, 0x26, 0x5E, 0x78,
        0x66, 0xFC, 0xB9, 0x37, 0x5E, 0x98, 0x3E, 0xC9, 0x9A, 0x75, 0x6B, 0xF5, 0xB5, 0xE8, 0xED, 0x11,
        0xF3, 0xB3, 0x3E, 0x7F, 0xCD, 0xC4, 0xA6, 0x5A, 0xD2, 0xF9, 0x03, 0x3F, 0x2D, 0x3C, 0x97, 0xC9,
        0x0C, 0x77, 0x0B, 0x57, 0x24, 0xAA, 0x75, 0x45, 0xAF, 0xBD, 0x5A, 0x0A, 0xCE, 0x9C, 0xAA, 0x96,
        0xB8, 0xC6, 0xC3, 0xE7, 0x8E, 0x15, 0x0F, 0x14, 0xC6, 0xBD, 0x03, 0xE9, 0xAC, 0xBD, 0xAA, 0x67,
        0x65, 0x2E, 0x97, 0xB4, 0xD2, 0x5D, 0xEB, 0x7B, 0x6E, 0x91, 0xEF, 0x59, 0xF3, 0x5B, 0xF2, 0xC7,
        0x2F, 0x3C, 0x46, 0xA5, 0x15, 0x8F, 0x53, 0x71, 0xBC, 0x04, 0x65, 0x04, 0x98, 0x0C, 0x04, 0x53,
        0xE8, 0xE9, 0x96, 0x61, 0x67, 0x8C, 0xEB, 0xD6, 0x3A, 0x18, 0xCF, 0x33, 0x3A, 0xD3, 0x04, 0x15,
        0x10, 0xAA, 0x81, 0x02, 0x75, 0xF8, 0xAC, 0x0D, 0x21, 0x30, 0x9A, 0x15, 0x69, 0xD4, 0x7C, 0x03,
        0x3F, 0x30, 0x6A, 0xF5, 0xFA, 0x84, 0x47, 0xC4, 0xE8, 0xEC, 0xB4, 0x2C, 0xA3, 0xC3, 0x98, 0x79,
        0x36, 0xE9, 0x88, 0xF6, 0x4E, 0x07, 0x67, 0xC7, 0xAB, 0x22, 0x9D, 0x22, 0xAC, 0x48, 0xD9, 0xF6,
        0xF8, 0xB5, 0xFE, 0xBA, 0xA3, 0x2F, 0x5A, 0xCB, 0x4A, 0x33, 0xDE, 0x69, 0x66, 0x84, 0x01, 0x6E,
        0xCD, 0x9A, 0x04, 0x0C, 0x40, 0xDA, 0xB0, 0xF6, 0x58, 0x63, 0xCE, 0x66, 0x9B, 0xD6, 0x95, 0xCE,
        0x9F, 0xD6, 0x26, 0x2A, 0xF0, 0x8F, 0xB9, 0xF2, 0x98, 0x83, 0x44, 0x56, 0x24, 0x53, 0x39, 0xD1,
        0x56, 0x9D, 0xF6, 0xA7, 0x4F, 0x4C, 0x04, 0x45, 0x0B, 0x4C, 0x5E, 0x5E, 0xBF, 0xF2, 0xF8, 0x5F,
        0x0F, 0xED, 0xAD, 0x55, 0x82, 0xBA, 0xD1, 0x2D, 0xB5, 0xBE, 0x45, 0x6F, 0x27, 0xF0, 0xA3, 0x76,
        0x30, 0x9A, 0x94, 0x21, 0x2E, 0x9F, 0x7A, 0xAD, 0xF2, 0x92, 0x93, 0xCC, 0xDF, 0xB1, 0xE5, 0xCE,
        0xB6, 0x5E, 0x3B, 0x21, 0xE4, 0xE8, 0xA4, 0x67, 0x92, 0x69, 0xD4, 0xCF, 0x0F, 0xD5, 0x5E, 0xC8,
        0x9F, 0xAF, 0x3D, 0x0D, 0x86, 0x96, 0xB6, 0x70, 0xD2, 0xBD, 0x6C, 0x2D, 0xEB, 0x5E, 0x61, 0xDD,
        0xBA, 0xF2, 0x93, 0xE2, 0xC4, 0xE1, 0x51, 0xFA, 0x7F, 0xBF, 0xF2, 0x28, 0x3D, 0xF3, 0xEC, 0x33,
        0xF4, 0x2F, 0xFF, 0xFC, 0x16, 0xA4, 0x52, 0xA1, 0xEA, 0x1E, 0xC6, 0x04, 0x09, 0x24, 0x0C, 0x04,
        0x08, 0x30, 0x84, 0xDE, 0x1E, 0x8A, 0xEC, 0x60, 0xA0, 0xAE, 0x19, 0x47, 0xCE, 0x94, 0xB0, 0xBC,
        0xA7, 0x86, 0xAA, 0x47, 0x54, 0x2C, 0x07, 0x9C, 0x4C, 0xC2, 0x27, 0xA5, 0xA7, 0x67, 0xA6, 0x74,
        0x3D, 0x93, 0x26, 0xC7, 0x62, 0x64, 0x92, 0x09, 0xD8, 0x42, 0x0B, 0x2C, 0x6F, 0x4F, 0x51, 0x77,
        0x2E, 0x2B, 0xB2, 0x69, 0xC7, 0x94, 0x6B, 0x9E, 0xC8, 0x65, 0xEC, 0x94, 0xAE, 0xA8, 0xE3, 0x7E,
        0x35, 0x18, 0x54, 0x01, 0xD7, 0xA4, 0x20, 0x81, 0xA8, 0x4D, 0x3C, 0x1B, 0x56, 0x00, 0x14, 0x33,
        0xE6, 0x35, 0x9D, 0xAD, 0xA5, 0x98, 0x3F, 0xAD, 0x2E, 0x02, 0x3E, 0x49, 0x80, 0xAB, 0x93, 0xFE,
        0xDE, 0xB1, 0x13, 0xD5, 0x15, 0x23, 0xC7, 0xAA, 0xE7, 0xC6, 0x4E, 0x56, 0x0F, 0x1D, 0x5D, 0x9D,
        0xCF, 0x68, 0x8F, 0xDF, 0x38, 0xFE, 0xC6, 0xCC, 0xB0, 0xB4, 0xC8, 0x98, 0x96, 0x9C, 0x6F, 0xD1,
        0xDB, 0x44, 0xC6, 0x30, 0x0B, 0x49, 0x86, 0xC2, 0xF4, 0x57, 0x65, 0x98, 0x15, 0x49, 0x54, 0x65,
        0x42, 0xEA, 0xB6, 0xAC, 0xAD, 0x37, 0xAE, 0xEC, 0xB4, 0x03, 0x82, 0x7C, 0xE9, 0xA9, 0xE9, 0x4A,
        0x7E, 0xA4, 0xFA, 0x54, 0xAD, 0xA4, 0xCE, 0x59, 0x16, 0x39, 0x65, 0x86, 0xB0, 0x92, 0x5C, 0xFE,
        0xE0, 0x2D, 0x1F, 0xB5, 0x64, 0xB0, 0x46, 0x7C, 0xFF, 0xB1, 0x47, 0xE8, 0x27, 0x4F, 0xFD, 0x0C,
        0x99, 0x54, 0x16, 0xFF, 0x65, 0xD7, 0x51, 0xFC, 0xF6, 0xD7, 0xD6, 0x87, 0x65, 0xA2, 0xA1, 0x4D,
        0x4F, 0xCC, 0x14, 0xE6, 0xD7, 0x8A, 0x30, 0x91, 0x25, 0xEA, 0x1A, 0x0B, 0x29, 0x05, 0xB4, 0x26,
        0x0C, 0x9E, 0x57, 0x88, 0xBA, 0x51, 0x9B, 0xE2, 0xB4, 0x2A, 0x8F, 0x9F, 0xAD, 0x9E, 0x99, 0x38,
        0x51, 0x3D, 0xD6, 0xBB, 0xDA, 0x59, 0x93, 0x69, 0xB7, 0xAF, 0xAB, 0x29, 0x45, 0x4A, 0x19, 0x99,
        0x76, 0x6C, 0xA1, 0x98, 0x71, 0x7A, 0xAC, 0xA8, 0x67, 0x4A, 0x35, 0xD1, 0xC6, 0xEE, 0xE9, 0xBD,
        0x3F, 0x9A, 0xFC, 0x9B, 0xC9, 0x91, 0xFA, 0x31, 0x69, 0x0B, 0x8B, 0xC3, 0x8D, 0x60, 0xC2, 0x44,
        0x3A, 0x82, 0x66, 0xB3, 0xB0, 0xAF, 0xCC, 0x5A, 0xAA, 0x89, 0x8C, 0x80, 0xCF, 0x24, 0x48, 0x18,
        0xC3, 0xFE, 0xC9, 0x17, 0x0B, 0x3F, 0xC8, 0x0F, 0x79, 0x07, 0xBD, 0x9A, 0xE6, 0xE9, 0xD1, 0xDA,
        0xE8, 0xC8, 0xD1, 0x32, 0x25, 0x12, 0xD2, 0x90, 0xE1, 0x00, 0x6F, 0xDF, 0x86, 0x9D, 0x2D, 0x6A,
        0x51, 0x08, 0x7C, 0xCD, 0x26, 0x0A, 0x3F, 0x0B, 0x30, 0xAB, 0xD2, 0x8C, 0xFF, 0x86, 0xD1, 0xC1,
        0x9E, 0xF1, 0xC9, 0xFA, 0x3D, 0x1B, 0x56, 0xD9, 0xA9, 0x95, 0xA9, 0x54, 0xE5, 0x87, 0x27, 0x07,
        0xBF, 0x5E, 0x9C, 0xF4, 0x0F, 0x5B, 0x36, 0xB9, 0x41, 0x00, 0x43, 0x42, 0x4F, 0xB9, 0x09, 0x2B,
        0xFF, 0xD2, 0x99, 0x6F, 0xE9, 0xBF, 0x79, 0xF6, 0x18, 0xFD, 0x97, 0xDD, 0x7F, 0x82, 0x64, 0x32,
        0x89, 0x20, 0xD0, 0xF8, 0xDF, 0xFE, 0xC5, 0xCA, 0x30, 0x3B, 0xDF, 0x18, 0x80, 0x28, 0x4C, 0x63,
        0xA1, 0x58, 0x41, 0xEA, 0x6C, 0x43, 0x1C, 0x70, 0x58, 0x7A, 0x0A, 0x08, 0x47, 0xC0, 0x18, 0x66,
        0xCF, 0x63, 0x6F, 0x7C, 0xB8, 0x3E, 0x7A, 0xE2, 0x95, 0xD2, 0x2B, 0x53, 0xE7, 0xAB, 0xAF, 0x9D,
        0x3B, 0xAE, 0xBF, 0x9F, 0x48, 0x74, 0x7D, 0x72, 0xF3, 0xAD, 0x6D, 0xF7, 0x79, 0x92, 0xF1, 0xF4,
        0xE1, 0x73, 0x66, 0x59, 0x3A, 0x57, 0x1F, 0x9A, 0x2A, 0xA1, 0x32, 0xA9, 0x47, 0xFF, 0xE6, 0xF1,
        0xF3, 0xFF, 0x73, 0xF0, 0x48, 0x69, 0x8F, 0xB4, 0x84, 0x6C, 0xEC, 0xFC, 0x84, 0x70, 0xBB, 0x37,
        0x05, 0xC6, 0x25, 0xFB, 0xE7, 0x2F, 0xE9, 0x2E, 0xA0, 0x6C, 0x18, 0x22, 0xDC, 0xE1, 0x1E, 0x2A,
        0x60, 0x55, 0x9E, 0xF6, 0x26, 0xFD, 0xAA, 0x9E, 0x91, 0x8E, 0x60, 0x30, 0x3C, 0xDF, 0x33, 0x3E,
        0x11, 0x71, 0xE0, 0xB7, 0x54, 0xFB, 0x16, 0xBD, 0x13, 0x34, 0x7C, 0xB0, 0x10, 0x51, 0x77, 0x27,
        0xCD, 0xC1, 0xC8, 0xF1, 0xEA, 0x4B, 0x67, 0x0F, 0x96, 0x5F, 0x1A, 0xAB, 0x97, 0x7B, 0x87, 0x4E,
        0x54, 0xDE, 0x78, 0xE9, 0x07, 0x13, 0x5F, 0xB3, 0x1C, 0xE1, 0xF2, 0xEC, 0x0E, 0x44, 0xE0, 0xCA,
        0x94, 0x2A, 0x6C, 0xBE, 0x69, 0xC5, 0x87, 0xFF, 0xF6, 0xBB, 0x07, 0xAC, 0x89, 0x91, 0x19, 0x98,
        0x40, 0xD2, 0xCE, 0x4F, 0x74, 0xE1, 0xE6, 0x0F, 0xB5, 0x13, 0xC9, 0xB0, 0x77, 0x0D, 0x11, 0x11,
        0x09, 0x06, 0x49, 0x40, 0x88, 0x0B, 0xA9, 0x1C, 0x17, 0x1A, 0x44, 0x10, 0x98, 0xC0, 0x44, 0x0C,
        0x10, 0xB4, 0x56, 0xEC, 0x1D, 0xDB, 0x5F, 0x7C, 0xF1, 0xD8, 0xFE, 0xC2, 0x8F, 0xFC, 0x5A, 0x30,
        0xA4, 0x02, 0x2E, 0x9F, 0x3C, 0x50, 0x7A, 0xF6, 0xEC, 0xA1, 0xCA, 0xDE, 0x8D, 0x37, 0xB6, 0xBD,
        0xB7, 0x34, 0xAD, 0xF3, 0x7F, 0xFD, 0xA7, 0x83, 0xDF, 0xAE, 0x95, 0x74, 0x79, 0x7A, 0xCC, 0x3F,
        0xFA, 0xEA, 0xD3, 0x53, 0x5F, 0xAF, 0x95, 0xF5, 0x14, 0x11, 0x04, 0x87, 0x8A, 0x85, 0x8A, 0xD2,
        0xE7, 0xE7, 0x04, 0xFC, 0x97, 0xBF, 0xFC, 0xE5, 0x66, 0x3F, 0xE6, 0xD5, 0x23, 0x21, 0xE9, 0x82,
        0x9F, 0x34, 0xAA, 0x5A, 0x6C, 0xD9, 0xF2, 0x2D, 0x7A, 0xA7, 0x91, 0x65, 0x0B, 0x41, 0x44, 0x09,
        0x22, 0x44, 0x35, 0xEC, 0xE4, 0x48, 0x1B, 0x96, 0x0A, 0xD8, 0x93, 0x52, 0x38, 0x44, 0x10, 0x8D,
        0x65, 0xBC, 0x6A, 0x73, 0xF6, 0x57, 0xFE, 0xF7, 0xDF, 0xFD, 0x87, 0xFF, 0x32, 0x8B, 0xF5, 0x5D,
        0xBF, 0xFE, 0xA9, 0xDF, 0x16, 0x6B, 0x77, 0xA4, 0xF0, 0xE9, 0xFF, 0x63, 0x05, 0x39, 0x49, 0x09,
        0x56, 0x86, 0xA0, 0x29, 0xEA, 0x73, 0xC5, 0x20, 0x01, 0xD8, 0x09, 0x82, 0x09, 0x00, 0xA5, 0x88,
        0x1A, 0x7D, 0xA3, 0xC3, 0xA6, 0x37, 0x04, 0x66, 0x18, 0xAD, 0x8D, 0x7F, 0xEE, 0x68, 0xED, 0xE4,
        0x8F, 0xFE, 0x62, 0xEC, 0xFF, 0x9B, 0x1E, 0xAB, 0xBD, 0xAA, 0x03, 0x53, 0xD2, 0x9A, 0x6B, 0x5A,
        0x71, 0x5D, 0x1B, 0x56, 0xCA, 0x33, 0xDE, 0xC6, 0x1B, 0x73, 0xF7, 0x8D, 0x9C, 0xA8, 0x1D, 0x35,
        0x40, 0xCD, 0x68, 0xAE, 0x57, 0x66, 0x82, 0x41, 0x69, 0x87, 0xBD, 0x30, 0xB8, 0x91, 0x81, 0xB9,
        0x80, 0x84, 0x6F, 0x0E, 0x92, 0x59, 0x57, 0x73, 0x32, 0xC3, 0x2C, 0xBE, 0x46, 0x0A, 0x7F, 0x8B,
        0x5A, 0xF4, 0xCE, 0x24, 0x15, 0x18, 0x63, 0x39, 0xA2, 0xCE, 0x06, 0x6E, 0xD8, 0xEC, 0x95, 0x3D,
        0xE5, 0xC3, 0x13, 0x92, 0x2C, 0x06, 0x6B, 0x30, 0x58, 0x10, 0x59, 0xB6, 0x23, 0xDA, 0x95, 0x47,
        0x3D, 0x67, 0xF2, 0xAF, 0x58, 0x89, 0x8E, 0x27, 0xD4, 0x3D, 0xBF, 0xBE, 0x5C, 0xF6, 0x6F, 0x20,
        0x09, 0x22, 0xE8, 0x00, 0xA1, 0xD3, 0x8E, 0xC2, 0x1C, 0x75, 0x16, 0x40, 0x2A, 0x27, 0x71, 0xE2,
        0xE5, 0x1A, 0xFA, 0x56, 0x27, 0x61, 0x3B, 0x21, 0x42, 0x61, 0x08, 0x0C, 0x26, 0x41, 0x30, 0x46,
        0xB3, 0x32, 0x0A, 0xFE, 0xB1, 0x97, 0x2B, 0xA7, 0xAB, 0x05, 0x7F, 0xD0, 0x28, 0xAE, 0xB2, 0x61,
        0x4F, 0x07, 0xA6, 0xAE, 0x35, 0xFB, 0x00, 0x8C, 0x94, 0x44, 0x47, 0x5F, 0x2A, 0xFC, 0xB5, 0xED,
        0xC8, 0x24, 0x83, 0x59, 0x07, 0xA6, 0x26, 0x1D, 0x4A, 0xC0, 0xB0, 0xE6, 0xB0, 0x56, 0x45, 0xCF,
        0x27, 0xE1, 0xAF, 0xBA, 0x4D, 0xDF, 0xA2, 0x16, 0xFD, 0x42, 0x03, 0x3F, 0x34, 0x39, 0x6B, 0x96,
        0x2D, 0xEC, 0x08, 0x17, 0x32, 0xDC, 0xA1, 0x09, 0x0C, 0x41, 0x16, 0x33, 0x88, 0x04, 0x1C, 0x63,
        0x4C, 0x71, 0x64, 0xE2, 0x4C, 0x29, 0xCB, 0x76, 0xF2, 0xA6, 0x0F, 0xA6, 0x05, 0x6B, 0x66, 0x1D,
        0x00, 0x30, 0x4C, 0x20, 0x70, 0xC8, 0x02, 0x08, 0xB6, 0x03, 0x8C, 0x0F, 0x06, 0xF8, 0xF1, 0x9F,
        0xCD, 0xE0, 0xF4, 0xA1, 0x61, 0x7C, 0xE4, 0x9F, 0xF4, 0xF3, 0x96, 0x3B, 0x15, 0x6C, 0x2B, 0x8D,
        0x68, 0x0F, 0x66, 0xC5, 0x86, 0xF5, 0xF0, 0x50, 0xA0, 0xAA, 0x65, 0xA3, 0x85, 0x08, 0xA3, 0x5E,
        0xBE, 0xCF, 0x35, 0xD6, 0xEC, 0x31, 0x87, 0xC5, 0x67, 0xCC, 0xCC, 0xD2, 0x22, 0x4B, 0x6B, 0x73,
        0xA1, 0xF7, 0x9D, 0x61, 0x13, 0xF5, 0x9F, 0xD0, 0xCC, 0xB8, 0xEC, 0x1D, 0x71, 0x44, 0xEB, 0x75,
        0xB7, 0xA8, 0x45, 0x17, 0x49, 0xFD, 0x80, 0x19, 0x1E, 0x33, 0x2B, 0x98, 0x30, 0xF4, 0xC5, 0x06,
        0x8A, 0x99, 0x7D, 0x63, 0xB8, 0xEE, 0x57, 0x83, 0x33, 0x43, 0x47, 0xBD, 0x83, 0x96, 0x03, 0x5F,
        0x80, 0x59, 0x08, 0xE2, 0xD9, 0x3D, 0x95, 0x23, 0x6D, 0x1A, 0x16, 0x41, 0x33, 0x61, 0xDF, 0xF7,
        0x0B, 0x98, 0x1C, 0xAA, 0x31, 0x73, 0xC0, 0xC7, 0x9F, 0x90, 0xD8, 0x66, 0xFD, 0x4B, 0xD4, 0xAA,
        0x45, 0xE3, 0x7B, 0x46, 0x07, 0x81, 0x31, 0xF9, 0x19, 0x36, 0x33, 0x01, 0xCB, 0x54, 0x8F, 0xE5,
        0xB2, 0x01, 0x6B, 0xC5, 0xBE, 0xD1, 0xA6, 0x6E, 0x4C, 0x04, 0x78, 0x13, 0x5A, 0xC4, 0x11, 0x03,
        0x68, 0xF4, 0xC1, 0x0F, 0x7F, 0x8F, 0xD2, 0xB6, 0xB5, 0x32, 0xE6, 0x72, 0x9F, 0xB1, 0x05, 0xFA,
        0x16, 0xB5, 0xA8, 0x89, 0xB4, 0x32, 0x46, 0x2B, 0xAE, 0x33, 0x58, 0x87, 0x89, 0x2F, 0xAC, 0x8C,
        0x66, 0x3F, 0xA8, 0xEB, 0x7C, 0x79, 0x3A, 0x38, 0x31, 0x7A, 0xAC, 0x7A, 0x04, 0xBE, 0x0C, 0x24,
        0x88, 0x05, 0x81, 0x45, 0x08, 0x75, 0x36, 0x1A, 0xCC, 0x86, 0x91, 0xCE, 0x09, 0xDE, 0xFB, 0xED,
        0x02, 0xBF, 0xFA, 0xA3, 0x22, 0x17, 0xA7, 0x6B, 0xE8, 0xE9, 0xE9, 0xC2, 0x3F, 0xFD, 0xA7, 0xFF,
        0x0C, 0x1F, 0xB8, 0xFB, 0x3D, 0xD8, 0xB1, 0xFC, 0x7E, 0x0E, 0xEA, 0xAC, 0x82, 0x2A, 0x54, 0x92,
        0x48, 0x09, 0xDF, 0x04, 0xB5, 0x69, 0x55, 0xAE, 0xD7, 0xF4, 0x98, 0xF2, 0x4D, 0x29, 0x62, 0x30,
        0xC6, 0x84, 0xEA, 0xBB, 0x01, 0xC3, 0x18, 0xC3, 0x86, 0xC3, 0x4E, 0xD4, 0x86, 0xC3, 0x5E, 0x95,
        0x3A, 0x3A, 0xDE, 0x92, 0xD9, 0xDC, 0x02, 0x7D, 0x8B, 0x5A, 0x34, 0x2F, 0xF8, 0xD9, 0x43, 0xD4,
        0xC5, 0x87, 0x01, 0xA5, 0x35, 0x7B, 0xB5, 0xAA, 0x1E, 0x4D, 0x64, 0x51, 0xAE, 0x94, 0x03, 0x15,
        0x6E, 0xF0, 0x6E, 0x98, 0x04, 0x0C, 0xB1, 0x89, 0xDC, 0x6A, 0x82, 0x4F, 0xEE, 0xAF, 0x9B, 0x03,
        0x3F, 0x99, 0xE6, 0x52, 0xA1, 0xCE, 0x99, 0xB6, 0x2C, 0x7F, 0xE0, 0x9E, 0x0F, 0xE2, 0x81, 0x07,
        0x3E, 0x80, 0x97, 0x8F, 0xFC, 0x99, 0x39, 0x34, 0xF2, 0xAC, 0xA7, 0x61, 0x82, 0x91, 0x31, 0xF8,
        0xD2, 0x62, 0x9D, 0xB6, 0x6C, 0x95, 0x6C, 0xB3, 0x97, 0x69, 0xC5, 0x41, 0x64, 0xC7, 0x37, 0x7C,
        0x60, 0x51, 0x07, 0x6A, 0x36, 0x51, 0x1F, 0x4E, 0x8E, 0xA4, 0x7C, 0xAC, 0x9D, 0x9C, 0x69, 0x81,
        0xBE, 0x45, 0x2D, 0xBA, 0x0A, 0x52, 0x5F, 0x31, 0x87, 0xDB, 0xB1, 0x33, 0x43, 0x31, 0x8C, 0x7F,
        0x68, 0x4F, 0xFE, 0x7F, 0x9C, 0x3C, 0x50, 0xF8, 0x09, 0x39, 0x48, 0x18, 0x6E, 0x58, 0xDE, 0xA1,
        0x3A, 0xAE, 0xB5, 0xD1, 0xED, 0x3D, 0x1C, 0xF4, 0xAD, 0x49, 0x07, 0x5F, 0xF8, 0xC7, 0xBF, 0xC6,
        0x9D, 0xDD, 0x69, 0xFE, 0xD8, 0xDF, 0x5B, 0x81, 0xB1, 0xDA, 0xDF, 0xF2, 0xF7, 0x9F, 0x79, 0x7A,
        0xFA, 0xD8, 0x89, 0xD2, 0xD4, 0xF1, 0x43, 0x6A, 0xF2, 0xF4, 0xA9, 0x7A, 0xE9, 0xFC, 0x18, 0x7B,
        0x53, 0x45, 0x68, 0xD8, 0xC9, 0x6C, 0x22, 0xEB, 0x5E, 0x4F, 0x02, 0x92, 0x99, 0x4D, 0xD4, 0x7D,
        0x9A, 0x99, 0xD9, 0xB0, 0x41, 0x5C, 0xC2, 0x9B, 0xB0, 0x61, 0x2C, 0xF3, 0x5B, 0x51, 0xEB, 0x1B,
        0xD4, 0xCA, 0x92, 0x69, 0x51, 0x8B, 0x16, 0x49, 0x96, 0x2D, 0x5C, 0x00, 0x92, 0x04, 0xD9, 0x52,
        0xC0, 0xB9, 0x7E, 0x67, 0xD7, 0x67, 0x3E, 0xB6, 0x6B, 0xE5, 0xBF, 0x33, 0x81, 0x01, 0xAB, 0x04,
        0x6B, 0xA5, 0x35, 0x09, 0x16, 0x2C, 0x8D, 0x59, 0xBD, 0x7C, 0x1B, 0xAD, 0xEF, 0x78, 0x6F, 0xF0,
        0xB3, 0x3D, 0x4F, 0x7A, 0x35, 0x7B, 0x4F, 0xFB, 0xE4, 0x50, 0xFA, 0xB5, 0xBD, 0xCF, 0x4E, 0x1F,
        0x4A, 0x58, 0x8E, 0xB1, 0xD3, 0xD4, 0xBD, 0x6C, 0x4D, 0xB2, 0x7F, 0xCD, 0xD6, 0x74, 0x27, 0x19,
        0x92, 0x2F, 0x3F, 0x53, 0x2A, 0x9F, 0xD8, 0x37, 0xF3, 0xCD, 0xC9, 0x33, 0xF9, 0xBF, 0x54, 0xCA,
        0x54, 0x1A, 0x3B, 0x3C, 0x31, 0xB3, 0x36, 0xDC, 0xD8, 0x37, 0x92, 0xA3, 0x52, 0x62, 0xD2, 0x60,
        0xD6, 0x5A, 0x2F, 0xBE, 0x58, 0xAD, 0x39, 0x64, 0xD7, 0x02, 0x7D, 0x8B, 0x5A, 0x74, 0x79, 0xC0,
        0xB7, 0x88, 0x90, 0x22, 0x41, 0x52, 0x07, 0x26, 0xE8, 0x5E, 0x99, 0xDC, 0x7E, 0xFF, 0x17, 0xFA,
        0xFF, 0x43, 0xB2, 0x2D, 0xB1, 0xEE, 0xD8, 0x8B, 0xA5, 0x1F, 0x1B, 0x5F, 0xE5, 0x07, 0xAE, 0x4D,
        0x6D, 0xCD, 0x8F, 0xF8, 0xF9, 0x6C, 0xB2, 0x6F, 0xEC, 0x47, 0x7F, 0xF3, 0xCA, 0x93, 0x1D, 0xED,
        0xA9, 0xBE, 0x20, 0xE0, 0xB2, 0xEF, 0x71, 0xC9, 0xB2, 0x64, 0x5A, 0x3A, 0x94, 0xEC, 0x58, 0x96,
        0xDA, 0x71, 0xC3, 0xFB, 0x3B, 0x77, 0x66, 0xDA, 0x64, 0x57, 0x69, 0x3A, 0xE0, 0xE3, 0x2F, 0x14,
        0x7E, 0xF8, 0xF2, 0x4F, 0xC6, 0xFE, 0xC0, 0xAF, 0xEB, 0x52, 0xA4, 0xD6, 0x6B, 0x63, 0x1A, 0xCD,
        0x4D, 0xF8, 0x42, 0x8B, 0x36, 0x86, 0xD6, 0x9A, 0x2F, 0x4B, 0xCA, 0xFF, 0x5C, 0xE3, 0xF4, 0x2D,
        0x6A, 0xD1, 0xDF, 0x35, 0x52, 0x81, 0x51, 0xB6, 0x23, 0x4A, 0x6C, 0x38, 0x2B, 0x2D, 0x61, 0xE5,
        0xCF, 0x7B, 0x6F, 0x7C, 0xEB, 0x8F, 0x4E, 0x7F, 0x66, 0xF5, 0x96, 0xF4, 0xFB, 0xC7, 0xCE, 0xFA,
        0xC7, 0x83, 0x9A, 0x2E, 0x1E, 0x79, 0xC1, 0xEE, 0x0D, 0x7C, 0x53, 0xD6, 0x7A, 0x94, 0x58, 0x8B,
        0xEA, 0xC8, 0x4C, 0xED, 0x90, 0x94, 0x64, 0x4B, 0x5B, 0x64, 0x6C, 0x5B, 0xA7, 0x44, 0x4D, 0x24,
        0xDD, 0xB4, 0x7F, 0x1C, 0x01, 0xDF, 0x32, 0xD0, 0x9F, 0x76, 0x4E, 0x14, 0x2A, 0x95, 0x5A, 0x45,
        0x69, 0x10, 0x5C, 0x22, 0x54, 0xCD, 0x9B, 0x9D, 0x74, 0x8D, 0x7E, 0xD1, 0xB3, 0x89, 0x2F, 0x57,
        0xC4, 0xB8, 0x5A, 0xAF, 0xB1, 0x45, 0x2D, 0xBA, 0x3C, 0x8A, 0xD2, 0xC8, 0x8B, 0xB6, 0x23, 0x92,
        0x20, 0x58, 0x81, 0x6F, 0x4A, 0xC7, 0x5F, 0x2E, 0x7D, 0x57, 0x0A, 0xD8, 0x24, 0x84, 0x53, 0x9A,
        0xF1, 0xEB, 0x14, 0xE6, 0xEA, 0x30, 0x10, 0x95, 0x9C, 0x33, 0xB3, 0x56, 0xA6, 0x06, 0x26, 0x63,
        0x27, 0x48, 0x9A, 0x40, 0x5B, 0xED, 0x1D, 0x32, 0x03, 0x6D, 0xB4, 0xB0, 0x58, 0x19, 0x26, 0x4E,
        0xA6, 0xEC, 0x3E, 0xED, 0x9B, 0x92, 0x69, 0x76, 0xE8, 0x5D, 0x38, 0xCC, 0x52, 0x8C, 0xBF, 0xE5,
        0xC8, 0x6B, 0x51, 0x8B, 0xDE, 0x3A, 0xF8, 0x6B, 0x0C, 0xD4, 0xD8, 0xB0, 0x02, 0x33, 0x6B, 0xCD,
        0x81, 0xD6, 0xBA, 0x1E, 0xD4, 0x4D, 0x41, 0x2B, 0xAE, 0x6A, 0xCD, 0x9E, 0x56, 0xF0, 0xA2, 0x6E,
        0xCF, 0x01, 0x87, 0x09, 0x39, 0x4A, 0x48, 0x72, 0xDD, 0xA4, 0x73, 0xCD, 0xFE, 0x27, 0x4B, 0xB5,
        0xC9, 0x89, 0x72, 0xB5, 0x54, 0x0F, 0x74, 0xDB, 0x32, 0x7B, 0x85, 0xE3, 0xCA, 0x8C, 0x31, 0x08,
        0xF8, 0xC2, 0x1E, 0x8E, 0x14, 0x13, 0xEC, 0xCC, 0x00, 0x1B, 0x7D, 0xE5, 0x8D, 0x67, 0x5A, 0xA0,
        0x6F, 0x51, 0x8B, 0xAE, 0x44, 0xDD, 0xF7, 0x8D, 0x52, 0x81, 0xA9, 0x20, 0xDA, 0x50, 0x94, 0x0D,
        0x94, 0x31, 0xC6, 0x53, 0xCA, 0x54, 0x8D, 0xE2, 0x3A, 0x1B, 0xA3, 0x8C, 0xE6, 0x80, 0xD9, 0x28,
        0xAD, 0x50, 0x87, 0x90, 0xE9, 0x95, 0xEB, 0xDA, 0x3E, 0xD4, 0xB9, 0x32, 0x75, 0xCB, 0xF2, 0x4D,
        0x4E, 0x3A, 0x91, 0xB0, 0xB0, 0x7D, 0x63, 0xBB, 0xA8, 0x16, 0xCD, 0x60, 0x29, 0xEF, 0x9D, 0x36,
        0x61, 0x3D, 0x7C, 0x03, 0xE7, 0x06, 0x17, 0xF6, 0xA2, 0x30, 0x4B, 0x35, 0xE6, 0x96, 0x7A, 0xDF,
        0xA2, 0x16, 0x2D, 0x8D, 0xAD, 0x5F, 0x93, 0x96, 0xB0, 0x89, 0x60, 0x33, 0x83, 0x59, 0xB3, 0x61,
        0x03, 0x25, 0x24, 0x6C, 0x12, 0xB0, 0x03, 0x0F, 0x41, 0xD7, 0x0A, 0x6B, 0xC3, 0x4D, 0xEF, 0xEB,
        0x7C, 0xA8, 0xA6, 0xD2, 0x77, 0x64, 0xDB, 0xD9, 0x5E, 0xB5, 0xDE, 0xB1, 0xB7, 0xAD, 0x5B, 0x66,
        0xFB, 0x86, 0xCD, 0xF5, 0x5B, 0x52, 0xDD, 0x07, 0x7E, 0x62, 0xFC, 0xB0, 0x32, 0x6D, 0x36, 0x2E,
        0x8F, 0x08, 0xF0, 0x4B, 0x26, 0xE5, 0x5B, 0x92, 0xBE, 0x45, 0x2D, 0x5A, 0x42, 0xD2, 0xCA, 0x04,
        0xCC, 0xA8, 0x33, 0x73, 0x94, 0x31, 0xC7, 0x5A, 0x6B, 0xF6, 0x59, 0xC3, 0x77, 0x92, 0x32, 0xBD,
        0x66, 0x6B, 0xF6, 0xE6, 0x4F, 0xFC, 0xFD, 0xF5, 0xF7, 0xDE, 0x79, 0x4F, 0x32, 0xD1, 0xDE, 0x2D,
        0xC5, 0x4C, 0x41, 0x89, 0x42, 0xAD, 0x42, 0xB9, 0x2C, 0x32, 0x90, 0x70, 0xBA, 0x7B, 0xDD, 0x3E,
        0x06, 0x9B, 0x0B, 0x95, 0xB8, 0xC4, 0x91, 0x5F, 0xC0, 0x2C, 0x15, 0xE0, 0x5B, 0xA0, 0x6F, 0x51,
        0x8B, 0x96, 0x1E, 0xF8, 0x46, 0x2B, 0xAE, 0x01, 0xAC, 0xA2, 0x9C, 0x79, 0xAD, 0xB5, 0xF1, 0x03,
        0x4F, 0x57, 0xEA, 0xBE, 0x49, 0x0D, 0x8E, 0x95, 0x02, 0x37, 0x29, 0x03, 0xAF, 0xAC, 0x2A, 0xED,
        0x49, 0x47, 0xF7, 0x74, 0xBA, 0x89, 0xEA, 0x74, 0x6D, 0xE8, 0x85, 0x27, 0xC7, 0xBF, 0x3B, 0x72,
        0xB6, 0x72, 0x28, 0xCA, 0xB1, 0x8F, 0x72, 0xEB, 0x59, 0x47, 0xE5, 0xB3, 0x4B, 0x5A, 0xA5, 0xDA,
        0x52, 0xEF, 0x5B, 0xD4, 0xA2, 0xAB, 0x02, 0x7E, 0xF6, 0xA5, 0x05, 0xC9, 0x4C, 0x0E, 0x11, 0x58,
        0x07, 0xA6, 0xFA, 0xC6, 0x53, 0x53, 0x5F, 0x67, 0xA1, 0xCC, 0xFA, 0x6D, 0xED, 0x37, 0x1D, 0xDB,
        0x5B, 0x1D, 0x1E, 0x3D, 0x51, 0x75, 0x5D, 0x5B, 0xAF, 0x3C, 0xF5, 0x46, 0xF9, 0xF9, 0x13, 0xAF,
        0x97, 0x7E, 0x44, 0x14, 0x56, 0xCD, 0x35, 0x00, 0xDF, 0xF8, 0x79, 0x29, 0xA5, 0x3C, 0xD0, 0x4A,
        0xCE, 0x69, 0x51, 0x8B, 0xAE, 0x3A, 0x59, 0x96, 0x48, 0x80, 0x20, 0x84, 0x24, 0xCB, 0xB2, 0x29,
        0xD9, 0xB5, 0x32, 0xB9, 0x2E, 0xA8, 0x32, 0x69, 0x65, 0x18, 0x64, 0x4A, 0x9E, 0x67, 0xA6, 0x4A,
        0x53, 0xC1, 0xB4, 0xB4, 0x04, 0x21, 0xEC, 0x75, 0x17, 0xA5, 0xDE, 0xF2, 0x92, 0xD8, 0xF1, 0xAD,
        0x8C, 0xBC, 0x16, 0xB5, 0xE8, 0xED, 0x00, 0xBE, 0x2D, 0x24, 0x11, 0x24, 0x09, 0x22, 0x66, 0x90,
        0x20, 0x12, 0x20, 0x22, 0x66, 0x63, 0x38, 0xAC, 0xA8, 0x8B, 0xB2, 0xF8, 0xAF, 0xAC, 0x98, 0xA6,
        0x05, 0xFA, 0x16, 0xB5, 0xE8, 0x9D, 0x07, 0x7E, 0x21, 0xA2, 0xE8, 0x3B, 0xF3, 0x05, 0x00, 0x9A,
        0xC8, 0x5B, 0xBF, 0x94, 0x60, 0x9F, 0x0F, 0xF4, 0xFF, 0x3F, 0x79, 0xA9, 0xC8, 0x97, 0xF8, 0x39,
        0x41, 0x52, 0x00, 0x00, 0x00, 0x00, 0x49, 0x45, 0x4E, 0x44, 0xAE, 0x42, 0x60, 0x82,
    };

    inline constexpr std::size_t logo_size = sizeof(logo);
}
