#pragma once

#include <cstddef>

namespace Assets
{
    inline constexpr unsigned char mm_tablo[] = {
        0xFF, 0xD8, 0xFF, 0xE1, 0x06, 0xC0, 0x45, 0x78, 0x69, 0x66, 0x00, 0x00, 0x4D, 0x4D, 0x00, 0x2A,
        0x00, 0x00, 0x00, 0x08, 0x00, 0x07, 0x01, 0x12, 0x00, 0x03, 0x00, 0x00, 0x00, 0x01, 0x00, 0x01,
        0x00, 0x00, 0x01, 0x1A, 0x00, 0x05, 0x00, 0x00, 0x00, 0x01, 0x00, 0x00, 0x00, 0x62, 0x01, 0x1B,
        0x00, 0x05, 0x00, 0x00, 0x00, 0x01, 0x00, 0x00, 0x00, 0x6A, 0x01, 0x28, 0x00, 0x03, 0x00, 0x00,
        0x00, 0x01, 0x00, 0x02, 0x00, 0x00, 0x01, 0x31, 0x00, 0x02, 0x00, 0x00, 0x00, 0x1F, 0x00, 0x00,
        0x00, 0x72, 0x01, 0x32, 0x00, 0x02, 0x00, 0x00, 0x00, 0x14, 0x00, 0x00, 0x00, 0x91, 0x87, 0x69,
        0x00, 0x04, 0x00, 0x00, 0x00, 0x01, 0x00, 0x00, 0x00, 0xA8, 0x00, 0x00, 0x00, 0xD4, 0x00, 0x0A,
        0xFC, 0x80, 0x00, 0x00, 0x27, 0x10, 0x00, 0x0A, 0xFC, 0x80, 0x00, 0x00, 0x27, 0x10, 0x41, 0x64,
        0x6F, 0x62, 0x65, 0x20, 0x50, 0x68, 0x6F, 0x74, 0x6F, 0x73, 0x68, 0x6F, 0x70, 0x20, 0x32, 0x36,
        0x2E, 0x38, 0x20, 0x28, 0x57, 0x69, 0x6E, 0x64, 0x6F, 0x77, 0x73, 0x29, 0x00, 0x32, 0x30, 0x32,
        0x36, 0x3A, 0x30, 0x39, 0x3A, 0x31, 0x36, 0x20, 0x32, 0x33, 0x3A, 0x33, 0x33, 0x3A, 0x35, 0x39,
        0x00, 0x00, 0x00, 0x00, 0x00, 0x03, 0xA0, 0x01, 0x00, 0x03, 0x00, 0x00, 0x00, 0x01, 0xFF, 0xFF,
        0x00, 0x00, 0xA0, 0x02, 0x00, 0x04, 0x00, 0x00, 0x00, 0x01, 0x00, 0x00, 0x02, 0xBC, 0xA0, 0x03,
        0x00, 0x04, 0x00, 0x00, 0x00, 0x01, 0x00, 0x00, 0x00, 0x4C, 0x00, 0x00, 0x00, 0x00, 0x00, 0x00,
        0x00, 0x06, 0x01, 0x03, 0x00, 0x03, 0x00, 0x00, 0x00, 0x01, 0x00, 0x06, 0x00, 0x00, 0x01, 0x1A,
        0x00, 0x05, 0x00, 0x00, 0x00, 0x01, 0x00, 0x00, 0x01, 0x22, 0x01, 0x1B, 0x00, 0x05, 0x00, 0x00,
        0x00, 0x01, 0x00, 0x00, 0x01, 0x2A, 0x01, 0x28, 0x00, 0x03, 0x00, 0x00, 0x00, 0x01, 0x00, 0x02,
        0x00, 0x00, 0x02, 0x01, 0x00, 0x04, 0x00, 0x00, 0x00, 0x01, 0x00, 0x00, 0x01, 0x32, 0x02, 0x02,
        0x00, 0x04, 0x00, 0x00, 0x00, 0x01, 0x00, 0x00, 0x05, 0x86, 0x00, 0x00, 0x00, 0x00, 0x00, 0x00,
        0x00, 0x48, 0x00, 0x00, 0x00, 0x01, 0x00, 0x00, 0x00, 0x48, 0x00, 0x00, 0x00, 0x01, 0xFF, 0xD8,
        0xFF, 0xED, 0x00, 0x0C, 0x41, 0x64, 0x6F, 0x62, 0x65, 0x5F, 0x43, 0x4D, 0x00, 0x02, 0xFF, 0xEE,
        0x00, 0x0E, 0x41, 0x64, 0x6F, 0x62, 0x65, 0x00, 0x64, 0x80, 0x00, 0x00, 0x00, 0x01, 0xFF, 0xDB,
        0x00, 0x84, 0x00, 0x0C, 0x08, 0x08, 0x08, 0x09, 0x08, 0x0C, 0x09, 0x09, 0x0C, 0x11, 0x0B, 0x0A,
        0x0B, 0x11, 0x15, 0x0F, 0x0C, 0x0C, 0x0F, 0x15, 0x18, 0x13, 0x13, 0x15, 0x13, 0x13, 0x18, 0x11,
        0x0C, 0x0C, 0x0C, 0x0C, 0x0C, 0x0C, 0x11, 0x0C, 0x0C, 0x0C, 0x0C, 0x0C, 0x0C, 0x0C, 0x0C, 0x0C,
        0x0C, 0x0C, 0x0C, 0x0C, 0x0C, 0x0C, 0x0C, 0x0C, 0x0C, 0x0C, 0x0C, 0x0C, 0x0C, 0x0C, 0x0C, 0x0C,
        0x0C, 0x0C, 0x0C, 0x01, 0x0D, 0x0B, 0x0B, 0x0D, 0x0E, 0x0D, 0x10, 0x0E, 0x0E, 0x10, 0x14, 0x0E,
        0x0E, 0x0E, 0x14, 0x14, 0x0E, 0x0E, 0x0E, 0x0E, 0x14, 0x11, 0x0C, 0x0C, 0x0C, 0x0C, 0x0C, 0x11,
        0x11, 0x0C, 0x0C, 0x0C, 0x0C, 0x0C, 0x0C, 0x11, 0x0C, 0x0C, 0x0C, 0x0C, 0x0C, 0x0C, 0x0C, 0x0C,
        0x0C, 0x0C, 0x0C, 0x0C, 0x0C, 0x0C, 0x0C, 0x0C, 0x0C, 0x0C, 0x0C, 0x0C, 0x0C, 0x0C, 0x0C, 0x0C,
        0x0C, 0x0C, 0x0C, 0x0C, 0xFF, 0xC0, 0x00, 0x11, 0x08, 0x00, 0x11, 0x00, 0x9D, 0x03, 0x01, 0x22,
        0x00, 0x02, 0x11, 0x01, 0x03, 0x11, 0x01, 0xFF, 0xDD, 0x00, 0x04, 0x00, 0x0A, 0xFF, 0xC4, 0x01,
        0x3F, 0x00, 0x00, 0x01, 0x05, 0x01, 0x01, 0x01, 0x01, 0x01, 0x01, 0x00, 0x00, 0x00, 0x00, 0x00,
        0x00, 0x00, 0x03, 0x00, 0x01, 0x02, 0x04, 0x05, 0x06, 0x07, 0x08, 0x09, 0x0A, 0x0B, 0x01, 0x00,
        0x01, 0x05, 0x01, 0x01, 0x01, 0x01, 0x01, 0x01, 0x00, 0x00, 0x00, 0x00, 0x00, 0x00, 0x00, 0x01,
        0x00, 0x02, 0x03, 0x04, 0x05, 0x06, 0x07, 0x08, 0x09, 0x0A, 0x0B, 0x10, 0x00, 0x01, 0x04, 0x01,
        0x03, 0x02, 0x04, 0x02, 0x05, 0x07, 0x06, 0x08, 0x05, 0x03, 0x0C, 0x33, 0x01, 0x00, 0x02, 0x11,
        0x03, 0x04, 0x21, 0x12, 0x31, 0x05, 0x41, 0x51, 0x61, 0x13, 0x22, 0x71, 0x81, 0x32, 0x06, 0x14,
        0x91, 0xA1, 0xB1, 0x42, 0x23, 0x24, 0x15, 0x52, 0xC1, 0x62, 0x33, 0x34, 0x72, 0x82, 0xD1, 0x43,
        0x07, 0x25, 0x92, 0x53, 0xF0, 0xE1, 0xF1, 0x63, 0x73, 0x35, 0x16, 0xA2, 0xB2, 0x83, 0x26, 0x44,
        0x93, 0x54, 0x64, 0x45, 0xC2, 0xA3, 0x74, 0x36, 0x17, 0xD2, 0x55, 0xE2, 0x65, 0xF2, 0xB3, 0x84,
        0xC3, 0xD3, 0x75, 0xE3, 0xF3, 0x46, 0x27, 0x94, 0xA4, 0x85, 0xB4, 0x95, 0xC4, 0xD4, 0xE4, 0xF4,
        0xA5, 0xB5, 0xC5, 0xD5, 0xE5, 0xF5, 0x56, 0x66, 0x76, 0x86, 0x96, 0xA6, 0xB6, 0xC6, 0xD6, 0xE6,
        0xF6, 0x37, 0x47, 0x57, 0x67, 0x77, 0x87, 0x97, 0xA7, 0xB7, 0xC7, 0xD7, 0xE7, 0xF7, 0x11, 0x00,
        0x02, 0x02, 0x01, 0x02, 0x04, 0x04, 0x03, 0x04, 0x05, 0x06, 0x07, 0x07, 0x06, 0x05, 0x35, 0x01,
        0x00, 0x02, 0x11, 0x03, 0x21, 0x31, 0x12, 0x04, 0x41, 0x51, 0x61, 0x71, 0x22, 0x13, 0x05, 0x32,
        0x81, 0x91, 0x14, 0xA1, 0xB1, 0x42, 0x23, 0xC1, 0x52, 0xD1, 0xF0, 0x33, 0x24, 0x62, 0xE1, 0x72,
        0x82, 0x92, 0x43, 0x53, 0x15, 0x63, 0x73, 0x34, 0xF1, 0x25, 0x06, 0x16, 0xA2, 0xB2, 0x83, 0x07,
        0x26, 0x35, 0xC2, 0xD2, 0x44, 0x93, 0x54, 0xA3, 0x17, 0x64, 0x45, 0x55, 0x36, 0x74, 0x65, 0xE2,
        0xF2, 0xB3, 0x84, 0xC3, 0xD3, 0x75, 0xE3, 0xF3, 0x46, 0x94, 0xA4, 0x85, 0xB4, 0x95, 0xC4, 0xD4,
        0xE4, 0xF4, 0xA5, 0xB5, 0xC5, 0xD5, 0xE5, 0xF5, 0x56, 0x66, 0x76, 0x86, 0x96, 0xA6, 0xB6, 0xC6,
        0xD6, 0xE6, 0xF6, 0x27, 0x37, 0x47, 0x57, 0x67, 0x77, 0x87, 0x97, 0xA7, 0xB7, 0xC7, 0xFF, 0xDA,
        0x00, 0x0C, 0x03, 0x01, 0x00, 0x02, 0x11, 0x03, 0x11, 0x00, 0x3F, 0x00, 0xC0, 0xCE, 0xEA, 0xB4,
        0x62, 0x64, 0x0C, 0x7F, 0x4D, 0xD7, 0xDC, 0x58, 0xEB, 0x5C, 0xD6, 0x39, 0xAD, 0xDA, 0xD6, 0x87,
        0x58, 0x77, 0x17, 0xFE, 0x77, 0xA6, 0xC7, 0x3F, 0x6A, 0x90, 0xEA, 0x38, 0xEF, 0xE9, 0xE3, 0x3E,
        0xA0, 0x6C, 0xAC, 0xC0, 0xD9, 0x20, 0x38, 0x38, 0x9D, 0x8E, 0x63, 0xBF, 0xA8, 0x81, 0xD4, 0x3A,
        0x3B, 0x33, 0x32, 0x46, 0x4D, 0x76, 0xFA, 0x16, 0x96, 0x3A, 0xBB, 0x0E, 0xCD, 0xC1, 0xC1, 0xCD,
        0x35, 0x6E, 0xFA, 0x4C, 0xF7, 0x7A, 0x6E, 0xD8, 0xAC, 0x62, 0x62, 0x0C, 0x1C, 0x36, 0x63, 0x62,
        0x98, 0x73, 0x75, 0x75, 0x84, 0x41, 0x73, 0x8F, 0xD3, 0x79, 0xD1, 0xFF, 0x00, 0xF9, 0xC2, 0xCC,
        0x3E, 0xD7, 0x0C, 0x6B, 0x59, 0x58, 0xE2, 0x1A, 0xFF, 0x00, 0x84, 0xEA, 0x8F, 0x77, 0x8A, 0x57,
        0xA4, 0x68, 0xF0, 0x9D, 0x3F, 0xC1, 0x58, 0xF5, 0x2C, 0x50, 0xE0, 0xDD, 0xB6, 0xC9, 0x31, 0xA5,
        0x64, 0xFF, 0x00, 0xAF, 0x3F, 0xFA, 0x4D, 0x45, 0xBD, 0x53, 0x0C, 0x82, 0x62, 0xCF, 0x6F, 0x3E,
        0xC3, 0xA6, 0x8D, 0x7F, 0x6F, 0xE4, 0xB9, 0x1F, 0x7E, 0x6E, 0xD7, 0x7B, 0xAB, 0xDD, 0xA6, 0xDD,
        0x1D, 0x1C, 0x1D, 0xD3, 0xFF, 0x00, 0x45, 0x39, 0x76, 0x69, 0x3E, 0xD7, 0xB0, 0x68, 0x39, 0x07,
        0x98, 0xF7, 0x7F, 0xD2, 0x4D, 0xF4, 0x76, 0xFF, 0x00, 0x9D, 0xFF, 0x00, 0xA0, 0x2E, 0xF5, 0xF7,
        0xFF, 0x00, 0x9B, 0xFF, 0x00, 0xA1, 0x21, 0xAF, 0x3E, 0xAB, 0x8B, 0xFD, 0x36, 0xBF, 0xF4, 0x6D,
        0x2E, 0x76, 0xF0, 0x19, 0xC0, 0x63, 0xF6, 0xFB, 0x8F, 0xFC, 0x22, 0x7A, 0x33, 0xEA, 0xB9, 0xD5,
        0x33, 0x63, 0xD8, 0xEB, 0x8C, 0x37, 0x70, 0x11, 0xF4, 0x45, 0x9C, 0xEE, 0xDD, 0xF4, 0x5F, 0xFB,
        0x8A, 0x5F, 0xAF, 0xE8, 0x0B, 0xEB, 0x31, 0xDD, 0xC0, 0x9F, 0x0F, 0xDD, 0xDA, 0xA4, 0x3E, 0xDB,
        0x0E, 0xDC, 0xF6, 0x4C, 0x1D, 0x80, 0x03, 0xCF, 0xE6, 0xEF, 0x25, 0x22, 0x23, 0xAE, 0xDF, 0xE3,
        0x7F, 0xE8, 0x2A, 0x1C, 0x5A, 0x6F, 0xFE, 0x2B, 0x5E, 0xAE, 0xA7, 0x4D, 0xBB, 0x40, 0xAE, 0xCD,
        0xEE, 0xD7, 0x68, 0x00, 0xC0, 0xDC, 0xDA, 0xB5, 0x79, 0xF4, 0xDB, 0xF4, 0x9F, 0xF9, 0xAA, 0x43,
        0xA9, 0x63, 0x7A, 0x55, 0xDB, 0x16, 0xEC, 0xB5, 0xDB, 0x1A, 0x76, 0x1E, 0x46, 0xEF, 0xFC, 0x87,
        0xE6, 0xA2, 0xFE, 0xBF, 0x1A, 0xBA, 0xA9, 0xD3, 0xB3, 0xBE, 0x69, 0xFF, 0x00, 0x5E, 0xEC, 0xFA,
        0xA7, 0x8D, 0xD0, 0xE9, 0x21, 0x2F, 0x47, 0x61, 0xFE, 0x37, 0xFE, 0x82, 0xAF, 0x5F, 0x7F, 0xF9,
        0xBF, 0xFA, 0x12, 0x16, 0x75, 0x5C, 0x57, 0x89, 0x01, 0xFC, 0x03, 0xA8, 0x68, 0xD0, 0xB7, 0xD5,
        0xFD, 0xFF, 0x00, 0xDC, 0xFC, 0xDF, 0xF0, 0x9F, 0xE0, 0xBD, 0x44, 0x5C, 0x7C, 0xCA, 0x72, 0x0B,
        0xC5, 0x61, 0xE3, 0x60, 0x69, 0x3B, 0xDB, 0xB7, 0xE9, 0x4E, 0xD8, 0xFF, 0x00, 0x35, 0x10, 0xFD,
        0xB0, 0x03, 0xB1, 0xD5, 0xC9, 0x24, 0x92, 0x41, 0xD4, 0x7B, 0x76, 0x1F, 0x6F, 0xE7, 0x6D, 0xFA,
        0x49, 0x88, 0xCE, 0x3B, 0xBD, 0xF5, 0xF7, 0xD9, 0xA1, 0x8F, 0xED, 0x6E, 0x48, 0x88, 0x11, 0xA6,
        0x9F, 0xE1, 0x7F, 0xE8, 0x2A, 0xF5, 0xF7, 0xBF, 0xF0, 0x7F, 0xF4, 0x26, 0xDD, 0x38, 0x87, 0x25,
        0xD5, 0xD7, 0x4D, 0xF4, 0xFA, 0xB6, 0x0D, 0xC5, 0xB6, 0x39, 0xD5, 0xB5, 0xA0, 0x7D, 0x3F, 0x52,
        0xEB, 0x18, 0xDA, 0xDB, 0xB3, 0xDB, 0xFF, 0x00, 0x18, 0xFF, 0x00, 0xE6, 0xD5, 0x86, 0x74, 0x3C,
        0xD7, 0x07, 0x1F, 0x5B, 0x11, 0xA1, 0x9C, 0xEE, 0xBC, 0x0F, 0xCE, 0x35, 0xFB, 0xB4, 0xF6, 0x7B,
        0x36, 0x64, 0x7F, 0xE1, 0x7B, 0xA9, 0xFC, 0xF5, 0x96, 0xE6, 0x65, 0xB9, 0x80, 0x13, 0x51, 0x74,
        0xEA, 0x20, 0x91, 0x1A, 0x47, 0xD2, 0xFD, 0xDF, 0x72, 0x8F, 0xA3, 0x95, 0x30, 0x5B, 0x4C, 0x76,
        0x3B, 0x7F, 0x82, 0x51, 0x11, 0x03, 0x5A, 0x3F, 0xE1, 0x57, 0xFD, 0xCA, 0xD0, 0x32, 0x0F, 0xD3,
        0x27, 0xCE, 0x11, 0xFF, 0x00, 0xB9, 0x74, 0xEE, 0xE9, 0x39, 0x34, 0x51, 0x6D, 0xEF, 0xBF, 0x14,
        0xB2, 0x9A, 0xEC, 0xB5, 0xC1, 0x97, 0x07, 0x38, 0xFA, 0x7A, 0xFA, 0x4C, 0x6B, 0x5B, 0xFC, 0xF6,
        0x45, 0x7F, 0xA6, 0xC5, 0xFF, 0x00, 0x4B, 0x4A, 0x9D, 0xBD, 0x0F, 0x2A, 0xB2, 0x5A, 0x72, 0x70,
        0xCB, 0x80, 0x24, 0x30, 0x5F, 0xAB, 0x80, 0x63, 0x2C, 0xDD, 0x5F, 0xB3, 0xF3, 0xDF, 0x6D, 0x58,
        0xF5, 0xB5, 0xDE, 0xF7, 0xDE, 0xFF, 0x00, 0xF4, 0x7F, 0xA4, 0x59, 0x62, 0x9B, 0xE3, 0x9A, 0xC3,
        0x83, 0xA4, 0x38, 0x08, 0xD2, 0x3B, 0x82, 0xD3, 0xFE, 0x13, 0xDC, 0xA2, 0x69, 0xCA, 0xDA, 0x40,
        0xF4, 0x44, 0xF0, 0x43, 0x7B, 0x7D, 0xDF, 0x4F, 0xFE, 0x82, 0x3F, 0xAB, 0xFD, 0xD1, 0xFE, 0x31,
        0xFF, 0x00, 0xBD, 0x4F, 0xAF, 0xF7, 0x8F, 0xF8, 0xA3, 0xFE, 0xF9, 0xD5, 0xB7, 0xA3, 0xE4, 0xD5,
        0x4B, 0xAF, 0x19, 0x18, 0xB6, 0x56, 0xD1, 0x69, 0x86, 0x5B, 0x0E, 0x71, 0xA1, 0xDE, 0x9B, 0xEA,
        0xAE, 0xAB, 0x18, 0xC7, 0xD9, 0x6D, 0xB1, 0x63, 0xF1, 0xFF, 0x00, 0xD2, 0xD7, 0x4F, 0xFC, 0x5A,
        0xA4, 0xE0, 0xE6, 0x1D, 0xAF, 0x05, 0xA4, 0xF0, 0x1C, 0x08, 0xFC, 0xA8, 0x1E, 0x9E, 0x48, 0xDA,
        0x5B, 0xE9, 0x6F, 0x07, 0x57, 0x6D, 0xEC, 0x36, 0xEC, 0xDB, 0x03, 0xE9, 0xA9, 0x3B, 0xED, 0xCF,
        0x79, 0x26, 0xC6, 0x3C, 0x7E, 0x69, 0x7E, 0xE2, 0x62, 0x64, 0x37, 0x9F, 0x34, 0xD9, 0x08, 0x9A,
        0xAA, 0x8F, 0xD6, 0xD4, 0x3D, 0xC0, 0x75, 0xD6, 0x3E, 0x55, 0x24, 0xB2, 0x99, 0x08, 0x8C, 0xD1,
        0xF9, 0xD4, 0x9D, 0x3F, 0x75, 0xC3, 0x5F, 0xBD, 0x4A, 0xBF, 0x54, 0x34, 0xFA, 0xC5, 0xA5, 0xD3,
        0xA6, 0xC0, 0x40, 0x8F, 0xED, 0x26, 0x91, 0x5D, 0x41, 0x5E, 0x0D, 0xF4, 0x2C, 0xCA, 0x49, 0xA4,
        0x25, 0x21, 0x04, 0xBF, 0xFF, 0xD0, 0xCB, 0x49, 0x79, 0xF2, 0x4B, 0x1D, 0xD9, 0x7D, 0x05, 0x21,
        0xCA, 0xF3, 0xE4, 0x92, 0x4B, 0xE8, 0x27, 0x94, 0x97, 0x9F, 0x24, 0x92, 0x1F, 0x42, 0x09, 0x05,
        0xE7, 0xA9, 0x24, 0xA7, 0xD1, 0x13, 0xAF, 0x3A, 0x49, 0x25, 0x3E, 0x8A, 0x9C, 0xAF, 0x39, 0x49,
        0x25, 0x3E, 0x8B, 0xDD, 0x39, 0x5E, 0x72, 0x92, 0x4A, 0x7D, 0x11, 0x26, 0xF2, 0xBC, 0xED, 0x24,
        0x94, 0xFA, 0x1B, 0xF9, 0x51, 0x2B, 0xCF, 0x92, 0x49, 0x4F, 0xA0, 0xA4, 0xBC, 0xF9, 0x24, 0x92,
        0xFF, 0x00, 0xFF, 0xD9, 0xFF, 0xED, 0x0E, 0xEA, 0x50, 0x68, 0x6F, 0x74, 0x6F, 0x73, 0x68, 0x6F,
        0x70, 0x20, 0x33, 0x2E, 0x30, 0x00, 0x38, 0x42, 0x49, 0x4D, 0x04, 0x25, 0x00, 0x00, 0x00, 0x00,
        0x00, 0x10, 0x00, 0x00, 0x00, 0x00, 0x00, 0x00, 0x00, 0x00, 0x00, 0x00, 0x00, 0x00, 0x00, 0x00,
        0x00, 0x00, 0x38, 0x42, 0x49, 0x4D, 0x04, 0x3A, 0x00, 0x00, 0x00, 0x00, 0x00, 0xE5, 0x00, 0x00,
        0x00, 0x10, 0x00, 0x00, 0x00, 0x01, 0x00, 0x00, 0x00, 0x00, 0x00, 0x0B, 0x70, 0x72, 0x69, 0x6E,
        0x74, 0x4F, 0x75, 0x74, 0x70, 0x75, 0x74, 0x00, 0x00, 0x00, 0x05, 0x00, 0x00, 0x00, 0x00, 0x50,
        0x73, 0x74, 0x53, 0x62, 0x6F, 0x6F, 0x6C, 0x01, 0x00, 0x00, 0x00, 0x00, 0x49, 0x6E, 0x74, 0x65,
        0x65, 0x6E, 0x75, 0x6D, 0x00, 0x00, 0x00, 0x00, 0x49, 0x6E, 0x74, 0x65, 0x00, 0x00, 0x00, 0x00,
        0x43, 0x6C, 0x72, 0x6D, 0x00, 0x00, 0x00, 0x0F, 0x70, 0x72, 0x69, 0x6E, 0x74, 0x53, 0x69, 0x78,
        0x74, 0x65, 0x65, 0x6E, 0x42, 0x69, 0x74, 0x62, 0x6F, 0x6F, 0x6C, 0x00, 0x00, 0x00, 0x00, 0x0B,
        0x70, 0x72, 0x69, 0x6E, 0x74, 0x65, 0x72, 0x4E, 0x61, 0x6D, 0x65, 0x54, 0x45, 0x58, 0x54, 0x00,
        0x00, 0x00, 0x01, 0x00, 0x00, 0x00, 0x00, 0x00, 0x0F, 0x70, 0x72, 0x69, 0x6E, 0x74, 0x50, 0x72,
        0x6F, 0x6F, 0x66, 0x53, 0x65, 0x74, 0x75, 0x70, 0x4F, 0x62, 0x6A, 0x63, 0x00, 0x00, 0x00, 0x0C,
        0x00, 0x50, 0x00, 0x72, 0x00, 0x6F, 0x00, 0x6F, 0x00, 0x66, 0x00, 0x20, 0x00, 0x53, 0x00, 0x65,
        0x00, 0x74, 0x00, 0x75, 0x00, 0x70, 0x00, 0x00, 0x00, 0x00, 0x00, 0x0A, 0x70, 0x72, 0x6F, 0x6F,
        0x66, 0x53, 0x65, 0x74, 0x75, 0x70, 0x00, 0x00, 0x00, 0x01, 0x00, 0x00, 0x00, 0x00, 0x42, 0x6C,
        0x74, 0x6E, 0x65, 0x6E, 0x75, 0x6D, 0x00, 0x00, 0x00, 0x0C, 0x62, 0x75, 0x69, 0x6C, 0x74, 0x69,
        0x6E, 0x50, 0x72, 0x6F, 0x6F, 0x66, 0x00, 0x00, 0x00, 0x09, 0x70, 0x72, 0x6F, 0x6F, 0x66, 0x43,
        0x4D, 0x59, 0x4B, 0x00, 0x38, 0x42, 0x49, 0x4D, 0x04, 0x3B, 0x00, 0x00, 0x00, 0x00, 0x02, 0x2D,
        0x00, 0x00, 0x00, 0x10, 0x00, 0x00, 0x00, 0x01, 0x00, 0x00, 0x00, 0x00, 0x00, 0x12, 0x70, 0x72,
        0x69, 0x6E, 0x74, 0x4F, 0x75, 0x74, 0x70, 0x75, 0x74, 0x4F, 0x70, 0x74, 0x69, 0x6F, 0x6E, 0x73,
        0x00, 0x00, 0x00, 0x17, 0x00, 0x00, 0x00, 0x00, 0x43, 0x70, 0x74, 0x6E, 0x62, 0x6F, 0x6F, 0x6C,
        0x00, 0x00, 0x00, 0x00, 0x00, 0x43, 0x6C, 0x62, 0x72, 0x62, 0x6F, 0x6F, 0x6C, 0x00, 0x00, 0x00,
        0x00, 0x00, 0x52, 0x67, 0x73, 0x4D, 0x62, 0x6F, 0x6F, 0x6C, 0x00, 0x00, 0x00, 0x00, 0x00, 0x43,
        0x72, 0x6E, 0x43, 0x62, 0x6F, 0x6F, 0x6C, 0x00, 0x00, 0x00, 0x00, 0x00, 0x43, 0x6E, 0x74, 0x43,
        0x62, 0x6F, 0x6F, 0x6C, 0x00, 0x00, 0x00, 0x00, 0x00, 0x4C, 0x62, 0x6C, 0x73, 0x62, 0x6F, 0x6F,
        0x6C, 0x00, 0x00, 0x00, 0x00, 0x00, 0x4E, 0x67, 0x74, 0x76, 0x62, 0x6F, 0x6F, 0x6C, 0x00, 0x00,
        0x00, 0x00, 0x00, 0x45, 0x6D, 0x6C, 0x44, 0x62, 0x6F, 0x6F, 0x6C, 0x00, 0x00, 0x00, 0x00, 0x00,
        0x49, 0x6E, 0x74, 0x72, 0x62, 0x6F, 0x6F, 0x6C, 0x00, 0x00, 0x00, 0x00, 0x00, 0x42, 0x63, 0x6B,
        0x67, 0x4F, 0x62, 0x6A, 0x63, 0x00, 0x00, 0x00, 0x01, 0x00, 0x00, 0x00, 0x00, 0x00, 0x00, 0x52,
        0x47, 0x42, 0x43, 0x00, 0x00, 0x00, 0x03, 0x00, 0x00, 0x00, 0x00, 0x52, 0x64, 0x20, 0x20, 0x64,
        0x6F, 0x75, 0x62, 0x40, 0x6F, 0xE0, 0x00, 0x00, 0x00, 0x00, 0x00, 0x00, 0x00, 0x00, 0x00, 0x47,
        0x72, 0x6E, 0x20, 0x64, 0x6F, 0x75, 0x62, 0x40, 0x6F, 0xE0, 0x00, 0x00, 0x00, 0x00, 0x00, 0x00,
        0x00, 0x00, 0x00, 0x42, 0x6C, 0x20, 0x20, 0x64, 0x6F, 0x75, 0x62, 0x40, 0x6F, 0xE0, 0x00, 0x00,
        0x00, 0x00, 0x00, 0x00, 0x00, 0x00, 0x00, 0x42, 0x72, 0x64, 0x54, 0x55, 0x6E, 0x74, 0x46, 0x23,
        0x52, 0x6C, 0x74, 0x00, 0x00, 0x00, 0x00, 0x00, 0x00, 0x00, 0x00, 0x00, 0x00, 0x00, 0x00, 0x42,
        0x6C, 0x64, 0x20, 0x55, 0x6E, 0x74, 0x46, 0x23, 0x52, 0x6C, 0x74, 0x00, 0x00, 0x00, 0x00, 0x00,
        0x00, 0x00, 0x00, 0x00, 0x00, 0x00, 0x00, 0x52, 0x73, 0x6C, 0x74, 0x55, 0x6E, 0x74, 0x46, 0x23,
        0x50, 0x78, 0x6C, 0x40, 0x52, 0x00, 0x00, 0x00, 0x00, 0x00, 0x00, 0x00, 0x00, 0x00, 0x0A, 0x76,
        0x65, 0x63, 0x74, 0x6F, 0x72, 0x44, 0x61, 0x74, 0x61, 0x62, 0x6F, 0x6F, 0x6C, 0x01, 0x00, 0x00,
        0x00, 0x00, 0x50, 0x67, 0x50, 0x73, 0x65, 0x6E, 0x75, 0x6D, 0x00, 0x00, 0x00, 0x00, 0x50, 0x67,
        0x50, 0x73, 0x00, 0x00, 0x00, 0x00, 0x50, 0x67, 0x50, 0x43, 0x00, 0x00, 0x00, 0x00, 0x4C, 0x65,
        0x66, 0x74, 0x55, 0x6E, 0x74, 0x46, 0x23, 0x52, 0x6C, 0x74, 0x00, 0x00, 0x00, 0x00, 0x00, 0x00,
        0x00, 0x00, 0x00, 0x00, 0x00, 0x00, 0x54, 0x6F, 0x70, 0x20, 0x55, 0x6E, 0x74, 0x46, 0x23, 0x52,
        0x6C, 0x74, 0x00, 0x00, 0x00, 0x00, 0x00, 0x00, 0x00, 0x00, 0x00, 0x00, 0x00, 0x00, 0x53, 0x63,
        0x6C, 0x20, 0x55, 0x6E, 0x74, 0x46, 0x23, 0x50, 0x72, 0x63, 0x40, 0x59, 0x00, 0x00, 0x00, 0x00,
        0x00, 0x00, 0x00, 0x00, 0x00, 0x10, 0x63, 0x72, 0x6F, 0x70, 0x57, 0x68, 0x65, 0x6E, 0x50, 0x72,
        0x69, 0x6E, 0x74, 0x69, 0x6E, 0x67, 0x62, 0x6F, 0x6F, 0x6C, 0x00, 0x00, 0x00, 0x00, 0x0E, 0x63,
        0x72, 0x6F, 0x70, 0x52, 0x65, 0x63, 0x74, 0x42, 0x6F, 0x74, 0x74, 0x6F, 0x6D, 0x6C, 0x6F, 0x6E,
        0x67, 0x00, 0x00, 0x00, 0x00, 0x00, 0x00, 0x00, 0x0C, 0x63, 0x72, 0x6F, 0x70, 0x52, 0x65, 0x63,
        0x74, 0x4C, 0x65, 0x66, 0x74, 0x6C, 0x6F, 0x6E, 0x67, 0x00, 0x00, 0x00, 0x00, 0x00, 0x00, 0x00,
        0x0D, 0x63, 0x72, 0x6F, 0x70, 0x52, 0x65, 0x63, 0x74, 0x52, 0x69, 0x67, 0x68, 0x74, 0x6C, 0x6F,
        0x6E, 0x67, 0x00, 0x00, 0x00, 0x00, 0x00, 0x00, 0x00, 0x0B, 0x63, 0x72, 0x6F, 0x70, 0x52, 0x65,
        0x63, 0x74, 0x54, 0x6F, 0x70, 0x6C, 0x6F, 0x6E, 0x67, 0x00, 0x00, 0x00, 0x00, 0x00, 0x38, 0x42,
        0x49, 0x4D, 0x03, 0xED, 0x00, 0x00, 0x00, 0x00, 0x00, 0x10, 0x00, 0x48, 0x00, 0x00, 0x00, 0x01,
        0x00, 0x01, 0x00, 0x48, 0x00, 0x00, 0x00, 0x01, 0x00, 0x01, 0x38, 0x42, 0x49, 0x4D, 0x04, 0x26,
        0x00, 0x00, 0x00, 0x00, 0x00, 0x0E, 0x00, 0x00, 0x00, 0x00, 0x00, 0x00, 0x00, 0x00, 0x00, 0x00,
        0x3F, 0x80, 0x00, 0x00, 0x38, 0x42, 0x49, 0x4D, 0x04, 0x0D, 0x00, 0x00, 0x00, 0x00, 0x00, 0x04,
        0x00, 0x00, 0x00, 0x5A, 0x38, 0x42, 0x49, 0x4D, 0x04, 0x19, 0x00, 0x00, 0x00, 0x00, 0x00, 0x04,
        0x00, 0x00, 0x00, 0x1E, 0x38, 0x42, 0x49, 0x4D, 0x03, 0xF3, 0x00, 0x00, 0x00, 0x00, 0x00, 0x09,
        0x00, 0x00, 0x00, 0x00, 0x00, 0x00, 0x00, 0x00, 0x01, 0x00, 0x38, 0x42, 0x49, 0x4D, 0x27, 0x10,
        0x00, 0x00, 0x00, 0x00, 0x00, 0x0A, 0x00, 0x01, 0x00, 0x00, 0x00, 0x00, 0x00, 0x00, 0x00, 0x01,
        0x38, 0x42, 0x49, 0x4D, 0x03, 0xF5, 0x00, 0x00, 0x00, 0x00, 0x00, 0x48, 0x00, 0x2F, 0x66, 0x66,
        0x00, 0x01, 0x00, 0x6C, 0x66, 0x66, 0x00, 0x06, 0x00, 0x00, 0x00, 0x00, 0x00, 0x01, 0x00, 0x2F,
        0x66, 0x66, 0x00, 0x01, 0x00, 0xA1, 0x99, 0x9A, 0x00, 0x06, 0x00, 0x00, 0x00, 0x00, 0x00, 0x01,
        0x00, 0x32, 0x00, 0x00, 0x00, 0x01, 0x00, 0x5A, 0x00, 0x00, 0x00, 0x06, 0x00, 0x00, 0x00, 0x00,
        0x00, 0x01, 0x00, 0x35, 0x00, 0x00, 0x00, 0x01, 0x00, 0x2D, 0x00, 0x00, 0x00, 0x06, 0x00, 0x00,
        0x00, 0x00, 0x00, 0x01, 0x38, 0x42, 0x49, 0x4D, 0x03, 0xF8, 0x00, 0x00, 0x00, 0x00, 0x00, 0x70,
        0x00, 0x00, 0xFF, 0xFF, 0xFF, 0xFF, 0xFF, 0xFF, 0xFF, 0xFF, 0xFF, 0xFF, 0xFF, 0xFF, 0xFF, 0xFF,
        0xFF, 0xFF, 0xFF, 0xFF, 0xFF, 0xFF, 0xFF, 0xFF, 0x03, 0xE8, 0x00, 0x00, 0x00, 0x00, 0xFF, 0xFF,
        0xFF, 0xFF, 0xFF, 0xFF, 0xFF, 0xFF, 0xFF, 0xFF, 0xFF, 0xFF, 0xFF, 0xFF, 0xFF, 0xFF, 0xFF, 0xFF,
        0xFF, 0xFF, 0xFF, 0xFF, 0x03, 0xE8, 0x00, 0x00, 0x00, 0x00, 0xFF, 0xFF, 0xFF, 0xFF, 0xFF, 0xFF,
        0xFF, 0xFF, 0xFF, 0xFF, 0xFF, 0xFF, 0xFF, 0xFF, 0xFF, 0xFF, 0xFF, 0xFF, 0xFF, 0xFF, 0xFF, 0xFF,
        0x03, 0xE8, 0x00, 0x00, 0x00, 0x00, 0xFF, 0xFF, 0xFF, 0xFF, 0xFF, 0xFF, 0xFF, 0xFF, 0xFF, 0xFF,
        0xFF, 0xFF, 0xFF, 0xFF, 0xFF, 0xFF, 0xFF, 0xFF, 0xFF, 0xFF, 0xFF, 0xFF, 0x03, 0xE8, 0x00, 0x00,
        0x38, 0x42, 0x49, 0x4D, 0x04, 0x00, 0x00, 0x00, 0x00, 0x00, 0x00, 0x02, 0x00, 0x05, 0x38, 0x42,
        0x49, 0x4D, 0x04, 0x02, 0x00, 0x00, 0x00, 0x00, 0x00, 0x0C, 0x00, 0x00, 0x00, 0x00, 0x00, 0x00,
        0x00, 0x00, 0x00, 0x00, 0x00, 0x00, 0x38, 0x42, 0x49, 0x4D, 0x04, 0x30, 0x00, 0x00, 0x00, 0x00,
        0x00, 0x06, 0x01, 0x01, 0x01, 0x01, 0x01, 0x01, 0x38, 0x42, 0x49, 0x4D, 0x04, 0x2D, 0x00, 0x00,
        0x00, 0x00, 0x00, 0x02, 0x00, 0x00, 0x38, 0x42, 0x49, 0x4D, 0x04, 0x08, 0x00, 0x00, 0x00, 0x00,
        0x00, 0x10, 0x00, 0x00, 0x00, 0x01, 0x00, 0x00, 0x02, 0x40, 0x00, 0x00, 0x02, 0x40, 0x00, 0x00,
        0x00, 0x00, 0x38, 0x42, 0x49, 0x4D, 0x04, 0x44, 0x00, 0x00, 0x00, 0x00, 0x00, 0x10, 0x00, 0x00,
        0x00, 0x02, 0x00, 0x00, 0x02, 0x40, 0x00, 0x00, 0x02, 0x40, 0x00, 0x00, 0x00, 0x00, 0x38, 0x42,
        0x49, 0x4D, 0x04, 0x1E, 0x00, 0x00, 0x00, 0x00, 0x00, 0x04, 0x00, 0x00, 0x00, 0x00, 0x38, 0x42,
        0x49, 0x4D, 0x04, 0x1A, 0x00, 0x00, 0x00, 0x00, 0x03, 0x49, 0x00, 0x00, 0x00, 0x06, 0x00, 0x00,
        0x00, 0x00, 0x00, 0x00, 0x00, 0x00, 0x00, 0x00, 0x00, 0x4C, 0x00, 0x00, 0x02, 0xBC, 0x00, 0x00,
        0x00, 0x0A, 0x00, 0x55, 0x00, 0x6E, 0x00, 0x74, 0x00, 0x69, 0x00, 0x74, 0x00, 0x6C, 0x00, 0x65,
        0x00, 0x64, 0x00, 0x2D, 0x00, 0x38, 0x00, 0x00, 0x00, 0x01, 0x00, 0x00, 0x00, 0x00, 0x00, 0x00,
        0x00, 0x00, 0x00, 0x00, 0x00, 0x00, 0x00, 0x00, 0x00, 0x00, 0x00, 0x00, 0x00, 0x01, 0x00, 0x00,
        0x00, 0x00, 0x00, 0x00, 0x00, 0x00, 0x00, 0x00, 0x02, 0xBC, 0x00, 0x00, 0x00, 0x4C, 0x00, 0x00,
        0x00, 0x00, 0x00, 0x00, 0x00, 0x00, 0x00, 0x00, 0x00, 0x00, 0x00, 0x00, 0x00, 0x00, 0x01, 0x00,
        0x00, 0x00, 0x00, 0x00, 0x00, 0x00, 0x00, 0x00, 0x00, 0x00, 0x00, 0x00, 0x00, 0x00, 0x00, 0x00,
        0x00, 0x00, 0x10, 0x00, 0x00, 0x00, 0x01, 0x00, 0x00, 0x00, 0x00, 0x00, 0x00, 0x6E, 0x75, 0x6C,
        0x6C, 0x00, 0x00, 0x00, 0x02, 0x00, 0x00, 0x00, 0x06, 0x62, 0x6F, 0x75, 0x6E, 0x64, 0x73, 0x4F,
        0x62, 0x6A, 0x63, 0x00, 0x00, 0x00, 0x01, 0x00, 0x00, 0x00, 0x00, 0x00, 0x00, 0x52, 0x63, 0x74,
        0x31, 0x00, 0x00, 0x00, 0x04, 0x00, 0x00, 0x00, 0x00, 0x54, 0x6F, 0x70, 0x20, 0x6C, 0x6F, 0x6E,
        0x67, 0x00, 0x00, 0x00, 0x00, 0x00, 0x00, 0x00, 0x00, 0x4C, 0x65, 0x66, 0x74, 0x6C, 0x6F, 0x6E,
        0x67, 0x00, 0x00, 0x00, 0x00, 0x00, 0x00, 0x00, 0x00, 0x42, 0x74, 0x6F, 0x6D, 0x6C, 0x6F, 0x6E,
        0x67, 0x00, 0x00, 0x00, 0x4C, 0x00, 0x00, 0x00, 0x00, 0x52, 0x67, 0x68, 0x74, 0x6C, 0x6F, 0x6E,
        0x67, 0x00, 0x00, 0x02, 0xBC, 0x00, 0x00, 0x00, 0x06, 0x73, 0x6C, 0x69, 0x63, 0x65, 0x73, 0x56,
        0x6C, 0x4C, 0x73, 0x00, 0x00, 0x00, 0x01, 0x4F, 0x62, 0x6A, 0x63, 0x00, 0x00, 0x00, 0x01, 0x00,
        0x00, 0x00, 0x00, 0x00, 0x05, 0x73, 0x6C, 0x69, 0x63, 0x65, 0x00, 0x00, 0x00, 0x12, 0x00, 0x00,
        0x00, 0x07, 0x73, 0x6C, 0x69, 0x63, 0x65, 0x49, 0x44, 0x6C, 0x6F, 0x6E, 0x67, 0x00, 0x00, 0x00,
        0x00, 0x00, 0x00, 0x00, 0x07, 0x67, 0x72, 0x6F, 0x75, 0x70, 0x49, 0x44, 0x6C, 0x6F, 0x6E, 0x67,
        0x00, 0x00, 0x00, 0x00, 0x00, 0x00, 0x00, 0x06, 0x6F, 0x72, 0x69, 0x67, 0x69, 0x6E, 0x65, 0x6E,
        0x75, 0x6D, 0x00, 0x00, 0x00, 0x0C, 0x45, 0x53, 0x6C, 0x69, 0x63, 0x65, 0x4F, 0x72, 0x69, 0x67,
        0x69, 0x6E, 0x00, 0x00, 0x00, 0x0D, 0x61, 0x75, 0x74, 0x6F, 0x47, 0x65, 0x6E, 0x65, 0x72, 0x61,
        0x74, 0x65, 0x64, 0x00, 0x00, 0x00, 0x00, 0x54, 0x79, 0x70, 0x65, 0x65, 0x6E, 0x75, 0x6D, 0x00,
        0x00, 0x00, 0x0A, 0x45, 0x53, 0x6C, 0x69, 0x63, 0x65, 0x54, 0x79, 0x70, 0x65, 0x00, 0x00, 0x00,
        0x00, 0x49, 0x6D, 0x67, 0x20, 0x00, 0x00, 0x00, 0x06, 0x62, 0x6F, 0x75, 0x6E, 0x64, 0x73, 0x4F,
        0x62, 0x6A, 0x63, 0x00, 0x00, 0x00, 0x01, 0x00, 0x00, 0x00, 0x00, 0x00, 0x00, 0x52, 0x63, 0x74,
        0x31, 0x00, 0x00, 0x00, 0x04, 0x00, 0x00, 0x00, 0x00, 0x54, 0x6F, 0x70, 0x20, 0x6C, 0x6F, 0x6E,
        0x67, 0x00, 0x00, 0x00, 0x00, 0x00, 0x00, 0x00, 0x00, 0x4C, 0x65, 0x66, 0x74, 0x6C, 0x6F, 0x6E,
        0x67, 0x00, 0x00, 0x00, 0x00, 0x00, 0x00, 0x00, 0x00, 0x42, 0x74, 0x6F, 0x6D, 0x6C, 0x6F, 0x6E,
        0x67, 0x00, 0x00, 0x00, 0x4C, 0x00, 0x00, 0x00, 0x00, 0x52, 0x67, 0x68, 0x74, 0x6C, 0x6F, 0x6E,
        0x67, 0x00, 0x00, 0x02, 0xBC, 0x00, 0x00, 0x00, 0x03, 0x75, 0x72, 0x6C, 0x54, 0x45, 0x58, 0x54,
        0x00, 0x00, 0x00, 0x01, 0x00, 0x00, 0x00, 0x00, 0x00, 0x00, 0x6E, 0x75, 0x6C, 0x6C, 0x54, 0x45,
        0x58, 0x54, 0x00, 0x00, 0x00, 0x01, 0x00, 0x00, 0x00, 0x00, 0x00, 0x00, 0x4D, 0x73, 0x67, 0x65,
        0x54, 0x45, 0x58, 0x54, 0x00, 0x00, 0x00, 0x01, 0x00, 0x00, 0x00, 0x00, 0x00, 0x06, 0x61, 0x6C,
        0x74, 0x54, 0x61, 0x67, 0x54, 0x45, 0x58, 0x54, 0x00, 0x00, 0x00, 0x01, 0x00, 0x00, 0x00, 0x00,
        0x00, 0x0E, 0x63, 0x65, 0x6C, 0x6C, 0x54, 0x65, 0x78, 0x74, 0x49, 0x73, 0x48, 0x54, 0x4D, 0x4C,
        0x62, 0x6F, 0x6F, 0x6C, 0x01, 0x00, 0x00, 0x00, 0x08, 0x63, 0x65, 0x6C, 0x6C, 0x54, 0x65, 0x78,
        0x74, 0x54, 0x45, 0x58, 0x54, 0x00, 0x00, 0x00, 0x01, 0x00, 0x00, 0x00, 0x00, 0x00, 0x09, 0x68,
        0x6F, 0x72, 0x7A, 0x41, 0x6C, 0x69, 0x67, 0x6E, 0x65, 0x6E, 0x75, 0x6D, 0x00, 0x00, 0x00, 0x0F,
        0x45, 0x53, 0x6C, 0x69, 0x63, 0x65, 0x48, 0x6F, 0x72, 0x7A, 0x41, 0x6C, 0x69, 0x67, 0x6E, 0x00,
        0x00, 0x00, 0x07, 0x64, 0x65, 0x66, 0x61, 0x75, 0x6C, 0x74, 0x00, 0x00, 0x00, 0x09, 0x76, 0x65,
        0x72, 0x74, 0x41, 0x6C, 0x69, 0x67, 0x6E, 0x65, 0x6E, 0x75, 0x6D, 0x00, 0x00, 0x00, 0x0F, 0x45,
        0x53, 0x6C, 0x69, 0x63, 0x65, 0x56, 0x65, 0x72, 0x74, 0x41, 0x6C, 0x69, 0x67, 0x6E, 0x00, 0x00,
        0x00, 0x07, 0x64, 0x65, 0x66, 0x61, 0x75, 0x6C, 0x74, 0x00, 0x00, 0x00, 0x0B, 0x62, 0x67, 0x43,
        0x6F, 0x6C, 0x6F, 0x72, 0x54, 0x79, 0x70, 0x65, 0x65, 0x6E, 0x75, 0x6D, 0x00, 0x00, 0x00, 0x11,
        0x45, 0x53, 0x6C, 0x69, 0x63, 0x65, 0x42, 0x47, 0x43, 0x6F, 0x6C, 0x6F, 0x72, 0x54, 0x79, 0x70,
        0x65, 0x00, 0x00, 0x00, 0x00, 0x4E, 0x6F, 0x6E, 0x65, 0x00, 0x00, 0x00, 0x09, 0x74, 0x6F, 0x70,
        0x4F, 0x75, 0x74, 0x73, 0x65, 0x74, 0x6C, 0x6F, 0x6E, 0x67, 0x00, 0x00, 0x00, 0x00, 0x00, 0x00,
        0x00, 0x0A, 0x6C, 0x65, 0x66, 0x74, 0x4F, 0x75, 0x74, 0x73, 0x65, 0x74, 0x6C, 0x6F, 0x6E, 0x67,
        0x00, 0x00, 0x00, 0x00, 0x00, 0x00, 0x00, 0x0C, 0x62, 0x6F, 0x74, 0x74, 0x6F, 0x6D, 0x4F, 0x75,
        0x74, 0x73, 0x65, 0x74, 0x6C, 0x6F, 0x6E, 0x67, 0x00, 0x00, 0x00, 0x00, 0x00, 0x00, 0x00, 0x0B,
        0x72, 0x69, 0x67, 0x68, 0x74, 0x4F, 0x75, 0x74, 0x73, 0x65, 0x74, 0x6C, 0x6F, 0x6E, 0x67, 0x00,
        0x00, 0x00, 0x00, 0x00, 0x38, 0x42, 0x49, 0x4D, 0x04, 0x28, 0x00, 0x00, 0x00, 0x00, 0x00, 0x0C,
        0x00, 0x00, 0x00, 0x02, 0x3F, 0xF0, 0x00, 0x00, 0x00, 0x00, 0x00, 0x00, 0x38, 0x42, 0x49, 0x4D,
        0x04, 0x11, 0x00, 0x00, 0x00, 0x00, 0x00, 0x01, 0x01, 0x00, 0x38, 0x42, 0x49, 0x4D, 0x04, 0x14,
        0x00, 0x00, 0x00, 0x00, 0x00, 0x04, 0x00, 0x00, 0x00, 0x06, 0x38, 0x42, 0x49, 0x4D, 0x04, 0x0C,
        0x00, 0x00, 0x00, 0x00, 0x05, 0xA2, 0x00, 0x00, 0x00, 0x01, 0x00, 0x00, 0x00, 0x9D, 0x00, 0x00,
        0x00, 0x11, 0x00, 0x00, 0x01, 0xD8, 0x00, 0x00, 0x1F, 0x58, 0x00, 0x00, 0x05, 0x86, 0x00, 0x18,
        0x00, 0x01, 0xFF, 0xD8, 0xFF, 0xED, 0x00, 0x0C, 0x41, 0x64, 0x6F, 0x62, 0x65, 0x5F, 0x43, 0x4D,
        0x00, 0x02, 0xFF, 0xEE, 0x00, 0x0E, 0x41, 0x64, 0x6F, 0x62, 0x65, 0x00, 0x64, 0x80, 0x00, 0x00,
        0x00, 0x01, 0xFF, 0xDB, 0x00, 0x84, 0x00, 0x0C, 0x08, 0x08, 0x08, 0x09, 0x08, 0x0C, 0x09, 0x09,
        0x0C, 0x11, 0x0B, 0x0A, 0x0B, 0x11, 0x15, 0x0F, 0x0C, 0x0C, 0x0F, 0x15, 0x18, 0x13, 0x13, 0x15,
        0x13, 0x13, 0x18, 0x11, 0x0C, 0x0C, 0x0C, 0x0C, 0x0C, 0x0C, 0x11, 0x0C, 0x0C, 0x0C, 0x0C, 0x0C,
        0x0C, 0x0C, 0x0C, 0x0C, 0x0C, 0x0C, 0x0C, 0x0C, 0x0C, 0x0C, 0x0C, 0x0C, 0x0C, 0x0C, 0x0C, 0x0C,
        0x0C, 0x0C, 0x0C, 0x0C, 0x0C, 0x0C, 0x0C, 0x01, 0x0D, 0x0B, 0x0B, 0x0D, 0x0E, 0x0D, 0x10, 0x0E,
        0x0E, 0x10, 0x14, 0x0E, 0x0E, 0x0E, 0x14, 0x14, 0x0E, 0x0E, 0x0E, 0x0E, 0x14, 0x11, 0x0C, 0x0C,
        0x0C, 0x0C, 0x0C, 0x11, 0x11, 0x0C, 0x0C, 0x0C, 0x0C, 0x0C, 0x0C, 0x11, 0x0C, 0x0C, 0x0C, 0x0C,
        0x0C, 0x0C, 0x0C, 0x0C, 0x0C, 0x0C, 0x0C, 0x0C, 0x0C, 0x0C, 0x0C, 0x0C, 0x0C, 0x0C, 0x0C, 0x0C,
        0x0C, 0x0C, 0x0C, 0x0C, 0x0C, 0x0C, 0x0C, 0x0C, 0xFF, 0xC0, 0x00, 0x11, 0x08, 0x00, 0x11, 0x00,
        0x9D, 0x03, 0x01, 0x22, 0x00, 0x02, 0x11, 0x01, 0x03, 0x11, 0x01, 0xFF, 0xDD, 0x00, 0x04, 0x00,
        0x0A, 0xFF, 0xC4, 0x01, 0x3F, 0x00, 0x00, 0x01, 0x05, 0x01, 0x01, 0x01, 0x01, 0x01, 0x01, 0x00,
        0x00, 0x00, 0x00, 0x00, 0x00, 0x00, 0x03, 0x00, 0x01, 0x02, 0x04, 0x05, 0x06, 0x07, 0x08, 0x09,
        0x0A, 0x0B, 0x01, 0x00, 0x01, 0x05, 0x01, 0x01, 0x01, 0x01, 0x01, 0x01, 0x00, 0x00, 0x00, 0x00,
        0x00, 0x00, 0x00, 0x01, 0x00, 0x02, 0x03, 0x04, 0x05, 0x06, 0x07, 0x08, 0x09, 0x0A, 0x0B, 0x10,
        0x00, 0x01, 0x04, 0x01, 0x03, 0x02, 0x04, 0x02, 0x05, 0x07, 0x06, 0x08, 0x05, 0x03, 0x0C, 0x33,
        0x01, 0x00, 0x02, 0x11, 0x03, 0x04, 0x21, 0x12, 0x31, 0x05, 0x41, 0x51, 0x61, 0x13, 0x22, 0x71,
        0x81, 0x32, 0x06, 0x14, 0x91, 0xA1, 0xB1, 0x42, 0x23, 0x24, 0x15, 0x52, 0xC1, 0x62, 0x33, 0x34,
        0x72, 0x82, 0xD1, 0x43, 0x07, 0x25, 0x92, 0x53, 0xF0, 0xE1, 0xF1, 0x63, 0x73, 0x35, 0x16, 0xA2,
        0xB2, 0x83, 0x26, 0x44, 0x93, 0x54, 0x64, 0x45, 0xC2, 0xA3, 0x74, 0x36, 0x17, 0xD2, 0x55, 0xE2,
        0x65, 0xF2, 0xB3, 0x84, 0xC3, 0xD3, 0x75, 0xE3, 0xF3, 0x46, 0x27, 0x94, 0xA4, 0x85, 0xB4, 0x95,
        0xC4, 0xD4, 0xE4, 0xF4, 0xA5, 0xB5, 0xC5, 0xD5, 0xE5, 0xF5, 0x56, 0x66, 0x76, 0x86, 0x96, 0xA6,
        0xB6, 0xC6, 0xD6, 0xE6, 0xF6, 0x37, 0x47, 0x57, 0x67, 0x77, 0x87, 0x97, 0xA7, 0xB7, 0xC7, 0xD7,
        0xE7, 0xF7, 0x11, 0x00, 0x02, 0x02, 0x01, 0x02, 0x04, 0x04, 0x03, 0x04, 0x05, 0x06, 0x07, 0x07,
        0x06, 0x05, 0x35, 0x01, 0x00, 0x02, 0x11, 0x03, 0x21, 0x31, 0x12, 0x04, 0x41, 0x51, 0x61, 0x71,
        0x22, 0x13, 0x05, 0x32, 0x81, 0x91, 0x14, 0xA1, 0xB1, 0x42, 0x23, 0xC1, 0x52, 0xD1, 0xF0, 0x33,
        0x24, 0x62, 0xE1, 0x72, 0x82, 0x92, 0x43, 0x53, 0x15, 0x63, 0x73, 0x34, 0xF1, 0x25, 0x06, 0x16,
        0xA2, 0xB2, 0x83, 0x07, 0x26, 0x35, 0xC2, 0xD2, 0x44, 0x93, 0x54, 0xA3, 0x17, 0x64, 0x45, 0x55,
        0x36, 0x74, 0x65, 0xE2, 0xF2, 0xB3, 0x84, 0xC3, 0xD3, 0x75, 0xE3, 0xF3, 0x46, 0x94, 0xA4, 0x85,
        0xB4, 0x95, 0xC4, 0xD4, 0xE4, 0xF4, 0xA5, 0xB5, 0xC5, 0xD5, 0xE5, 0xF5, 0x56, 0x66, 0x76, 0x86,
        0x96, 0xA6, 0xB6, 0xC6, 0xD6, 0xE6, 0xF6, 0x27, 0x37, 0x47, 0x57, 0x67, 0x77, 0x87, 0x97, 0xA7,
        0xB7, 0xC7, 0xFF, 0xDA, 0x00, 0x0C, 0x03, 0x01, 0x00, 0x02, 0x11, 0x03, 0x11, 0x00, 0x3F, 0x00,
        0xC0, 0xCE, 0xEA, 0xB4, 0x62, 0x64, 0x0C, 0x7F, 0x4D, 0xD7, 0xDC, 0x58, 0xEB, 0x5C, 0xD6, 0x39,
        0xAD, 0xDA, 0xD6, 0x87, 0x58, 0x77, 0x17, 0xFE, 0x77, 0xA6, 0xC7, 0x3F, 0x6A, 0x90, 0xEA, 0x38,
        0xEF, 0xE9, 0xE3, 0x3E, 0xA0, 0x6C, 0xAC, 0xC0, 0xD9, 0x20, 0x38, 0x38, 0x9D, 0x8E, 0x63, 0xBF,
        0xA8, 0x81, 0xD4, 0x3A, 0x3B, 0x33, 0x32, 0x46, 0x4D, 0x76, 0xFA, 0x16, 0x96, 0x3A, 0xBB, 0x0E,
        0xCD, 0xC1, 0xC1, 0xCD, 0x35, 0x6E, 0xFA, 0x4C, 0xF7, 0x7A, 0x6E, 0xD8, 0xAC, 0x62, 0x62, 0x0C,
        0x1C, 0x36, 0x63, 0x62, 0x98, 0x73, 0x75, 0x75, 0x84, 0x41, 0x73, 0x8F, 0xD3, 0x79, 0xD1, 0xFF,
        0x00, 0xF9, 0xC2, 0xCC, 0x3E, 0xD7, 0x0C, 0x6B, 0x59, 0x58, 0xE2, 0x1A, 0xFF, 0x00, 0x84, 0xEA,
        0x8F, 0x77, 0x8A, 0x57, 0xA4, 0x68, 0xF0, 0x9D, 0x3F, 0xC1, 0x58, 0xF5, 0x2C, 0x50, 0xE0, 0xDD,
        0xB6, 0xC9, 0x31, 0xA5, 0x64, 0xFF, 0x00, 0xAF, 0x3F, 0xFA, 0x4D, 0x45, 0xBD, 0x53, 0x0C, 0x82,
        0x62, 0xCF, 0x6F, 0x3E, 0xC3, 0xA6, 0x8D, 0x7F, 0x6F, 0xE4, 0xB9, 0x1F, 0x7E, 0x6E, 0xD7, 0x7B,
        0xAB, 0xDD, 0xA6, 0xDD, 0x1D, 0x1C, 0x1D, 0xD3, 0xFF, 0x00, 0x45, 0x39, 0x76, 0x69, 0x3E, 0xD7,
        0xB0, 0x68, 0x39, 0x07, 0x98, 0xF7, 0x7F, 0xD2, 0x4D, 0xF4, 0x76, 0xFF, 0x00, 0x9D, 0xFF, 0x00,
        0xA0, 0x2E, 0xF5, 0xF7, 0xFF, 0x00, 0x9B, 0xFF, 0x00, 0xA1, 0x21, 0xAF, 0x3E, 0xAB, 0x8B, 0xFD,
        0x36, 0xBF, 0xF4, 0x6D, 0x2E, 0x76, 0xF0, 0x19, 0xC0, 0x63, 0xF6, 0xFB, 0x8F, 0xFC, 0x22, 0x7A,
        0x33, 0xEA, 0xB9, 0xD5, 0x33, 0x63, 0xD8, 0xEB, 0x8C, 0x37, 0x70, 0x11, 0xF4, 0x45, 0x9C, 0xEE,
        0xDD, 0xF4, 0x5F, 0xFB, 0x8A, 0x5F, 0xAF, 0xE8, 0x0B, 0xEB, 0x31, 0xDD, 0xC0, 0x9F, 0x0F, 0xDD,
        0xDA, 0xA4, 0x3E, 0xDB, 0x0E, 0xDC, 0xF6, 0x4C, 0x1D, 0x80, 0x03, 0xCF, 0xE6, 0xEF, 0x25, 0x22,
        0x23, 0xAE, 0xDF, 0xE3, 0x7F, 0xE8, 0x2A, 0x1C, 0x5A, 0x6F, 0xFE, 0x2B, 0x5E, 0xAE, 0xA7, 0x4D,
        0xBB, 0x40, 0xAE, 0xCD, 0xEE, 0xD7, 0x68, 0x00, 0xC0, 0xDC, 0xDA, 0xB5, 0x79, 0xF4, 0xDB, 0xF4,
        0x9F, 0xF9, 0xAA, 0x43, 0xA9, 0x63, 0x7A, 0x55, 0xDB, 0x16, 0xEC, 0xB5, 0xDB, 0x1A, 0x76, 0x1E,
        0x46, 0xEF, 0xFC, 0x87, 0xE6, 0xA2, 0xFE, 0xBF, 0x1A, 0xBA, 0xA9, 0xD3, 0xB3, 0xBE, 0x69, 0xFF,
        0x00, 0x5E, 0xEC, 0xFA, 0xA7, 0x8D, 0xD0, 0xE9, 0x21, 0x2F, 0x47, 0x61, 0xFE, 0x37, 0xFE, 0x82,
        0xAF, 0x5F, 0x7F, 0xF9, 0xBF, 0xFA, 0x12, 0x16, 0x75, 0x5C, 0x57, 0x89, 0x01, 0xFC, 0x03, 0xA8,
        0x68, 0xD0, 0xB7, 0xD5, 0xFD, 0xFF, 0x00, 0xDC, 0xFC, 0xDF, 0xF0, 0x9F, 0xE0, 0xBD, 0x44, 0x5C,
        0x7C, 0xCA, 0x72, 0x0B, 0xC5, 0x61, 0xE3, 0x60, 0x69, 0x3B, 0xDB, 0xB7, 0xE9, 0x4E, 0xD8, 0xFF,
        0x00, 0x35, 0x10, 0xFD, 0xB0, 0x03, 0xB1, 0xD5, 0xC9, 0x24, 0x92, 0x41, 0xD4, 0x7B, 0x76, 0x1F,
        0x6F, 0xE7, 0x6D, 0xFA, 0x49, 0x88, 0xCE, 0x3B, 0xBD, 0xF5, 0xF7, 0xD9, 0xA1, 0x8F, 0xED, 0x6E,
        0x48, 0x88, 0x11, 0xA6, 0x9F, 0xE1, 0x7F, 0xE8, 0x2A, 0xF5, 0xF7, 0xBF, 0xF0, 0x7F, 0xF4, 0x26,
        0xDD, 0x38, 0x87, 0x25, 0xD5, 0xD7, 0x4D, 0xF4, 0xFA, 0xB6, 0x0D, 0xC5, 0xB6, 0x39, 0xD5, 0xB5,
        0xA0, 0x7D, 0x3F, 0x52, 0xEB, 0x18, 0xDA, 0xDB, 0xB3, 0xDB, 0xFF, 0x00, 0x18, 0xFF, 0x00, 0xE6,
        0xD5, 0x86, 0x74, 0x3C, 0xD7, 0x07, 0x1F, 0x5B, 0x11, 0xA1, 0x9C, 0xEE, 0xBC, 0x0F, 0xCE, 0x35,
        0xFB, 0xB4, 0xF6, 0x7B, 0x36, 0x64, 0x7F, 0xE1, 0x7B, 0xA9, 0xFC, 0xF5, 0x96, 0xE6, 0x65, 0xB9,
        0x80, 0x13, 0x51, 0x74, 0xEA, 0x20, 0x91, 0x1A, 0x47, 0xD2, 0xFD, 0xDF, 0x72, 0x8F, 0xA3, 0x95,
        0x30, 0x5B, 0x4C, 0x76, 0x3B, 0x7F, 0x82, 0x51, 0x11, 0x03, 0x5A, 0x3F, 0xE1, 0x57, 0xFD, 0xCA,
        0xD0, 0x32, 0x0F, 0xD3, 0x27, 0xCE, 0x11, 0xFF, 0x00, 0xB9, 0x74, 0xEE, 0xE9, 0x39, 0x34, 0x51,
        0x6D, 0xEF, 0xBF, 0x14, 0xB2, 0x9A, 0xEC, 0xB5, 0xC1, 0x97, 0x07, 0x38, 0xFA, 0x7A, 0xFA, 0x4C,
        0x6B, 0x5B, 0xFC, 0xF6, 0x45, 0x7F, 0xA6, 0xC5, 0xFF, 0x00, 0x4B, 0x4A, 0x9D, 0xBD, 0x0F, 0x2A,
        0xB2, 0x5A, 0x72, 0x70, 0xCB, 0x80, 0x24, 0x30, 0x5F, 0xAB, 0x80, 0x63, 0x2C, 0xDD, 0x5F, 0xB3,
        0xF3, 0xDF, 0x6D, 0x58, 0xF5, 0xB5, 0xDE, 0xF7, 0xDE, 0xFF, 0x00, 0xF4, 0x7F, 0xA4, 0x59, 0x62,
        0x9B, 0xE3, 0x9A, 0xC3, 0x83, 0xA4, 0x38, 0x08, 0xD2, 0x3B, 0x82, 0xD3, 0xFE, 0x13, 0xDC, 0xA2,
        0x69, 0xCA, 0xDA, 0x40, 0xF4, 0x44, 0xF0, 0x43, 0x7B, 0x7D, 0xDF, 0x4F, 0xFE, 0x82, 0x3F, 0xAB,
        0xFD, 0xD1, 0xFE, 0x31, 0xFF, 0x00, 0xBD, 0x4F, 0xAF, 0xF7, 0x8F, 0xF8, 0xA3, 0xFE, 0xF9, 0xD5,
        0xB7, 0xA3, 0xE4, 0xD5, 0x4B, 0xAF, 0x19, 0x18, 0xB6, 0x56, 0xD1, 0x69, 0x86, 0x5B, 0x0E, 0x71,
        0xA1, 0xDE, 0x9B, 0xEA, 0xAE, 0xAB, 0x18, 0xC7, 0xD9, 0x6D, 0xB1, 0x63, 0xF1, 0xFF, 0x00, 0xD2,
        0xD7, 0x4F, 0xFC, 0x5A, 0xA4, 0xE0, 0xE6, 0x1D, 0xAF, 0x05, 0xA4, 0xF0, 0x1C, 0x08, 0xFC, 0xA8,
        0x1E, 0x9E, 0x48, 0xDA, 0x5B, 0xE9, 0x6F, 0x07, 0x57, 0x6D, 0xEC, 0x36, 0xEC, 0xDB, 0x03, 0xE9,
        0xA9, 0x3B, 0xED, 0xCF, 0x79, 0x26, 0xC6, 0x3C, 0x7E, 0x69, 0x7E, 0xE2, 0x62, 0x64, 0x37, 0x9F,
        0x34, 0xD9, 0x08, 0x9A, 0xAA, 0x8F, 0xD6, 0xD4, 0x3D, 0xC0, 0x75, 0xD6, 0x3E, 0x55, 0x24, 0xB2,
        0x99, 0x08, 0x8C, 0xD1, 0xF9, 0xD4, 0x9D, 0x3F, 0x75, 0xC3, 0x5F, 0xBD, 0x4A, 0xBF, 0x54, 0x34,
        0xFA, 0xC5, 0xA5, 0xD3, 0xA6, 0xC0, 0x40, 0x8F, 0xED, 0x26, 0x91, 0x5D, 0x41, 0x5E, 0x0D, 0xF4,
        0x2C, 0xCA, 0x49, 0xA4, 0x25, 0x21, 0x04, 0xBF, 0xFF, 0xD0, 0xCB, 0x49, 0x79, 0xF2, 0x4B, 0x1D,
        0xD9, 0x7D, 0x05, 0x21, 0xCA, 0xF3, 0xE4, 0x92, 0x4B, 0xE8, 0x27, 0x94, 0x97, 0x9F, 0x24, 0x92,
        0x1F, 0x42, 0x09, 0x05, 0xE7, 0xA9, 0x24, 0xA7, 0xD1, 0x13, 0xAF, 0x3A, 0x49, 0x25, 0x3E, 0x8A,
        0x9C, 0xAF, 0x39, 0x49, 0x25, 0x3E, 0x8B, 0xDD, 0x39, 0x5E, 0x72, 0x92, 0x4A, 0x7D, 0x11, 0x26,
        0xF2, 0xBC, 0xED, 0x24, 0x94, 0xFA, 0x1B, 0xF9, 0x51, 0x2B, 0xCF, 0x92, 0x49, 0x4F, 0xA0, 0xA4,
        0xBC, 0xF9, 0x24, 0x92, 0xFF, 0x00, 0xFF, 0xD9, 0x38, 0x42, 0x49, 0x4D, 0x04, 0x21, 0x00, 0x00,
        0x00, 0x00, 0x00, 0x57, 0x00, 0x00, 0x00, 0x01, 0x01, 0x00, 0x00, 0x00, 0x0F, 0x00, 0x41, 0x00,
        0x64, 0x00, 0x6F, 0x00, 0x62, 0x00, 0x65, 0x00, 0x20, 0x00, 0x50, 0x00, 0x68, 0x00, 0x6F, 0x00,
        0x74, 0x00, 0x6F, 0x00, 0x73, 0x00, 0x68, 0x00, 0x6F, 0x00, 0x70, 0x00, 0x00, 0x00, 0x14, 0x00,
        0x41, 0x00, 0x64, 0x00, 0x6F, 0x00, 0x62, 0x00, 0x65, 0x00, 0x20, 0x00, 0x50, 0x00, 0x68, 0x00,
        0x6F, 0x00, 0x74, 0x00, 0x6F, 0x00, 0x73, 0x00, 0x68, 0x00, 0x6F, 0x00, 0x70, 0x00, 0x20, 0x00,
        0x32, 0x00, 0x30, 0x00, 0x32, 0x00, 0x35, 0x00, 0x00, 0x00, 0x01, 0x00, 0x38, 0x42, 0x49, 0x4D,
        0x04, 0x06, 0x00, 0x00, 0x00, 0x00, 0x00, 0x07, 0x00, 0x01, 0x01, 0x01, 0x00, 0x01, 0x01, 0x00,
        0xFF, 0xE1, 0x0E, 0x81, 0x68, 0x74, 0x74, 0x70, 0x3A, 0x2F, 0x2F, 0x6E, 0x73, 0x2E, 0x61, 0x64,
        0x6F, 0x62, 0x65, 0x2E, 0x63, 0x6F, 0x6D, 0x2F, 0x78, 0x61, 0x70, 0x2F, 0x31, 0x2E, 0x30, 0x2F,
        0x00, 0x3C, 0x3F, 0x78, 0x70, 0x61, 0x63, 0x6B, 0x65, 0x74, 0x20, 0x62, 0x65, 0x67, 0x69, 0x6E,
        0x3D, 0x22, 0xEF, 0xBB, 0xBF, 0x22, 0x20, 0x69, 0x64, 0x3D, 0x22, 0x57, 0x35, 0x4D, 0x30, 0x4D,
        0x70, 0x43, 0x65, 0x68, 0x69, 0x48, 0x7A, 0x72, 0x65, 0x53, 0x7A, 0x4E, 0x54, 0x63, 0x7A, 0x6B,
        0x63, 0x39, 0x64, 0x22, 0x3F, 0x3E, 0x20, 0x3C, 0x78, 0x3A, 0x78, 0x6D, 0x70, 0x6D, 0x65, 0x74,
        0x61, 0x20, 0x78, 0x6D, 0x6C, 0x6E, 0x73, 0x3A, 0x78, 0x3D, 0x22, 0x61, 0x64, 0x6F, 0x62, 0x65,
        0x3A, 0x6E, 0x73, 0x3A, 0x6D, 0x65, 0x74, 0x61, 0x2F, 0x22, 0x20, 0x78, 0x3A, 0x78, 0x6D, 0x70,
        0x74, 0x6B, 0x3D, 0x22, 0x41, 0x64, 0x6F, 0x62, 0x65, 0x20, 0x58, 0x4D, 0x50, 0x20, 0x43, 0x6F,
        0x72, 0x65, 0x20, 0x39, 0x2E, 0x31, 0x2D, 0x63, 0x30, 0x30, 0x33, 0x20, 0x37, 0x39, 0x2E, 0x39,
        0x36, 0x39, 0x30, 0x61, 0x38, 0x37, 0x2C, 0x20, 0x32, 0x30, 0x32, 0x35, 0x2F, 0x30, 0x33, 0x2F,
        0x30, 0x36, 0x2D, 0x31, 0x39, 0x3A, 0x31, 0x32, 0x3A, 0x30, 0x33, 0x20, 0x20, 0x20, 0x20, 0x20,
        0x20, 0x20, 0x20, 0x22, 0x3E, 0x20, 0x3C, 0x72, 0x64, 0x66, 0x3A, 0x52, 0x44, 0x46, 0x20, 0x78,
        0x6D, 0x6C, 0x6E, 0x73, 0x3A, 0x72, 0x64, 0x66, 0x3D, 0x22, 0x68, 0x74, 0x74, 0x70, 0x3A, 0x2F,
        0x2F, 0x77, 0x77, 0x77, 0x2E, 0x77, 0x33, 0x2E, 0x6F, 0x72, 0x67, 0x2F, 0x31, 0x39, 0x39, 0x39,
        0x2F, 0x30, 0x32, 0x2F, 0x32, 0x32, 0x2D, 0x72, 0x64, 0x66, 0x2D, 0x73, 0x79, 0x6E, 0x74, 0x61,
        0x78, 0x2D, 0x6E, 0x73, 0x23, 0x22, 0x3E, 0x20, 0x3C, 0x72, 0x64, 0x66, 0x3A, 0x44, 0x65, 0x73,
        0x63, 0x72, 0x69, 0x70, 0x74, 0x69, 0x6F, 0x6E, 0x20, 0x72, 0x64, 0x66, 0x3A, 0x61, 0x62, 0x6F,
        0x75, 0x74, 0x3D, 0x22, 0x22, 0x20, 0x78, 0x6D, 0x6C, 0x6E, 0x73, 0x3A, 0x78, 0x6D, 0x70, 0x3D,
        0x22, 0x68, 0x74, 0x74, 0x70, 0x3A, 0x2F, 0x2F, 0x6E, 0x73, 0x2E, 0x61, 0x64, 0x6F, 0x62, 0x65,
        0x2E, 0x63, 0x6F, 0x6D, 0x2F, 0x78, 0x61, 0x70, 0x2F, 0x31, 0x2E, 0x30, 0x2F, 0x22, 0x20, 0x78,
        0x6D, 0x6C, 0x6E, 0x73, 0x3A, 0x78, 0x6D, 0x70, 0x4D, 0x4D, 0x3D, 0x22, 0x68, 0x74, 0x74, 0x70,
        0x3A, 0x2F, 0x2F, 0x6E, 0x73, 0x2E, 0x61, 0x64, 0x6F, 0x62, 0x65, 0x2E, 0x63, 0x6F, 0x6D, 0x2F,
        0x78, 0x61, 0x70, 0x2F, 0x31, 0x2E, 0x30, 0x2F, 0x6D, 0x6D, 0x2F, 0x22, 0x20, 0x78, 0x6D, 0x6C,
        0x6E, 0x73, 0x3A, 0x73, 0x74, 0x45, 0x76, 0x74, 0x3D, 0x22, 0x68, 0x74, 0x74, 0x70, 0x3A, 0x2F,
        0x2F, 0x6E, 0x73, 0x2E, 0x61, 0x64, 0x6F, 0x62, 0x65, 0x2E, 0x63, 0x6F, 0x6D, 0x2F, 0x78, 0x61,
        0x70, 0x2F, 0x31, 0x2E, 0x30, 0x2F, 0x73, 0x54, 0x79, 0x70, 0x65, 0x2F, 0x52, 0x65, 0x73, 0x6F,
        0x75, 0x72, 0x63, 0x65, 0x45, 0x76, 0x65, 0x6E, 0x74, 0x23, 0x22, 0x20, 0x78, 0x6D, 0x6C, 0x6E,
        0x73, 0x3A, 0x70, 0x68, 0x6F, 0x74, 0x6F, 0x73, 0x68, 0x6F, 0x70, 0x3D, 0x22, 0x68, 0x74, 0x74,
        0x70, 0x3A, 0x2F, 0x2F, 0x6E, 0x73, 0x2E, 0x61, 0x64, 0x6F, 0x62, 0x65, 0x2E, 0x63, 0x6F, 0x6D,
        0x2F, 0x70, 0x68, 0x6F, 0x74, 0x6F, 0x73, 0x68, 0x6F, 0x70, 0x2F, 0x31, 0x2E, 0x30, 0x2F, 0x22,
        0x20, 0x78, 0x6D, 0x6C, 0x6E, 0x73, 0x3A, 0x64, 0x63, 0x3D, 0x22, 0x68, 0x74, 0x74, 0x70, 0x3A,
        0x2F, 0x2F, 0x70, 0x75, 0x72, 0x6C, 0x2E, 0x6F, 0x72, 0x67, 0x2F, 0x64, 0x63, 0x2F, 0x65, 0x6C,
        0x65, 0x6D, 0x65, 0x6E, 0x74, 0x73, 0x2F, 0x31, 0x2E, 0x31, 0x2F, 0x22, 0x20, 0x78, 0x6D, 0x70,
        0x3A, 0x43, 0x72, 0x65, 0x61, 0x74, 0x6F, 0x72, 0x54, 0x6F, 0x6F, 0x6C, 0x3D, 0x22, 0x41, 0x64,
        0x6F, 0x62, 0x65, 0x20, 0x50, 0x68, 0x6F, 0x74, 0x6F, 0x73, 0x68, 0x6F, 0x70, 0x20, 0x32, 0x36,
        0x2E, 0x38, 0x20, 0x28, 0x57, 0x69, 0x6E, 0x64, 0x6F, 0x77, 0x73, 0x29, 0x22, 0x20, 0x78, 0x6D,
        0x70, 0x3A, 0x43, 0x72, 0x65, 0x61, 0x74, 0x65, 0x44, 0x61, 0x74, 0x65, 0x3D, 0x22, 0x32, 0x30,
        0x32, 0x36, 0x2D, 0x30, 0x39, 0x2D, 0x31, 0x36, 0x54, 0x32, 0x33, 0x3A, 0x33, 0x33, 0x3A, 0x35,
        0x39, 0x2B, 0x30, 0x33, 0x3A, 0x30, 0x30, 0x22, 0x20, 0x78, 0x6D, 0x70, 0x3A, 0x4D, 0x65, 0x74,
        0x61, 0x64, 0x61, 0x74, 0x61, 0x44, 0x61, 0x74, 0x65, 0x3D, 0x22, 0x32, 0x30, 0x32, 0x36, 0x2D,
        0x30, 0x39, 0x2D, 0x31, 0x36, 0x54, 0x32, 0x33, 0x3A, 0x33, 0x33, 0x3A, 0x35, 0x39, 0x2B, 0x30,
        0x33, 0x3A, 0x30, 0x30, 0x22, 0x20, 0x78, 0x6D, 0x70, 0x3A, 0x4D, 0x6F, 0x64, 0x69, 0x66, 0x79,
        0x44, 0x61, 0x74, 0x65, 0x3D, 0x22, 0x32, 0x30, 0x32, 0x36, 0x2D, 0x30, 0x39, 0x2D, 0x31, 0x36,
        0x54, 0x32, 0x33, 0x3A, 0x33, 0x33, 0x3A, 0x35, 0x39, 0x2B, 0x30, 0x33, 0x3A, 0x30, 0x30, 0x22,
        0x20, 0x78, 0x6D, 0x70, 0x4D, 0x4D, 0x3A, 0x49, 0x6E, 0x73, 0x74, 0x61, 0x6E, 0x63, 0x65, 0x49,
        0x44, 0x3D, 0x22, 0x78, 0x6D, 0x70, 0x2E, 0x69, 0x69, 0x64, 0x3A, 0x38, 0x34, 0x33, 0x30, 0x36,
        0x63, 0x35, 0x31, 0x2D, 0x39, 0x66, 0x39, 0x31, 0x2D, 0x35, 0x31, 0x34, 0x33, 0x2D, 0x38, 0x65,
        0x61, 0x38, 0x2D, 0x39, 0x64, 0x33, 0x33, 0x66, 0x64, 0x37, 0x61, 0x35, 0x31, 0x36, 0x66, 0x22,
        0x20, 0x78, 0x6D, 0x70, 0x4D, 0x4D, 0x3A, 0x44, 0x6F, 0x63, 0x75, 0x6D, 0x65, 0x6E, 0x74, 0x49,
        0x44, 0x3D, 0x22, 0x61, 0x64, 0x6F, 0x62, 0x65, 0x3A, 0x64, 0x6F, 0x63, 0x69, 0x64, 0x3A, 0x70,
        0x68, 0x6F, 0x74, 0x6F, 0x73, 0x68, 0x6F, 0x70, 0x3A, 0x66, 0x62, 0x65, 0x30, 0x35, 0x35, 0x32,
        0x39, 0x2D, 0x30, 0x38, 0x32, 0x64, 0x2D, 0x33, 0x35, 0x34, 0x33, 0x2D, 0x62, 0x38, 0x64, 0x66,
        0x2D, 0x32, 0x31, 0x35, 0x35, 0x61, 0x37, 0x31, 0x64, 0x61, 0x37, 0x66, 0x31, 0x22, 0x20, 0x78,
        0x6D, 0x70, 0x4D, 0x4D, 0x3A, 0x4F, 0x72, 0x69, 0x67, 0x69, 0x6E, 0x61, 0x6C, 0x44, 0x6F, 0x63,
        0x75, 0x6D, 0x65, 0x6E, 0x74, 0x49, 0x44, 0x3D, 0x22, 0x78, 0x6D, 0x70, 0x2E, 0x64, 0x69, 0x64,
        0x3A, 0x65, 0x37, 0x64, 0x34, 0x37, 0x39, 0x62, 0x35, 0x2D, 0x39, 0x63, 0x65, 0x30, 0x2D, 0x36,
        0x63, 0x34, 0x38, 0x2D, 0x61, 0x36, 0x37, 0x66, 0x2D, 0x37, 0x38, 0x62, 0x30, 0x37, 0x30, 0x66,
        0x33, 0x62, 0x66, 0x32, 0x33, 0x22, 0x20, 0x70, 0x68, 0x6F, 0x74, 0x6F, 0x73, 0x68, 0x6F, 0x70,
        0x3A, 0x43, 0x6F, 0x6C, 0x6F, 0x72, 0x4D, 0x6F, 0x64, 0x65, 0x3D, 0x22, 0x33, 0x22, 0x20, 0x64,
        0x63, 0x3A, 0x66, 0x6F, 0x72, 0x6D, 0x61, 0x74, 0x3D, 0x22, 0x69, 0x6D, 0x61, 0x67, 0x65, 0x2F,
        0x6A, 0x70, 0x65, 0x67, 0x22, 0x3E, 0x20, 0x3C, 0x78, 0x6D, 0x70, 0x4D, 0x4D, 0x3A, 0x48, 0x69,
        0x73, 0x74, 0x6F, 0x72, 0x79, 0x3E, 0x20, 0x3C, 0x72, 0x64, 0x66, 0x3A, 0x53, 0x65, 0x71, 0x3E,
        0x20, 0x3C, 0x72, 0x64, 0x66, 0x3A, 0x6C, 0x69, 0x20, 0x73, 0x74, 0x45, 0x76, 0x74, 0x3A, 0x61,
        0x63, 0x74, 0x69, 0x6F, 0x6E, 0x3D, 0x22, 0x63, 0x72, 0x65, 0x61, 0x74, 0x65, 0x64, 0x22, 0x20,
        0x73, 0x74, 0x45, 0x76, 0x74, 0x3A, 0x69, 0x6E, 0x73, 0x74, 0x61, 0x6E, 0x63, 0x65, 0x49, 0x44,
        0x3D, 0x22, 0x78, 0x6D, 0x70, 0x2E, 0x69, 0x69, 0x64, 0x3A, 0x65, 0x37, 0x64, 0x34, 0x37, 0x39,
        0x62, 0x35, 0x2D, 0x39, 0x63, 0x65, 0x30, 0x2D, 0x36, 0x63, 0x34, 0x38, 0x2D, 0x61, 0x36, 0x37,
        0x66, 0x2D, 0x37, 0x38, 0x62, 0x30, 0x37, 0x30, 0x66, 0x33, 0x62, 0x66, 0x32, 0x33, 0x22, 0x20,
        0x73, 0x74, 0x45, 0x76, 0x74, 0x3A, 0x77, 0x68, 0x65, 0x6E, 0x3D, 0x22, 0x32, 0x30, 0x32, 0x36,
        0x2D, 0x30, 0x39, 0x2D, 0x31, 0x36, 0x54, 0x32, 0x33, 0x3A, 0x33, 0x33, 0x3A, 0x35, 0x39, 0x2B,
        0x30, 0x33, 0x3A, 0x30, 0x30, 0x22, 0x20, 0x73, 0x74, 0x45, 0x76, 0x74, 0x3A, 0x73, 0x6F, 0x66,
        0x74, 0x77, 0x61, 0x72, 0x65, 0x41, 0x67, 0x65, 0x6E, 0x74, 0x3D, 0x22, 0x41, 0x64, 0x6F, 0x62,
        0x65, 0x20, 0x50, 0x68, 0x6F, 0x74, 0x6F, 0x73, 0x68, 0x6F, 0x70, 0x20, 0x32, 0x36, 0x2E, 0x38,
        0x20, 0x28, 0x57, 0x69, 0x6E, 0x64, 0x6F, 0x77, 0x73, 0x29, 0x22, 0x2F, 0x3E, 0x20, 0x3C, 0x72,
        0x64, 0x66, 0x3A, 0x6C, 0x69, 0x20, 0x73, 0x74, 0x45, 0x76, 0x74, 0x3A, 0x61, 0x63, 0x74, 0x69,
        0x6F, 0x6E, 0x3D, 0x22, 0x73, 0x61, 0x76, 0x65, 0x64, 0x22, 0x20, 0x73, 0x74, 0x45, 0x76, 0x74,
        0x3A, 0x69, 0x6E, 0x73, 0x74, 0x61, 0x6E, 0x63, 0x65, 0x49, 0x44, 0x3D, 0x22, 0x78, 0x6D, 0x70,
        0x2E, 0x69, 0x69, 0x64, 0x3A, 0x38, 0x34, 0x33, 0x30, 0x36, 0x63, 0x35, 0x31, 0x2D, 0x39, 0x66,
        0x39, 0x31, 0x2D, 0x35, 0x31, 0x34, 0x33, 0x2D, 0x38, 0x65, 0x61, 0x38, 0x2D, 0x39, 0x64, 0x33,
        0x33, 0x66, 0x64, 0x37, 0x61, 0x35, 0x31, 0x36, 0x66, 0x22, 0x20, 0x73, 0x74, 0x45, 0x76, 0x74,
        0x3A, 0x77, 0x68, 0x65, 0x6E, 0x3D, 0x22, 0x32, 0x30, 0x32, 0x36, 0x2D, 0x30, 0x39, 0x2D, 0x31,
        0x36, 0x54, 0x32, 0x33, 0x3A, 0x33, 0x33, 0x3A, 0x35, 0x39, 0x2B, 0x30, 0x33, 0x3A, 0x30, 0x30,
        0x22, 0x20, 0x73, 0x74, 0x45, 0x76, 0x74, 0x3A, 0x73, 0x6F, 0x66, 0x74, 0x77, 0x61, 0x72, 0x65,
        0x41, 0x67, 0x65, 0x6E, 0x74, 0x3D, 0x22, 0x41, 0x64, 0x6F, 0x62, 0x65, 0x20, 0x50, 0x68, 0x6F,
        0x74, 0x6F, 0x73, 0x68, 0x6F, 0x70, 0x20, 0x32, 0x36, 0x2E, 0x38, 0x20, 0x28, 0x57, 0x69, 0x6E,
        0x64, 0x6F, 0x77, 0x73, 0x29, 0x22, 0x20, 0x73, 0x74, 0x45, 0x76, 0x74, 0x3A, 0x63, 0x68, 0x61,
        0x6E, 0x67, 0x65, 0x64, 0x3D, 0x22, 0x2F, 0x22, 0x2F, 0x3E, 0x20, 0x3C, 0x2F, 0x72, 0x64, 0x66,
        0x3A, 0x53, 0x65, 0x71, 0x3E, 0x20, 0x3C, 0x2F, 0x78, 0x6D, 0x70, 0x4D, 0x4D, 0x3A, 0x48, 0x69,
        0x73, 0x74, 0x6F, 0x72, 0x79, 0x3E, 0x20, 0x3C, 0x70, 0x68, 0x6F, 0x74, 0x6F, 0x73, 0x68, 0x6F,
        0x70, 0x3A, 0x54, 0x65, 0x78, 0x74, 0x4C, 0x61, 0x79, 0x65, 0x72, 0x73, 0x3E, 0x20, 0x3C, 0x72,
        0x64, 0x66, 0x3A, 0x42, 0x61, 0x67, 0x3E, 0x20, 0x3C, 0x72, 0x64, 0x66, 0x3A, 0x6C, 0x69, 0x20,
        0x70, 0x68, 0x6F, 0x74, 0x6F, 0x73, 0x68, 0x6F, 0x70, 0x3A, 0x4C, 0x61, 0x79, 0x65, 0x72, 0x4E,
        0x61, 0x6D, 0x65, 0x3D, 0x22, 0xD0, 0x96, 0xD0, 0x90, 0xD0, 0x91, 0xD0, 0x9D, 0xD0, 0x90, 0xD0,
        0xAF, 0x20, 0xD0, 0x91, 0xD0, 0xA0, 0xD0, 0x90, 0xD0, 0xA2, 0xD0, 0x92, 0xD0, 0x90, 0x22, 0x20,
        0x70, 0x68, 0x6F, 0x74, 0x6F, 0x73, 0x68, 0x6F, 0x70, 0x3A, 0x4C, 0x61, 0x79, 0x65, 0x72, 0x54,
        0x65, 0x78, 0x74, 0x3D, 0x22, 0xD0, 0x96, 0xD0, 0x90, 0xD0, 0x91, 0xD0, 0x9D, 0xD0, 0x90, 0xD0,
        0xAF, 0x20, 0xD0, 0x91, 0xD0, 0xA0, 0xD0, 0x90, 0xD0, 0xA2, 0xD0, 0x92, 0xD0, 0x90, 0x22, 0x2F,
        0x3E, 0x20, 0x3C, 0x2F, 0x72, 0x64, 0x66, 0x3A, 0x42, 0x61, 0x67, 0x3E, 0x20, 0x3C, 0x2F, 0x70,
        0x68, 0x6F, 0x74, 0x6F, 0x73, 0x68, 0x6F, 0x70, 0x3A, 0x54, 0x65, 0x78, 0x74, 0x4C, 0x61, 0x79,
        0x65, 0x72, 0x73, 0x3E, 0x20, 0x3C, 0x2F, 0x72, 0x64, 0x66, 0x3A, 0x44, 0x65, 0x73, 0x63, 0x72,
        0x69, 0x70, 0x74, 0x69, 0x6F, 0x6E, 0x3E, 0x20, 0x3C, 0x2F, 0x72, 0x64, 0x66, 0x3A, 0x52, 0x44,
        0x46, 0x3E, 0x20, 0x3C, 0x2F, 0x78, 0x3A, 0x78, 0x6D, 0x70, 0x6D, 0x65, 0x74, 0x61, 0x3E, 0x20,
        0x20, 0x20, 0x20, 0x20, 0x20, 0x20, 0x20, 0x20, 0x20, 0x20, 0x20, 0x20, 0x20, 0x20, 0x20, 0x20,
        0x20, 0x20, 0x20, 0x20, 0x20, 0x20, 0x20, 0x20, 0x20, 0x20, 0x20, 0x20, 0x20, 0x20, 0x20, 0x20,
        0x20, 0x20, 0x20, 0x20, 0x20, 0x20, 0x20, 0x20, 0x20, 0x20, 0x20, 0x20, 0x20, 0x20, 0x20, 0x20,
        0x20, 0x20, 0x20, 0x20, 0x20, 0x20, 0x20, 0x20, 0x20, 0x20, 0x20, 0x20, 0x20, 0x20, 0x20, 0x20,
        0x20, 0x20, 0x20, 0x20, 0x20, 0x20, 0x20, 0x20, 0x20, 0x20, 0x20, 0x20, 0x20, 0x20, 0x20, 0x20,
        0x20, 0x20, 0x20, 0x20, 0x20, 0x20, 0x20, 0x20, 0x20, 0x20, 0x20, 0x20, 0x20, 0x20, 0x20, 0x20,
        0x20, 0x20, 0x20, 0x20, 0x20, 0x20, 0x20, 0x20, 0x20, 0x20, 0x20, 0x20, 0x20, 0x20, 0x20, 0x20,
        0x20, 0x20, 0x20, 0x20, 0x20, 0x20, 0x20, 0x20, 0x20, 0x20, 0x20, 0x20, 0x20, 0x20, 0x20, 0x20,
        0x20, 0x20, 0x20, 0x20, 0x20, 0x20, 0x20, 0x20, 0x20, 0x20, 0x20, 0x20, 0x20, 0x20, 0x20, 0x20,
        0x20, 0x20, 0x20, 0x20, 0x20, 0x20, 0x20, 0x20, 0x20, 0x20, 0x20, 0x20, 0x20, 0x20, 0x20, 0x20,
        0x20, 0x20, 0x20, 0x20, 0x20, 0x20, 0x20, 0x20, 0x20, 0x20, 0x20, 0x20, 0x20, 0x20, 0x20, 0x20,
        0x20, 0x20, 0x20, 0x20, 0x20, 0x20, 0x20, 0x20, 0x20, 0x20, 0x20, 0x20, 0x20, 0x20, 0x20, 0x20,
        0x20, 0x20, 0x20, 0x20, 0x20, 0x20, 0x20, 0x20, 0x20, 0x20, 0x20, 0x20, 0x20, 0x20, 0x20, 0x20,
        0x20, 0x20, 0x20, 0x20, 0x20, 0x20, 0x20, 0x20, 0x20, 0x20, 0x20, 0x20, 0x20, 0x20, 0x20, 0x20,
        0x20, 0x20, 0x20, 0x20, 0x20, 0x20, 0x20, 0x20, 0x20, 0x20, 0x20, 0x20, 0x20, 0x20, 0x20, 0x20,
        0x20, 0x20, 0x20, 0x20, 0x20, 0x20, 0x20, 0x20, 0x20, 0x20, 0x20, 0x20, 0x20, 0x20, 0x20, 0x20,
        0x20, 0x20, 0x20, 0x20, 0x20, 0x20, 0x20, 0x20, 0x20, 0x20, 0x20, 0x20, 0x20, 0x20, 0x20, 0x20,
        0x20, 0x20, 0x20, 0x20, 0x20, 0x20, 0x20, 0x20, 0x20, 0x20, 0x20, 0x20, 0x20, 0x20, 0x20, 0x20,
        0x20, 0x20, 0x20, 0x20, 0x20, 0x20, 0x20, 0x20, 0x20, 0x20, 0x20, 0x20, 0x20, 0x20, 0x20, 0x20,
        0x20, 0x20, 0x20, 0x20, 0x20, 0x20, 0x20, 0x20, 0x20, 0x20, 0x20, 0x20, 0x20, 0x20, 0x20, 0x20,
        0x20, 0x20, 0x20, 0x20, 0x20, 0x20, 0x20, 0x20, 0x20, 0x20, 0x20, 0x20, 0x20, 0x20, 0x20, 0x20,
        0x20, 0x20, 0x20, 0x20, 0x20, 0x20, 0x20, 0x20, 0x20, 0x20, 0x20, 0x20, 0x20, 0x20, 0x20, 0x20,
        0x20, 0x20, 0x20, 0x20, 0x20, 0x20, 0x20, 0x20, 0x20, 0x20, 0x20, 0x20, 0x20, 0x20, 0x20, 0x20,
        0x20, 0x20, 0x20, 0x20, 0x20, 0x20, 0x20, 0x20, 0x20, 0x20, 0x20, 0x20, 0x20, 0x20, 0x20, 0x20,
        0x20, 0x20, 0x20, 0x20, 0x20, 0x20, 0x20, 0x20, 0x20, 0x20, 0x20, 0x20, 0x20, 0x20, 0x20, 0x20,
        0x20, 0x20, 0x20, 0x20, 0x20, 0x20, 0x20, 0x20, 0x20, 0x20, 0x20, 0x20, 0x20, 0x20, 0x20, 0x20,
        0x20, 0x20, 0x20, 0x20, 0x20, 0x20, 0x20, 0x20, 0x20, 0x20, 0x20, 0x20, 0x20, 0x20, 0x20, 0x20,
        0x20, 0x20, 0x20, 0x20, 0x20, 0x20, 0x20, 0x20, 0x20, 0x20, 0x20, 0x20, 0x20, 0x20, 0x20, 0x20,
        0x20, 0x20, 0x20, 0x20, 0x20, 0x20, 0x20, 0x20, 0x20, 0x20, 0x20, 0x20, 0x20, 0x20, 0x20, 0x20,
        0x20, 0x20, 0x20, 0x20, 0x20, 0x20, 0x20, 0x20, 0x20, 0x20, 0x20, 0x20, 0x20, 0x20, 0x20, 0x20,
        0x20, 0x20, 0x20, 0x20, 0x20, 0x20, 0x20, 0x20, 0x20, 0x20, 0x20, 0x20, 0x20, 0x20, 0x20, 0x20,
        0x20, 0x20, 0x20, 0x20, 0x20, 0x20, 0x20, 0x20, 0x20, 0x20, 0x20, 0x20, 0x20, 0x20, 0x20, 0x20,
        0x20, 0x20, 0x20, 0x20, 0x20, 0x20, 0x20, 0x20, 0x20, 0x20, 0x20, 0x20, 0x20, 0x20, 0x20, 0x20,
        0x20, 0x20, 0x20, 0x20, 0x20, 0x20, 0x20, 0x20, 0x20, 0x20, 0x20, 0x20, 0x20, 0x20, 0x20, 0x20,
        0x20, 0x20, 0x20, 0x20, 0x20, 0x20, 0x20, 0x20, 0x20, 0x20, 0x20, 0x20, 0x20, 0x20, 0x20, 0x20,
        0x20, 0x20, 0x20, 0x20, 0x20, 0x20, 0x20, 0x20, 0x20, 0x20, 0x20, 0x20, 0x20, 0x20, 0x20, 0x20,
        0x20, 0x20, 0x20, 0x20, 0x20, 0x20, 0x20, 0x20, 0x20, 0x20, 0x20, 0x20, 0x20, 0x20, 0x20, 0x20,
        0x20, 0x20, 0x20, 0x20, 0x20, 0x20, 0x20, 0x20, 0x20, 0x20, 0x20, 0x20, 0x20, 0x20, 0x20, 0x20,
        0x20, 0x20, 0x20, 0x20, 0x20, 0x20, 0x20, 0x20, 0x20, 0x20, 0x20, 0x20, 0x20, 0x20, 0x20, 0x20,
        0x20, 0x20, 0x20, 0x20, 0x20, 0x20, 0x20, 0x20, 0x20, 0x20, 0x20, 0x20, 0x20, 0x20, 0x20, 0x20,
        0x20, 0x20, 0x20, 0x20, 0x20, 0x20, 0x20, 0x20, 0x20, 0x20, 0x20, 0x20, 0x20, 0x20, 0x20, 0x20,
        0x20, 0x20, 0x20, 0x20, 0x20, 0x20, 0x20, 0x20, 0x20, 0x20, 0x20, 0x20, 0x20, 0x20, 0x20, 0x20,
        0x20, 0x20, 0x20, 0x20, 0x20, 0x20, 0x20, 0x20, 0x20, 0x20, 0x20, 0x20, 0x20, 0x20, 0x20, 0x20,
        0x20, 0x20, 0x20, 0x20, 0x20, 0x20, 0x20, 0x20, 0x20, 0x20, 0x20, 0x20, 0x20, 0x20, 0x20, 0x20,
        0x20, 0x20, 0x20, 0x20, 0x20, 0x20, 0x20, 0x20, 0x20, 0x20, 0x20, 0x20, 0x20, 0x20, 0x20, 0x20,
        0x20, 0x20, 0x20, 0x20, 0x20, 0x20, 0x20, 0x20, 0x20, 0x20, 0x20, 0x20, 0x20, 0x20, 0x20, 0x20,
        0x20, 0x20, 0x20, 0x20, 0x20, 0x20, 0x20, 0x20, 0x20, 0x20, 0x20, 0x20, 0x20, 0x20, 0x20, 0x20,
        0x20, 0x20, 0x20, 0x20, 0x20, 0x20, 0x20, 0x20, 0x20, 0x20, 0x20, 0x20, 0x20, 0x20, 0x20, 0x20,
        0x20, 0x20, 0x20, 0x20, 0x20, 0x20, 0x20, 0x20, 0x20, 0x20, 0x20, 0x20, 0x20, 0x20, 0x20, 0x20,
        0x20, 0x20, 0x20, 0x20, 0x20, 0x20, 0x20, 0x20, 0x20, 0x20, 0x20, 0x20, 0x20, 0x20, 0x20, 0x20,
        0x20, 0x20, 0x20, 0x20, 0x20, 0x20, 0x20, 0x20, 0x20, 0x20, 0x20, 0x20, 0x20, 0x20, 0x20, 0x20,
        0x20, 0x20, 0x20, 0x20, 0x20, 0x20, 0x20, 0x20, 0x20, 0x20, 0x20, 0x20, 0x20, 0x20, 0x20, 0x20,
        0x20, 0x20, 0x20, 0x20, 0x20, 0x20, 0x20, 0x20, 0x20, 0x20, 0x20, 0x20, 0x20, 0x20, 0x20, 0x20,
        0x20, 0x20, 0x20, 0x20, 0x20, 0x20, 0x20, 0x20, 0x20, 0x20, 0x20, 0x20, 0x20, 0x20, 0x20, 0x20,
        0x20, 0x20, 0x20, 0x20, 0x20, 0x20, 0x20, 0x20, 0x20, 0x20, 0x20, 0x20, 0x20, 0x20, 0x20, 0x20,
        0x20, 0x20, 0x20, 0x20, 0x20, 0x20, 0x20, 0x20, 0x20, 0x20, 0x20, 0x20, 0x20, 0x20, 0x20, 0x20,
        0x20, 0x20, 0x20, 0x20, 0x20, 0x20, 0x20, 0x20, 0x20, 0x20, 0x20, 0x20, 0x20, 0x20, 0x20, 0x20,
        0x20, 0x20, 0x20, 0x20, 0x20, 0x20, 0x20, 0x20, 0x20, 0x20, 0x20, 0x20, 0x20, 0x20, 0x20, 0x20,
        0x20, 0x20, 0x20, 0x20, 0x20, 0x20, 0x20, 0x20, 0x20, 0x20, 0x20, 0x20, 0x20, 0x20, 0x20, 0x20,
        0x20, 0x20, 0x20, 0x20, 0x20, 0x20, 0x20, 0x20, 0x20, 0x20, 0x20, 0x20, 0x20, 0x20, 0x20, 0x20,
        0x20, 0x20, 0x20, 0x20, 0x20, 0x20, 0x20, 0x20, 0x20, 0x20, 0x20, 0x20, 0x20, 0x20, 0x20, 0x20,
        0x20, 0x20, 0x20, 0x20, 0x20, 0x20, 0x20, 0x20, 0x20, 0x20, 0x20, 0x20, 0x20, 0x20, 0x20, 0x20,
        0x20, 0x20, 0x20, 0x20, 0x20, 0x20, 0x20, 0x20, 0x20, 0x20, 0x20, 0x20, 0x20, 0x20, 0x20, 0x20,
        0x20, 0x20, 0x20, 0x20, 0x20, 0x20, 0x20, 0x20, 0x20, 0x20, 0x20, 0x20, 0x20, 0x20, 0x20, 0x20,
        0x20, 0x20, 0x20, 0x20, 0x20, 0x20, 0x20, 0x20, 0x20, 0x20, 0x20, 0x20, 0x20, 0x20, 0x20, 0x20,
        0x20, 0x20, 0x20, 0x20, 0x20, 0x20, 0x20, 0x20, 0x20, 0x20, 0x20, 0x20, 0x20, 0x20, 0x20, 0x20,
        0x20, 0x20, 0x20, 0x20, 0x20, 0x20, 0x20, 0x20, 0x20, 0x20, 0x20, 0x20, 0x20, 0x20, 0x20, 0x20,
        0x20, 0x20, 0x20, 0x20, 0x20, 0x20, 0x20, 0x20, 0x20, 0x20, 0x20, 0x20, 0x20, 0x20, 0x20, 0x20,
        0x20, 0x20, 0x20, 0x20, 0x20, 0x20, 0x20, 0x20, 0x20, 0x20, 0x20, 0x20, 0x20, 0x20, 0x20, 0x20,
        0x20, 0x20, 0x20, 0x20, 0x20, 0x20, 0x20, 0x20, 0x20, 0x20, 0x20, 0x20, 0x20, 0x20, 0x20, 0x20,
        0x20, 0x20, 0x20, 0x20, 0x20, 0x20, 0x20, 0x20, 0x20, 0x20, 0x20, 0x20, 0x20, 0x20, 0x20, 0x20,
        0x20, 0x20, 0x20, 0x20, 0x20, 0x20, 0x20, 0x20, 0x20, 0x20, 0x20, 0x20, 0x20, 0x20, 0x20, 0x20,
        0x20, 0x20, 0x20, 0x20, 0x20, 0x20, 0x20, 0x20, 0x20, 0x20, 0x20, 0x20, 0x20, 0x20, 0x20, 0x20,
        0x20, 0x20, 0x20, 0x20, 0x20, 0x20, 0x20, 0x20, 0x20, 0x20, 0x20, 0x20, 0x20, 0x20, 0x20, 0x20,
        0x20, 0x20, 0x20, 0x20, 0x20, 0x20, 0x20, 0x20, 0x20, 0x20, 0x20, 0x20, 0x20, 0x20, 0x20, 0x20,
        0x20, 0x20, 0x20, 0x20, 0x20, 0x20, 0x20, 0x20, 0x20, 0x20, 0x20, 0x20, 0x20, 0x20, 0x20, 0x20,
        0x20, 0x20, 0x20, 0x20, 0x20, 0x20, 0x20, 0x20, 0x20, 0x20, 0x20, 0x20, 0x20, 0x20, 0x20, 0x20,
        0x20, 0x20, 0x20, 0x20, 0x20, 0x20, 0x20, 0x20, 0x20, 0x20, 0x20, 0x20, 0x20, 0x20, 0x20, 0x20,
        0x20, 0x20, 0x20, 0x20, 0x20, 0x20, 0x20, 0x20, 0x20, 0x20, 0x20, 0x20, 0x20, 0x20, 0x20, 0x20,
        0x20, 0x20, 0x20, 0x20, 0x20, 0x20, 0x20, 0x20, 0x20, 0x20, 0x20, 0x20, 0x20, 0x20, 0x20, 0x20,
        0x20, 0x20, 0x20, 0x20, 0x20, 0x20, 0x20, 0x20, 0x20, 0x20, 0x20, 0x20, 0x20, 0x20, 0x20, 0x20,
        0x20, 0x20, 0x20, 0x20, 0x20, 0x20, 0x20, 0x20, 0x20, 0x20, 0x20, 0x20, 0x20, 0x20, 0x20, 0x20,
        0x20, 0x20, 0x20, 0x20, 0x20, 0x20, 0x20, 0x20, 0x20, 0x20, 0x20, 0x20, 0x20, 0x20, 0x20, 0x20,
        0x20, 0x20, 0x20, 0x20, 0x20, 0x20, 0x20, 0x20, 0x20, 0x20, 0x20, 0x20, 0x20, 0x20, 0x20, 0x20,
        0x20, 0x20, 0x20, 0x20, 0x20, 0x20, 0x20, 0x20, 0x20, 0x20, 0x20, 0x20, 0x20, 0x20, 0x20, 0x20,
        0x20, 0x20, 0x20, 0x20, 0x20, 0x20, 0x20, 0x20, 0x20, 0x20, 0x20, 0x20, 0x20, 0x20, 0x20, 0x20,
        0x20, 0x20, 0x20, 0x20, 0x20, 0x20, 0x20, 0x20, 0x20, 0x20, 0x20, 0x20, 0x20, 0x20, 0x20, 0x20,
        0x20, 0x20, 0x20, 0x20, 0x20, 0x20, 0x20, 0x20, 0x20, 0x20, 0x20, 0x20, 0x20, 0x20, 0x20, 0x20,
        0x20, 0x20, 0x20, 0x20, 0x20, 0x20, 0x20, 0x20, 0x20, 0x20, 0x20, 0x20, 0x20, 0x20, 0x20, 0x20,
        0x20, 0x20, 0x20, 0x20, 0x20, 0x20, 0x20, 0x20, 0x20, 0x20, 0x20, 0x20, 0x20, 0x20, 0x20, 0x20,
        0x20, 0x20, 0x20, 0x20, 0x20, 0x20, 0x20, 0x20, 0x20, 0x20, 0x20, 0x20, 0x20, 0x20, 0x20, 0x20,
        0x20, 0x20, 0x20, 0x20, 0x20, 0x20, 0x20, 0x20, 0x20, 0x20, 0x20, 0x20, 0x20, 0x20, 0x20, 0x20,
        0x20, 0x20, 0x20, 0x20, 0x20, 0x20, 0x20, 0x20, 0x20, 0x20, 0x20, 0x20, 0x20, 0x20, 0x20, 0x20,
        0x20, 0x20, 0x20, 0x20, 0x20, 0x20, 0x20, 0x20, 0x20, 0x20, 0x20, 0x20, 0x20, 0x20, 0x20, 0x20,
        0x20, 0x20, 0x20, 0x20, 0x20, 0x20, 0x20, 0x20, 0x20, 0x20, 0x20, 0x20, 0x20, 0x20, 0x20, 0x20,
        0x20, 0x20, 0x20, 0x20, 0x20, 0x20, 0x20, 0x20, 0x20, 0x20, 0x20, 0x20, 0x20, 0x20, 0x20, 0x20,
        0x20, 0x20, 0x20, 0x20, 0x20, 0x20, 0x20, 0x20, 0x20, 0x20, 0x20, 0x20, 0x20, 0x20, 0x20, 0x20,
        0x20, 0x20, 0x20, 0x20, 0x20, 0x20, 0x20, 0x20, 0x20, 0x20, 0x20, 0x20, 0x20, 0x20, 0x20, 0x20,
        0x20, 0x20, 0x20, 0x20, 0x20, 0x20, 0x20, 0x20, 0x20, 0x20, 0x20, 0x20, 0x20, 0x20, 0x20, 0x20,
        0x20, 0x20, 0x20, 0x20, 0x20, 0x20, 0x20, 0x20, 0x20, 0x20, 0x20, 0x20, 0x20, 0x20, 0x20, 0x20,
        0x20, 0x20, 0x20, 0x20, 0x20, 0x20, 0x20, 0x20, 0x20, 0x20, 0x20, 0x20, 0x20, 0x20, 0x20, 0x20,
        0x20, 0x20, 0x20, 0x20, 0x20, 0x20, 0x20, 0x20, 0x20, 0x20, 0x20, 0x20, 0x20, 0x20, 0x20, 0x20,
        0x20, 0x20, 0x20, 0x20, 0x20, 0x20, 0x20, 0x20, 0x20, 0x20, 0x20, 0x20, 0x20, 0x20, 0x20, 0x20,
        0x20, 0x20, 0x20, 0x20, 0x20, 0x20, 0x20, 0x20, 0x20, 0x20, 0x20, 0x20, 0x20, 0x20, 0x20, 0x20,
        0x20, 0x20, 0x20, 0x20, 0x20, 0x20, 0x20, 0x20, 0x20, 0x20, 0x20, 0x20, 0x20, 0x20, 0x20, 0x20,
        0x20, 0x20, 0x20, 0x20, 0x20, 0x20, 0x20, 0x20, 0x20, 0x20, 0x20, 0x20, 0x20, 0x20, 0x20, 0x20,
        0x20, 0x20, 0x20, 0x20, 0x20, 0x20, 0x20, 0x20, 0x20, 0x20, 0x20, 0x20, 0x20, 0x20, 0x20, 0x20,
        0x20, 0x20, 0x20, 0x20, 0x20, 0x20, 0x20, 0x20, 0x20, 0x20, 0x20, 0x20, 0x20, 0x20, 0x20, 0x20,
        0x20, 0x20, 0x20, 0x20, 0x20, 0x20, 0x20, 0x20, 0x20, 0x20, 0x20, 0x20, 0x20, 0x20, 0x20, 0x20,
        0x20, 0x20, 0x20, 0x20, 0x20, 0x20, 0x20, 0x20, 0x20, 0x20, 0x20, 0x20, 0x20, 0x20, 0x20, 0x20,
        0x20, 0x20, 0x20, 0x20, 0x20, 0x20, 0x20, 0x20, 0x20, 0x20, 0x20, 0x20, 0x20, 0x20, 0x20, 0x20,
        0x20, 0x20, 0x20, 0x20, 0x20, 0x20, 0x20, 0x20, 0x20, 0x20, 0x20, 0x20, 0x20, 0x20, 0x20, 0x20,
        0x20, 0x20, 0x20, 0x20, 0x20, 0x20, 0x20, 0x20, 0x20, 0x20, 0x20, 0x20, 0x20, 0x20, 0x20, 0x20,
        0x20, 0x20, 0x20, 0x20, 0x20, 0x20, 0x20, 0x20, 0x20, 0x20, 0x20, 0x20, 0x20, 0x20, 0x20, 0x20,
        0x20, 0x20, 0x20, 0x20, 0x20, 0x20, 0x20, 0x20, 0x20, 0x20, 0x20, 0x20, 0x20, 0x20, 0x20, 0x20,
        0x20, 0x20, 0x20, 0x20, 0x20, 0x20, 0x20, 0x20, 0x20, 0x20, 0x20, 0x20, 0x20, 0x20, 0x20, 0x20,
        0x20, 0x20, 0x20, 0x20, 0x20, 0x20, 0x20, 0x20, 0x20, 0x20, 0x20, 0x20, 0x20, 0x20, 0x20, 0x20,
        0x20, 0x20, 0x20, 0x20, 0x20, 0x20, 0x20, 0x20, 0x20, 0x20, 0x20, 0x20, 0x20, 0x20, 0x20, 0x20,
        0x20, 0x20, 0x20, 0x20, 0x20, 0x20, 0x20, 0x20, 0x20, 0x20, 0x20, 0x20, 0x20, 0x20, 0x20, 0x20,
        0x20, 0x20, 0x20, 0x20, 0x20, 0x20, 0x20, 0x20, 0x20, 0x20, 0x20, 0x20, 0x20, 0x20, 0x20, 0x20,
        0x20, 0x20, 0x20, 0x20, 0x20, 0x20, 0x20, 0x20, 0x20, 0x20, 0x20, 0x20, 0x20, 0x20, 0x20, 0x20,
        0x20, 0x20, 0x20, 0x20, 0x20, 0x20, 0x20, 0x20, 0x20, 0x20, 0x20, 0x20, 0x20, 0x20, 0x20, 0x20,
        0x20, 0x20, 0x20, 0x20, 0x20, 0x20, 0x20, 0x20, 0x20, 0x20, 0x20, 0x20, 0x20, 0x20, 0x20, 0x20,
        0x20, 0x20, 0x20, 0x20, 0x20, 0x20, 0x20, 0x20, 0x20, 0x20, 0x20, 0x20, 0x20, 0x20, 0x20, 0x20,
        0x20, 0x20, 0x20, 0x20, 0x20, 0x20, 0x20, 0x20, 0x20, 0x20, 0x20, 0x20, 0x20, 0x20, 0x20, 0x20,
        0x20, 0x20, 0x20, 0x20, 0x20, 0x20, 0x20, 0x20, 0x20, 0x20, 0x20, 0x20, 0x20, 0x20, 0x20, 0x20,
        0x20, 0x20, 0x20, 0x20, 0x20, 0x20, 0x20, 0x20, 0x20, 0x20, 0x20, 0x20, 0x20, 0x20, 0x20, 0x20,
        0x20, 0x20, 0x20, 0x20, 0x20, 0x20, 0x20, 0x20, 0x20, 0x20, 0x20, 0x20, 0x20, 0x20, 0x20, 0x20,
        0x3C, 0x3F, 0x78, 0x70, 0x61, 0x63, 0x6B, 0x65, 0x74, 0x20, 0x65, 0x6E, 0x64, 0x3D, 0x22, 0x77,
        0x22, 0x3F, 0x3E, 0xFF, 0xEE, 0x00, 0x21, 0x41, 0x64, 0x6F, 0x62, 0x65, 0x00, 0x64, 0x80, 0x00,
        0x00, 0x00, 0x01, 0x03, 0x00, 0x10, 0x03, 0x02, 0x03, 0x06, 0x00, 0x00, 0x00, 0x00, 0x00, 0x00,
        0x00, 0x00, 0x00, 0x00, 0x00, 0x00, 0xFF, 0xDB, 0x00, 0x84, 0x00, 0x0C, 0x08, 0x08, 0x08, 0x09,
        0x08, 0x0C, 0x09, 0x09, 0x0C, 0x11, 0x0B, 0x0A, 0x0B, 0x11, 0x15, 0x0F, 0x0C, 0x0C, 0x0F, 0x15,
        0x18, 0x13, 0x13, 0x15, 0x13, 0x13, 0x18, 0x11, 0x0C, 0x0C, 0x0C, 0x0C, 0x0C, 0x0C, 0x11, 0x0C,
        0x0C, 0x0C, 0x0C, 0x0C, 0x0C, 0x0C, 0x0C, 0x0C, 0x0C, 0x0C, 0x0C, 0x0C, 0x0C, 0x0C, 0x0C, 0x0C,
        0x0C, 0x0C, 0x0C, 0x0C, 0x0C, 0x0C, 0x0C, 0x0C, 0x0C, 0x0C, 0x0C, 0x01, 0x0D, 0x0B, 0x0B, 0x0D,
        0x0E, 0x0D, 0x10, 0x0E, 0x0E, 0x10, 0x14, 0x0E, 0x0E, 0x0E, 0x14, 0x14, 0x0E, 0x0E, 0x0E, 0x0E,
        0x14, 0x11, 0x0C, 0x0C, 0x0C, 0x0C, 0x0C, 0x11, 0x11, 0x0C, 0x0C, 0x0C, 0x0C, 0x0C, 0x0C, 0x11,
        0x0C, 0x0C, 0x0C, 0x0C, 0x0C, 0x0C, 0x0C, 0x0C, 0x0C, 0x0C, 0x0C, 0x0C, 0x0C, 0x0C, 0x0C, 0x0C,
        0x0C, 0x0C, 0x0C, 0x0C, 0x0C, 0x0C, 0x0C, 0x0C, 0x0C, 0x0C, 0x0C, 0x0C, 0xFF, 0xC2, 0x00, 0x11,
        0x08, 0x00, 0x4C, 0x02, 0xBC, 0x03, 0x01, 0x22, 0x00, 0x02, 0x11, 0x01, 0x03, 0x11, 0x01, 0xFF,
        0xC4, 0x00, 0xD5, 0x00, 0x00, 0x02, 0x03, 0x01, 0x01, 0x01, 0x00, 0x00, 0x00, 0x00, 0x00, 0x00,
        0x00, 0x00, 0x00, 0x00, 0x00, 0x01, 0x03, 0x04, 0x05, 0x02, 0x06, 0x07, 0x01, 0x01, 0x01, 0x01,
        0x01, 0x01, 0x01, 0x00, 0x00, 0x00, 0x00, 0x00, 0x00, 0x00, 0x00, 0x00, 0x00, 0x00, 0x01, 0x02,
        0x03, 0x04, 0x05, 0x10, 0x00, 0x02, 0x02, 0x02, 0x01, 0x03, 0x03, 0x04, 0x02, 0x02, 0x03, 0x01,
        0x00, 0x00, 0x00, 0x00, 0x02, 0x03, 0x01, 0x04, 0x00, 0x05, 0x11, 0x12, 0x13, 0x14, 0x10, 0x30,
        0x06, 0x20, 0x40, 0x21, 0x31, 0x50, 0x15, 0x41, 0x16, 0x33, 0x35, 0x36, 0x07, 0x11, 0x00, 0x02,
        0x01, 0x03, 0x02, 0x03, 0x04, 0x05, 0x08, 0x05, 0x09, 0x08, 0x03, 0x00, 0x00, 0x00, 0x01, 0x02,
        0x03, 0x00, 0x11, 0x12, 0x21, 0x04, 0x31, 0x22, 0x13, 0x41, 0x51, 0x32, 0x52, 0x42, 0x62, 0x23,
        0x14, 0x05, 0x10, 0x61, 0x71, 0x81, 0x72, 0x82, 0x92, 0x33, 0x40, 0xB1, 0xA2, 0x43, 0x53, 0x20,
        0x30, 0x60, 0xA1, 0xD1, 0xB2, 0xE2, 0x63, 0x24, 0x70, 0x91, 0xC2, 0x73, 0x83, 0x93, 0xB3, 0x06,
        0xC3, 0x34, 0x15, 0x12, 0x00, 0x02, 0x01, 0x03, 0x02, 0x02, 0x06, 0x08, 0x05, 0x05, 0x00, 0x00,
        0x00, 0x00, 0x00, 0x00, 0x00, 0x01, 0x11, 0x21, 0x31, 0x02, 0x41, 0x12, 0x51, 0x32, 0x61, 0x71,
        0x81, 0x22, 0x52, 0x72, 0x30, 0x50, 0x91, 0xA1, 0xB1, 0x42, 0x82, 0x92, 0x10, 0x20, 0xD1, 0xF1,
        0x62, 0xF0, 0xC1, 0xA2, 0xB2, 0xC2, 0xFF, 0xDA, 0x00, 0x0C, 0x03, 0x01, 0x01, 0x02, 0x11, 0x03,
        0x11, 0x00, 0x00, 0x00, 0xCD, 0x5D, 0x2F, 0x8F, 0xF6, 0x79, 0x3A, 0x52, 0xA1, 0x82, 0x1B, 0x39,
        0x18, 0x21, 0x82, 0x5D, 0x07, 0x23, 0x62, 0x60, 0x09, 0xA1, 0x34, 0xC1, 0xA6, 0x26, 0x00, 0x80,
        0x00, 0x00, 0x00, 0x00, 0x60, 0x00, 0x03, 0x40, 0x0C, 0x00, 0x01, 0xA6, 0x20, 0x04, 0x00, 0x00,
        0x00, 0x00, 0x00, 0x00, 0x0D, 0x00, 0x00, 0x00, 0x34, 0x0C, 0x01, 0xBE, 0x58, 0xC4, 0x53, 0x11,
        0x0D, 0x00, 0x02, 0x00, 0x00, 0x01, 0x00, 0x26, 0x03, 0x00, 0xE9, 0x3C, 0xDD, 0xE2, 0x08, 0xBC,
        0xCE, 0xE7, 0xB7, 0xC7, 0x6B, 0x6F, 0xE7, 0xDE, 0x8F, 0x1A, 0xF4, 0x15, 0xEC, 0x67, 0xF9, 0x7D,
        0x50, 0xEA, 0x79, 0xD9, 0xFD, 0x1C, 0x36, 0x8C, 0x4C, 0xC9, 0xAF, 0x5C, 0x79, 0xDE, 0x23, 0xD2,
        0x3F, 0x3F, 0xC1, 0xE9, 0x0C, 0x0E, 0x4F, 0x41, 0xCF, 0x9B, 0x92, 0xB6, 0x25, 0xA3, 0x7B, 0x97,
        0x4C, 0xFD, 0x2C, 0x47, 0xDB, 0x96, 0xE2, 0xC7, 0x7C, 0xF7, 0xB1, 0x95, 0xA7, 0x83, 0x66, 0xEF,
        0x58, 0x12, 0xD9, 0xB1, 0xD6, 0x10, 0xBB, 0xE6, 0x2D, 0xBC, 0x6A, 0xEF, 0x5E, 0x3F, 0x47, 0xAF,
        0x3D, 0xF5, 0x89, 0x57, 0x37, 0xD3, 0x18, 0xE4, 0xD6, 0xC1, 0xE5, 0x2E, 0x6B, 0x1E, 0x81, 0xE5,
        0x69, 0xF0, 0xDB, 0xBD, 0x43, 0x4F, 0x9F, 0x9A, 0x25, 0x31, 0x79, 0xE7, 0xC9, 0xEE, 0x72, 0xFD,
        0x5D, 0xBC, 0xEA, 0xFA, 0x26, 0x2D, 0xBE, 0x5F, 0x9F, 0x47, 0xAA, 0xBE, 0x0F, 0xBF, 0x57, 0xCC,
        0xBE, 0x6E, 0xBF, 0xB9, 0xF3, 0x19, 0xB5, 0xA3, 0xF5, 0xCF, 0x79, 0xF2, 0x2B, 0xD1, 0x7A, 0x13,
        0xC0, 0x9E, 0x92, 0xA4, 0x60, 0x9E, 0xAB, 0x4A, 0xBE, 0x74, 0xF4, 0x68, 0xF9, 0xBA, 0x70, 0x27,
        0x9E, 0xC0, 0x0A, 0x00, 0x00, 0x00, 0x00, 0x00, 0x00, 0x00, 0x00, 0x00, 0x00, 0xFC, 0x67, 0xB2,
        0xC5, 0xF4, 0xF9, 0xFC, 0xB7, 0xA6, 0xF3, 0x3A, 0xFE, 0xCF, 0x1E, 0x44, 0x91, 0xED, 0x6B, 0x1E,
        0x9B, 0x99, 0x78, 0xF9, 0x5F, 0x5A, 0x85, 0xB2, 0x7D, 0xE2, 0xBC, 0x57, 0x4C, 0xEA, 0xB3, 0xB0,
        0x14, 0x3A, 0xB8, 0x24, 0x0A, 0xCF, 0x2B, 0x5A, 0x1B, 0x72, 0x59, 0x07, 0x7D, 0xBC, 0x6B, 0x3A,
        0xDC, 0xCF, 0x52, 0x08, 0x6E, 0x10, 0xB3, 0x74, 0x7A, 0xAA, 0xBC, 0xDC, 0x08, 0x20, 0xBC, 0x10,
        0xCC, 0xCC, 0xDC, 0xCB, 0x16, 0xDE, 0xF3, 0x42, 0xB6, 0xC3, 0xB2, 0xA7, 0x17, 0x89, 0x69, 0x49,
        0x64, 0x96, 0xBC, 0xED, 0xE6, 0xC7, 0x20, 0x33, 0xCC, 0x9C, 0x26, 0xA4, 0x92, 0xB9, 0x67, 0x76,
        0x2A, 0x84, 0xAA, 0x24, 0x4F, 0xCC, 0x41, 0x3C, 0x75, 0x66, 0xB2, 0xEC, 0x51, 0x12, 0xB7, 0xCA,
        0x5B, 0x31, 0x53, 0xB1, 0x73, 0x3C, 0x5C, 0x39, 0x2F, 0x59, 0xC8, 0xE7, 0x3E, 0x6D, 0x2A, 0x51,
        0x8D, 0x8C, 0x6F, 0x42, 0x18, 0xD2, 0x1A, 0x00, 0x43, 0x10, 0x31, 0x03, 0x12, 0x3A, 0x39, 0x0E,
        0x84, 0x02, 0x0B, 0x3C, 0xBD, 0x7F, 0x60, 0x7A, 0x38, 0x79, 0x1F, 0x53, 0x29, 0x8D, 0xBA, 0x96,
        0x97, 0x3E, 0x95, 0x6A, 0x68, 0xF5, 0xD3, 0x19, 0x1A, 0x5D, 0x4A, 0x67, 0xC1, 0xAD, 0x1D, 0x91,
        0x57, 0xD0, 0x59, 0xB9, 0xDC, 0xEA, 0x1B, 0xCE, 0x77, 0x57, 0x19, 0x94, 0x69, 0xC8, 0x67, 0x41,
        0xAC, 0x19, 0xDA, 0x1D, 0x49, 0x8D, 0xE3, 0x75, 0x7A, 0x6E, 0x9C, 0xF2, 0xA5, 0xD1, 0x33, 0xAC,
        0xDE, 0x74, 0x25, 0xB3, 0x31, 0x68, 0x49, 0x2E, 0x77, 0x3A, 0x12, 0x19, 0xF6, 0xBB, 0x97, 0x37,
        0x27, 0x8D, 0x88, 0xF7, 0x9C, 0xF8, 0xB6, 0xA2, 0x29, 0x75, 0x72, 0x59, 0x70, 0x26, 0xD4, 0x7A,
        0xCC, 0x74, 0xF4, 0xD7, 0x3D, 0xE3, 0x77, 0x7A, 0x6E, 0x99, 0xCF, 0x57, 0x39, 0x4A, 0x32, 0x6A,
        0x2C, 0xEB, 0x23, 0x4C, 0x93, 0x36, 0xAC, 0x57, 0x3B, 0xAC, 0x9E, 0x75, 0xD6, 0xB1, 0x42, 0xBE,
        0xB4, 0x92, 0xE7, 0x41, 0xA9, 0xCD, 0x2C, 0xDD, 0x65, 0x9D, 0x51, 0x92, 0xD7, 0x46, 0x43, 0xD2,
        0xEA, 0xE7, 0x30, 0xD6, 0xEA, 0xB1, 0x7A, 0xD8, 0x88, 0xA3, 0x5F, 0x5D, 0x4B, 0x8F, 0x7E, 0xC1,
        0x12, 0x88, 0xE3, 0xD5, 0x88, 0x18, 0x81, 0x88, 0x18, 0x81, 0x01, 0x60, 0x04, 0xA0, 0x00, 0x9A,
        0x00, 0x00, 0x00, 0x1A, 0x00, 0x15, 0xB4, 0xD0, 0x1A, 0x39, 0x69, 0x83, 0x4C, 0x43, 0x43, 0x10,
        0x30, 0x00, 0x00, 0x00, 0x60, 0x53, 0x00, 0x00, 0x18, 0x98, 0x34, 0x00, 0x08, 0x00, 0xA3, 0x4C,
        0x13, 0x04, 0x00, 0x00, 0x0D, 0x30, 0x01, 0x10, 0x0A, 0x80, 0x00, 0x62, 0x4C, 0x84, 0x0C, 0xE8,
        0x5D, 0x58, 0xB8, 0xEB, 0x88, 0x00, 0x50, 0x40, 0xD0, 0x00, 0x00, 0x81, 0x40, 0x11, 0x89, 0xAF,
        0xFF, 0xDA, 0x00, 0x08, 0x01, 0x02, 0x00, 0x01, 0x05, 0x00, 0x9F, 0xDF, 0xF0, 0x1C, 0xE7, 0x3F,
        0x47, 0x3F, 0x50, 0x84, 0x91, 0x92, 0x12, 0x02, 0xFA, 0xE3, 0x02, 0xB8, 0x89, 0x33, 0x48, 0x96,
        0x45, 0x6E, 0x66, 0x2B, 0x73, 0x9E, 0x34, 0x71, 0x15, 0xB2, 0x6B, 0x44, 0x61, 0x88, 0xC3, 0x25,
        0x20, 0x59, 0xD9, 0x19, 0x14, 0x80, 0xC8, 0xCD, 0x78, 0x81, 0x84, 0x04, 0x91, 0x27, 0x89, 0x9A,
        0xB1, 0xCF, 0x8E, 0x3C, 0xF6, 0x47, 0x3C, 0x58, 0xE5, 0x81, 0xD2, 0x47, 0xD5, 0xC2, 0xE0, 0xC8,
        0xCA, 0xB4, 0x44, 0x78, 0xC3, 0xD5, 0xE3, 0x8E, 0x4D, 0x78, 0xE9, 0x6A, 0x44, 0x43, 0xC7, 0x1C,
        0x8A, 0xEB, 0x99, 0x84, 0x2E, 0x72, 0x2B, 0x0F, 0x51, 0x0C, 0x89, 0x7B, 0x55, 0x8E, 0x05, 0x8E,
        0x1E, 0x45, 0x85, 0x02, 0x31, 0x33, 0xD4, 0x46, 0xCE, 0x7B, 0x87, 0x9D, 0x67, 0x9D, 0xD6, 0x64,
        0x19, 0xE4, 0xB1, 0x91, 0x92, 0x45, 0x33, 0x2C, 0x39, 0x9E, 0xE1, 0xC4, 0x09, 0x98, 0x47, 0x70,
        0xF8, 0x86, 0x1C, 0x4C, 0x94, 0xCC, 0xF7, 0x59, 0x33, 0xDE, 0x38, 0x88, 0x61, 0xF1, 0xDC, 0x3C,
        0x99, 0x99, 0x9F, 0xCE, 0x44, 0xCC, 0x4F, 0x59, 0xE4, 0x19, 0x46, 0x75, 0x9E, 0x75, 0x97, 0x25,
        0xD7, 0xC7, 0x59, 0xE7, 0x25, 0x93, 0x2C, 0x89, 0xEB, 0x29, 0xC2, 0x8E, 0xB9, 0x88, 0x88, 0x8C,
        0xE3, 0xD8, 0x9F, 0xDC, 0x5C, 0x38, 0x86, 0xBC, 0x99, 0x00, 0x5D, 0x25, 0x0D, 0x18, 0x82, 0x68,
        0xCC, 0xF7, 0x87, 0xA4, 0x5B, 0x02, 0x30, 0xF8, 0xCE, 0xE8, 0xF1, 0xDF, 0x1E, 0x61, 0xC3, 0x10,
        0x6D, 0xEA, 0xC9, 0x70, 0xF1, 0xDE, 0x1C, 0x97, 0x0F, 0x32, 0xD0, 0xE6, 0x5D, 0x1C, 0x13, 0x22,
        0x63, 0xBC, 0x38, 0x2E, 0x1E, 0x25, 0xBF, 0x9E, 0xF8, 0xF2, 0x2C, 0xE3, 0x25, 0xA3, 0xCF, 0x70,
        0x27, 0x3B, 0xD8, 0x66, 0x24, 0x3D, 0xC8, 0x8C, 0x87, 0x0F, 0x10, 0xE8, 0x8C, 0xEF, 0x0E, 0x03,
        0x20, 0x44, 0x9B, 0x1D, 0x52, 0xE1, 0xC8, 0x70, 0xC6, 0x43, 0xC7, 0x3B, 0xC3, 0x86, 0xD8, 0x21,
        0xFA, 0x67, 0xF7, 0xFC, 0x5F, 0xFF, 0xDA, 0x00, 0x08, 0x01, 0x03, 0x00, 0x01, 0x05, 0x00, 0x8F,
        0xD7, 0xB9, 0xC7, 0xB9, 0xC7, 0xD5, 0xC7, 0xBA, 0x45, 0x02, 0x02, 0xF7, 0x19, 0x22, 0xC9, 0x11,
        0x32, 0x66, 0x00, 0x5C, 0x43, 0x93, 0x63, 0x88, 0x9B, 0x3C, 0x67, 0x91, 0x3C, 0xCD, 0x88, 0x8C,
        0xF2, 0x27, 0x00, 0x8A, 0x42, 0x1A, 0x71, 0x9D, 0xE2, 0x82, 0x71, 0x14, 0x14, 0x3E, 0x64, 0xA5,
        0xC5, 0x03, 0x0E, 0xE6, 0x22, 0xCC, 0xF1, 0xDF, 0x2E, 0x3B, 0xC5, 0x9E, 0x4F, 0xE0, 0x5E, 0x32,
        0x36, 0x98, 0xE9, 0x15, 0xF9, 0x52, 0x2B, 0x7B, 0x24, 0xBC, 0x92, 0xE9, 0xF2, 0x0B, 0x3C, 0x89,
        0xEB, 0x53, 0x88, 0x8F, 0xC9, 0x2C, 0x9B, 0x07, 0x11, 0x2F, 0x38, 0xC9, 0xB2, 0x5D, 0x33, 0x65,
        0x71, 0x91, 0x31, 0x3E, 0xD5, 0x90, 0x92, 0x52, 0x0B, 0x82, 0x58, 0xC9, 0x1C, 0xC4, 0x74, 0x88,
        0x2F, 0x8E, 0x81, 0xCE, 0x81, 0xCE, 0xD8, 0x64, 0x80, 0x64, 0x02, 0xE7, 0x20, 0x63, 0x88, 0x58,
        0x44, 0x74, 0x0C, 0xC9, 0x08, 0x16, 0x76, 0xC3, 0x99, 0x00, 0x98, 0x88, 0x88, 0x8E, 0xD2, 0xF8,
        0xED, 0x07, 0x3D, 0xB0, 0xE7, 0xA0, 0x32, 0x22, 0x22, 0x09, 0x60, 0x53, 0x31, 0x13, 0x12, 0x01,
        0x92, 0x03, 0x39, 0xD0, 0x39, 0xD0, 0x39, 0x1D, 0x1C, 0xF4, 0x06, 0x74, 0x8E, 0x40, 0x84, 0xC4,
        0xA8, 0x26, 0x4A, 0x80, 0xCC, 0xAA, 0x98, 0x08, 0x88, 0x88, 0xFB, 0x31, 0xFA, 0x9A, 0x6B, 0x99,
        0x52, 0x05, 0x72, 0x51, 0xCC, 0x76, 0xE6, 0x64, 0x57, 0x31, 0x9D, 0xA9, 0xE4, 0x97, 0xC9, 0x4A,
        0xA7, 0x3B, 0x65, 0xCF, 0x68, 0xB8, 0x95, 0x14, 0xE0, 0x07, 0x19, 0x0A, 0x2E, 0x7B, 0x53, 0x90,
        0xA9, 0xE2, 0x16, 0x5C, 0x42, 0xBF, 0x22, 0x13, 0x13, 0xDA, 0x2C, 0x95, 0x4F, 0x3D, 0xBC, 0xED,
        0x17, 0x04, 0x1C, 0xE4, 0x2E, 0x78, 0xE8, 0x3C, 0xED, 0x60, 0x84, 0x89, 0x74, 0x4E, 0x76, 0xA7,
        0x99, 0x54, 0xCE, 0x76, 0xE7, 0x0C, 0x26, 0x66, 0x02, 0x7A, 0x7B, 0x53, 0x92, 0xA2, 0x9C, 0x95,
        0x4E, 0x76, 0xCB, 0x05, 0x73, 0x13, 0xF4, 0xC7, 0xEB, 0xF8, 0xBF, 0xFF, 0xDA, 0x00, 0x08, 0x01,
        0x01, 0x00, 0x01, 0x05, 0x00, 0x98, 0xFC, 0xF1, 0xE9, 0xC6, 0x71, 0xE9, 0xC6, 0x71, 0xEC, 0xC7,
        0xAC, 0xFD, 0xE7, 0xE3, 0xE8, 0xFC, 0x64, 0x7D, 0x84, 0x7A, 0xF3, 0xED, 0xCF, 0xD3, 0xC6, 0x4F,
        0xEF, 0x8C, 0xE3, 0x38, 0xCE, 0x3D, 0x78, 0xCE, 0x3E, 0x9E, 0x33, 0x8C, 0xE3, 0xE8, 0x9F, 0x48,
        0xFB, 0xA9, 0xFA, 0xF8, 0xF7, 0xF9, 0xCE, 0x7E, 0xCA, 0x7D, 0x2D, 0x7C, 0x96, 0xAD, 0x77, 0xFF,
        0x00, 0xB6, 0x57, 0xC1, 0xF9, 0x5D, 0x59, 0x90, 0x30, 0x60, 0x65, 0xEB, 0x51, 0x4E, 0xAF, 0xF7,
        0x8D, 0x08, 0xEB, 0x0E, 0xAE, 0xB0, 0xE7, 0xB8, 0xBE, 0x8E, 0xB0, 0xE6, 0x48, 0x47, 0x09, 0x8B,
        0x0C, 0x23, 0x01, 0x19, 0x30, 0x19, 0x83, 0x09, 0x21, 0x30, 0x38, 0x16, 0xA8, 0xE6, 0xBD, 0xD8,
        0x75, 0xBB, 0x36, 0x15, 0x55, 0x11, 0xBB, 0x60, 0x47, 0x7D, 0x31, 0x90, 0xC5, 0xC8, 0x8B, 0x16,
        0x78, 0x65, 0xD0, 0x0A, 0xDD, 0x5A, 0x70, 0x2D, 0xB2, 0x49, 0x86, 0xAC, 0xA3, 0xBE, 0x8C, 0x26,
        0x2C, 0x32, 0x26, 0x26, 0x32, 0x1E, 0x89, 0x92, 0x30, 0x08, 0x86, 0x2E, 0x42, 0x1A, 0xA9, 0x92,
        0x30, 0x08, 0xEE, 0x2F, 0xA0, 0x8C, 0x06, 0x09, 0x8B, 0x09, 0x03, 0x03, 0x8C, 0x92, 0xE2, 0x35,
        0xDA, 0xFB, 0x86, 0xA6, 0xEB, 0x2D, 0x1D, 0xC7, 0xEB, 0xD9, 0x0E, 0xA8, 0xB7, 0x59, 0xC7, 0xD2,
        0xBF, 0x55, 0x3F, 0xD6, 0x6D, 0x3C, 0x0A, 0x5A, 0xDD, 0x9E, 0xC2, 0x2C, 0xEA, 0xB6, 0xF5, 0x4C,
        0xB5, 0xDB, 0x20, 0xBF, 0x35, 0xED, 0xC5, 0xBB, 0xB4, 0xAF, 0x6B, 0x9B, 0x5B, 0x4B, 0xBB, 0xB6,
        0x9B, 0x09, 0xB1, 0x55, 0xD5, 0xF4, 0x7B, 0xCB, 0x49, 0x8D, 0x5E, 0xD6, 0x6E, 0xDC, 0xD5, 0x6D,
        0xA8, 0x2C, 0x75, 0x9B, 0x43, 0xA0, 0x8D, 0x16, 0xF6, 0xC2, 0x7F, 0xA2, 0xDE, 0xF7, 0xEE, 0x6B,
        0x36, 0x94, 0x06, 0xAE, 0xB3, 0x69, 0x76, 0xB8, 0xCC, 0x14, 0x7D, 0xAC, 0xFE, 0xF7, 0x7B, 0x18,
        0xA5, 0x52, 0x66, 0x66, 0x75, 0xBA, 0xAA, 0x76, 0x35, 0x53, 0xFB, 0xF8, 0xD6, 0xC7, 0xA8, 0x73,
        0x7F, 0xFF, 0x00, 0x53, 0x7E, 0xBE, 0xC4, 0x35, 0xB7, 0x9E, 0xC5, 0x6D, 0xE8, 0x19, 0xBE, 0xFC,
        0xD8, 0x7B, 0xF5, 0x7B, 0x08, 0x7F, 0x7D, 0xF6, 0xDD, 0x7E, 0xED, 0xC1, 0x4D, 0x8B, 0x84, 0x44,
        0x7F, 0x18, 0xB1, 0x6A, 0xCD, 0x8B, 0x76, 0x6C, 0xB5, 0x1B, 0x64, 0xF5, 0xA7, 0x45, 0x5A, 0x9B,
        0xA6, 0xD5, 0x01, 0x28, 0xDB, 0x58, 0x1A, 0xE4, 0xAD, 0xC8, 0x6C, 0x86, 0x9E, 0xEE, 0x95, 0x68,
        0xAF, 0xB6, 0xA8, 0x8A, 0xC8, 0x8A, 0xA9, 0xA5, 0xBC, 0x77, 0xFC, 0x3A, 0xEA, 0xDB, 0x09, 0xD6,
        0x5F, 0xB6, 0xDB, 0x7A, 0xEA, 0x14, 0x59, 0x37, 0x93, 0xAC, 0xA5, 0x3B, 0x9B, 0xA0, 0x97, 0xDF,
        0xD4, 0xCD, 0xF6, 0x6A, 0x94, 0x1B, 0x88, 0x20, 0x43, 0x27, 0x5D, 0xB2, 0x29, 0x75, 0xCA, 0x95,
        0x1C, 0xBA, 0xCC, 0xA5, 0x5C, 0x34, 0x56, 0x92, 0xBB, 0x7B, 0x8B, 0x7A, 0xE1, 0xA7, 0xAF, 0x7B,
        0xDF, 0x6D, 0x5B, 0x41, 0x52, 0xB6, 0xBF, 0x18, 0x53, 0x0E, 0xA0, 0x10, 0x75, 0x0B, 0x65, 0x76,
        0xA3, 0x73, 0xDD, 0x26, 0x6D, 0x4A, 0xBB, 0x34, 0xE3, 0x7B, 0x69, 0xBB, 0x85, 0xFC, 0x69, 0x74,
        0xBE, 0x5F, 0x46, 0xD6, 0xC6, 0xE0, 0x95, 0x39, 0xB5, 0xF1, 0xAA, 0x85, 0x47, 0x50, 0xED, 0x1D,
        0x54, 0x32, 0xC3, 0x74, 0x91, 0xF3, 0x4D, 0x4D, 0x15, 0xFF, 0x00, 0xB5, 0x7C, 0x96, 0xB9, 0x6D,
        0xBE, 0x35, 0x2C, 0xAF, 0x34, 0xBE, 0x65, 0xFF, 0x00, 0xA5, 0x90, 0xAC, 0x7F, 0x14, 0xD4, 0x69,
        0x95, 0xA8, 0xF9, 0x95, 0x9D, 0xA5, 0x29, 0xA4, 0xB2, 0xA6, 0x9B, 0x5F, 0x0A, 0x45, 0xAA, 0x5B,
        0xEF, 0xFE, 0x7E, 0xE7, 0x3B, 0x61, 0x7D, 0x3E, 0x4F, 0xC2, 0xE8, 0x76, 0xF4, 0x6A, 0xDD, 0xEA,
        0x1F, 0x4F, 0x72, 0xC8, 0x58, 0x47, 0x57, 0x11, 0xCC, 0x7D, 0x9F, 0xF9, 0xDF, 0x39, 0xCD, 0xD8,
        0xE6, 0x9C, 0xA2, 0x34, 0x33, 0xFB, 0xAE, 0xC6, 0x29, 0xC9, 0x33, 0x34, 0xDA, 0xAC, 0xBB, 0x68,
        0x0D, 0x05, 0x01, 0x33, 0xA4, 0x93, 0xB4, 0x34, 0x50, 0x16, 0x03, 0x51, 0x4D, 0x74, 0xFC, 0x04,
        0x77, 0xEC, 0x51, 0x45, 0x89, 0xB1, 0xA5, 0xA3, 0x61, 0xD3, 0xA9, 0xA9, 0xE1, 0xBA, 0x92, 0x1E,
        0x43, 0xAF, 0xAE, 0x37, 0x43, 0x59, 0x50, 0x10, 0x9D, 0x25, 0x24, 0x35, 0x55, 0x41, 0x56, 0x1C,
        0x95, 0xBD, 0x4B, 0xD0, 0xD1, 0x13, 0xB7, 0x4D, 0x36, 0xD7, 0x6E, 0x9A, 0x2E, 0x2A, 0xA6, 0xA6,
        0xA5, 0x56, 0x90, 0xC1, 0x0F, 0xFA, 0xF5, 0x08, 0x87, 0x6B, 0x6A, 0x3A, 0xB5, 0x5D, 0x55, 0x5A,
        0x8D, 0x0A, 0x69, 0x0B, 0x76, 0x74, 0xF4, 0xEC, 0xBA, 0xA5, 0x34, 0x53, 0x09, 0x8E, 0xA8, 0x1F,
        0x8E, 0xD0, 0x8C, 0xB7, 0xAB, 0xA9, 0x6A, 0x07, 0x56, 0x9A, 0xD5, 0x68, 0x7C, 0x7E, 0xBF, 0x8F,
        0x73, 0x57, 0x56, 0xE1, 0x2F, 0x4F, 0x4D, 0x68, 0x3D, 0x55, 0x42, 0xAD, 0x1A, 0xFA, 0xFE, 0x65,
        0x5A, 0x35, 0xEA, 0x8F, 0x4C, 0x64, 0x86, 0x4C, 0x87, 0x6F, 0x8E, 0x32, 0xB5, 0x9B, 0x55, 0x1C,
        0x16, 0xED, 0xAD, 0x4B, 0xD9, 0xEC, 0xD4, 0x30, 0xEB, 0x11, 0x60, 0x36, 0xFB, 0x85, 0xB5, 0xF7,
        0xAF, 0xD8, 0x71, 0x5D, 0xBA, 0x56, 0xCA, 0xFD, 0xF3, 0x52, 0x6D, 0x5B, 0xAE, 0xA7, 0x5E, 0xBF,
        0x61, 0xAF, 0x73, 0xAC, 0xB5, 0x1B, 0x8D, 0xC5, 0x64, 0xAA, 0xED, 0xF5, 0x59, 0x53, 0x5E, 0x97,
        0xCB, 0xAC, 0x15, 0x81, 0xD9, 0xED, 0x06, 0xCD, 0x4B, 0x36, 0xA9, 0x32, 0xCE, 0xCB, 0x69, 0x6A,
        0x6F, 0x3D, 0xF7, 0x1D, 0xE4, 0x05, 0xC7, 0x8E, 0xCE, 0x9C, 0xB7, 0x63, 0xB2, 0x57, 0x8E, 0x92,
        0xA8, 0xA1, 0x54, 0x9A, 0xC7, 0xDC, 0xE7, 0x39, 0xCE, 0x73, 0x9F, 0x49, 0x9F, 0xCF, 0xC8, 0xF5,
        0xDD, 0xE4, 0xFF, 0x00, 0x9A, 0x27, 0xA9, 0x8D, 0x6F, 0xF9, 0xF8, 0xE6, 0xBB, 0xBC, 0xFC, 0x73,
        0x96, 0x95, 0xAA, 0xF2, 0x1A, 0xCF, 0x5E, 0x7D, 0x79, 0xF4, 0x6B, 0x56, 0x90, 0x4D, 0x98, 0x79,
        0x4F, 0xD6, 0x6C, 0x00, 0x2F, 0xB5, 0xE3, 0x38, 0xCE, 0x33, 0x8F, 0xA5, 0xB7, 0x52, 0xA6, 0x29,
        0xAB, 0x72, 0xF3, 0x8F, 0x42, 0x98, 0x11, 0x55, 0xD5, 0xBD, 0x9F, 0x44, 0xC4, 0x4E, 0x49, 0x14,
        0x87, 0xA4, 0x46, 0x71, 0x9C, 0x67, 0x1E, 0xBC, 0xE7, 0xE7, 0x3F, 0x3E, 0x9F, 0x9C, 0xFC, 0xE7,
        0x13, 0x9C, 0x4E, 0x71, 0x39, 0xF9, 0xCE, 0x32, 0x7F, 0x73, 0x10, 0x51, 0x7B, 0xE3, 0xF6, 0xE2,
        0xCF, 0xF4, 0x1B, 0x4C, 0x0F, 0x8F, 0xEC, 0xE4, 0xAA, 0xD6, 0x5D, 0x5A, 0xFC, 0xE6, 0xC4, 0xA2,
        0x15, 0x70, 0xC4, 0xAC, 0x83, 0xAE, 0x4D, 0x3B, 0x04, 0x32, 0x1B, 0x19, 0x98, 0xA2, 0xC6, 0xDC,
        0x97, 0xD1, 0x49, 0x16, 0x6C, 0x20, 0x4B, 0x3C, 0x6A, 0xD2, 0xD5, 0xD7, 0xAF, 0x08, 0x7A, 0x95,
        0x07, 0x62, 0x3B, 0x51, 0x0B, 0xAD, 0x59, 0xEB, 0xE0, 0x5A, 0xC7, 0xD9, 0x53, 0x8A, 0x10, 0x6B,
        0x12, 0x22, 0x49, 0x54, 0x0F, 0x12, 0x9A, 0x54, 0x94, 0x1A, 0x92, 0xE3, 0xF2, 0x3C, 0x78, 0x9F,
        0x25, 0x62, 0xE7, 0xB8, 0x1F, 0x5A, 0x3B, 0x17, 0xD0, 0x95, 0xF4, 0x55, 0xB7, 0x65, 0x15, 0x98,
        0xCB, 0x71, 0x54, 0x53, 0x5D, 0xED, 0xA8, 0x95, 0x5B, 0x6C, 0x56, 0xAA, 0xC7, 0xD3, 0x32, 0x3D,
        0x75, 0x27, 0x19, 0xC2, 0xB8, 0x17, 0x99, 0x59, 0x4D, 0x68, 0x53, 0x1F, 0x81, 0x5A, 0xBD, 0x99,
        0x2A, 0x15, 0x67, 0x65, 0xD0, 0x42, 0x9B, 0xF2, 0x07, 0x96, 0x0A, 0x67, 0x5F, 0x15, 0x50, 0x93,
        0x52, 0x90, 0x34, 0x1C, 0xA4, 0x15, 0x67, 0xAD, 0x16, 0x6C, 0x8D, 0x89, 0xA6, 0xA6, 0xCD, 0xBA,
        0xB2, 0xFA, 0x54, 0xA4, 0xAE, 0x02, 0xA6, 0x6A, 0x9F, 0x72, 0xBD, 0x62, 0x11, 0xBC, 0x49, 0xA9,
        0x62, 0xE8, 0xC2, 0xA1, 0x61, 0x33, 0xDB, 0xB6, 0x94, 0x54, 0xAF, 0x64, 0x9E, 0xC2, 0x00, 0x1A,
        0xEF, 0x5A, 0xD2, 0x35, 0x2E, 0x2D, 0x6C, 0x50, 0x48, 0xAE, 0x35, 0xDC, 0xAE, 0xEB, 0x6B, 0xAA,
        0xC6, 0xC9, 0x0B, 0x5B, 0x27, 0x92, 0x54, 0xD8, 0x63, 0xE3, 0x1E, 0xC7, 0xB1, 0x96, 0x26, 0xF7,
        0x81, 0x7B, 0xA1, 0x92, 0xA7, 0x5A, 0xF2, 0x97, 0x65, 0x89, 0x19, 0x87, 0x08, 0x6B, 0x92, 0x4B,
        0x2F, 0x6A, 0x7F, 0x7F, 0x51, 0x88, 0x98, 0xAA, 0xAD, 0x64, 0xCF, 0x69, 0x7D, 0x25, 0x4E, 0xA1,
        0x19, 0x08, 0x98, 0xC8, 0x04, 0xC8, 0x53, 0xAA, 0x06, 0xC5, 0xAD, 0xA0, 0xB4, 0x25, 0x40, 0x48,
        0x41, 0xAC, 0x6B, 0x57, 0x15, 0x15, 0x2A, 0xFE, 0x3A, 0x6A, 0x56, 0x44, 0x8D, 0x3A, 0x82, 0x70,
        0xA5, 0x46, 0x1D, 0x5A, 0xCC, 0x1F, 0x12, 0xAF, 0x6C, 0x2B, 0xD7, 0x58, 0x44, 0x44, 0x45, 0x8D,
        0x75, 0x57, 0xB0, 0x50, 0x91, 0x19, 0x4A, 0xA6, 0x65, 0x6B, 0x22, 0x1A, 0x34, 0xC3, 0x24, 0x02,
        0x70, 0x69, 0x53, 0x16, 0x76, 0x95, 0xD2, 0xCA, 0x95, 0x5B, 0x30, 0xB0, 0x12, 0x6D, 0x4A, 0xAE,
        0x2E, 0x23, 0x88, 0x4A, 0xA2, 0x02, 0x95, 0x30, 0x33, 0x00, 0x38, 0x2A, 0x75, 0x0D, 0x8C, 0xA7,
        0x51, 0xA7, 0xD0, 0x1D, 0x71, 0x46, 0x9C, 0x31, 0x94, 0xEA, 0x31, 0x92, 0x01, 0x21, 0x2A, 0x09,
        0xCA, 0xDA, 0xDA, 0xA8, 0x82, 0xA7, 0x50, 0xDA, 0x1A, 0xBA, 0x51, 0x9F, 0xD6, 0xC7, 0x6B, 0xA0,
        0x3A, 0xE1, 0x2A, 0x18, 0x65, 0x4A, 0xAD, 0x30, 0x52, 0x97, 0x2D, 0xAB, 0x59, 0xE4, 0x29, 0x50,
        0xC9, 0xD5, 0xAC, 0xC0, 0x8A, 0x95, 0x61, 0x63, 0x4E, 0xA0, 0x01, 0x2C, 0x24, 0x95, 0x4E, 0xAA,
        0x0A, 0x29, 0xD4, 0x16, 0x35, 0x2A, 0x70, 0x8D, 0x5A, 0xC2, 0xA5, 0x56, 0xAE, 0x9C, 0xE9, 0x1E,
        0xB3, 0xAB, 0x58, 0xC0, 0x2B, 0xA0, 0x06, 0x50, 0x93, 0xC2, 0x52, 0x8F, 0x09, 0x60, 0x40, 0xDA,
        0x95, 0x5A, 0x70, 0xB5, 0x8C, 0xC2, 0x52, 0x32, 0x75, 0xD0, 0x62, 0xA4, 0x25, 0x31, 0xCE, 0x73,
        0x9C, 0xE7, 0x39, 0xCE, 0x73, 0x9D, 0x59, 0xCE, 0x73, 0x9C, 0xE4, 0xFE, 0xFD, 0xF8, 0xFE, 0x17,
        0x8F, 0xAB, 0x8F, 0x6A, 0x32, 0x3D, 0x27, 0x26, 0x7D, 0xF9, 0xFD, 0xFB, 0xF1, 0xEB, 0x3F, 0x6B,
        0x1E, 0xBF, 0x9F, 0x7B, 0xFC, 0x7B, 0x71, 0x91, 0xE8, 0x59, 0x3E, 0xFF, 0x00, 0xFF, 0xDA, 0x00,
        0x08, 0x01, 0x02, 0x02, 0x06, 0x3F, 0x00, 0x7E, 0xAC, 0xDA, 0xB5, 0x62, 0xDC, 0xA7, 0x43, 0x76,
        0x0A, 0xD7, 0x31, 0x4F, 0x56, 0x2D, 0xB0, 0xB9, 0xAD, 0x6E, 0xEF, 0x98, 0x89, 0xB4, 0x4F, 0xD4,
        0x27, 0x34, 0x86, 0x63, 0x57, 0x56, 0x97, 0xDC, 0x44, 0xD6, 0x27, 0xDE, 0x64, 0xDE, 0x56, 0xB0,
        0x94, 0x52, 0x31, 0xB1, 0x8F, 0xCB, 0x32, 0xBB, 0xB5, 0x1B, 0x4D, 0xD9, 0xB5, 0x4F, 0x08, 0xDE,
        0x49, 0x5D, 0x25, 0x33, 0xFD, 0x87, 0x96, 0x4E, 0x2F, 0x4E, 0xA1, 0x24, 0xDD, 0xB7, 0x0D, 0x6E,
        0x54, 0x7D, 0xA2, 0x4B, 0x2E, 0x33, 0xD8, 0x35, 0xB9, 0xDD, 0x62, 0xBB, 0x4C, 0x53, 0xC9, 0xEE,
        0xCB, 0xA3, 0xA4, 0x49, 0xE5, 0xA3, 0xB0, 0xF1, 0x4E, 0x76, 0x91, 0x8A, 0x55, 0xBB, 0xF0, 0x98,
        0xA6, 0x94, 0x5A, 0x10, 0xDA, 0x7B, 0xB8, 0x25, 0xE6, 0xDA, 0x2A, 0xB8, 0x87, 0xBB, 0xCD, 0x89,
        0x5A, 0x57, 0x15, 0x7D, 0x32, 0x32, 0x75, 0x94, 0xDE, 0xDF, 0x2E, 0x24, 0xA6, 0xE6, 0x52, 0xFB,
        0x91, 0x8D, 0xEB, 0x13, 0x5F, 0x10, 0xE1, 0xD2, 0xDF, 0x59, 0x82, 0x7B, 0x93, 0xC9, 0xB5, 0x7F,
        0x01, 0x77, 0xB6, 0x13, 0xFA, 0xB2, 0x1E, 0x3A, 0xAF, 0x47, 0x5D, 0x69, 0x22, 0x55, 0xBA, 0xB0,
        0xDB, 0xB1, 0x38, 0xDE, 0x69, 0x07, 0x79, 0xBB, 0x7C, 0x4B, 0xBD, 0x3F, 0xC6, 0xC4, 0xCB, 0xA0,
        0xBB, 0xCE, 0x84, 0x26, 0xF8, 0x0D, 0x36, 0xD4, 0xDC, 0x99, 0xAA, 0x13, 0x6D, 0xD2, 0xC6, 0xD9,
        0x70, 0x51, 0xB5, 0x23, 0x5B, 0x9C, 0x32, 0x53, 0x76, 0x8E, 0xC2, 0x5B, 0x96, 0x27, 0xB9, 0xD0,
        0x6A, 0x6E, 0xE6, 0x75, 0x22, 0x59, 0x77, 0xFB, 0x92, 0xFF, 0x00, 0x09, 0x45, 0xDF, 0xB4, 0xA3,
        0x6B, 0x52, 0xEF, 0x89, 0x32, 0xC9, 0x73, 0x0F, 0x88, 0xAA, 0xE9, 0x6A, 0x91, 0x2E, 0xF3, 0xDA,
        0x55, 0xB9, 0xB9, 0x56, 0xD9, 0x39, 0x4B, 0xA7, 0x12, 0x14, 0xFA, 0x27, 0xD6, 0x25, 0x08, 0x49,
        0xD0, 0x4C, 0x4A, 0x26, 0x38, 0x98, 0xC2, 0xE5, 0x64, 0x44, 0x53, 0x42, 0x2B, 0x24, 0xB9, 0x35,
        0xFD, 0x69, 0xA9, 0x69, 0xA6, 0xA5, 0x99, 0x1D, 0x22, 0xBB, 0xE8, 0x39, 0x49, 0x49, 0xF4, 0x92,
        0xB1, 0x1C, 0x4C, 0xFF, 0x00, 0xA8, 0xAF, 0xA0, 0xE9, 0x7F, 0x61, 0x55, 0x1D, 0x45, 0x1B, 0xB5,
        0x84, 0xE1, 0x9D, 0x6D, 0x9A, 0xDE, 0xFF, 0x00, 0xF2, 0x46, 0x85, 0x14, 0x75, 0x09, 0x56, 0x51,
        0x2A, 0x66, 0x20, 0xB3, 0x2C, 0xF2, 0xE9, 0x66, 0xBF, 0xA9, 0x0E, 0x5D, 0x47, 0x92, 0x95, 0x2A,
        0x0B, 0x3E, 0xAD, 0x0E, 0x52, 0xB8, 0xC7, 0x51, 0xCA, 0x35, 0x10, 0xDF, 0xE6, 0x7E, 0xAC, 0xFF,
        0xDA, 0x00, 0x08, 0x01, 0x03, 0x02, 0x06, 0x3F, 0x00, 0x5E, 0xAC, 0xDC, 0xF4, 0x43, 0x58, 0xB5,
        0xC4, 0xDB, 0x9B, 0xBD, 0x8C, 0x9A, 0xD1, 0x0F, 0x74, 0xBE, 0x5B, 0xFF, 0x00, 0x22, 0x62, 0xF3,
        0x1F, 0x48, 0xD4, 0x56, 0x51, 0x92, 0x8B, 0x26, 0xFD, 0x84, 0xC5, 0x26, 0x3D, 0xC6, 0x29, 0x63,
        0x71, 0xB9, 0xAC, 0xB3, 0x2F, 0x9A, 0x23, 0x9A, 0x82, 0x4D, 0x2B, 0xA4, 0xEB, 0xE2, 0x12, 0xC5,
        0xBB, 0x36, 0xE0, 0x58, 0xA5, 0x36, 0x1B, 0x69, 0x5F, 0x68, 0x9E, 0xD7, 0x55, 0x23, 0x6F, 0x1E,
        0x1E, 0xF1, 0x3D, 0xAA, 0xD2, 0xC6, 0xD2, 0xA2, 0xE9, 0x1B, 0x4B, 0x80, 0x9F, 0xCD, 0xE1, 0xC7,
        0xBD, 0x91, 0xDD, 0xC3, 0x2C, 0x31, 0x55, 0x79, 0x4F, 0xC4, 0xDF, 0xBB, 0x6E, 0x18, 0xAF, 0x98,
        0x5B, 0xDA, 0x4B, 0xAB, 0xF8, 0xEE, 0x1D, 0x14, 0xCA, 0xDB, 0xE5, 0xC8, 0xA5, 0x69, 0x93, 0xB6,
        0xB8, 0x98, 0xAA, 0x43, 0x4B, 0x77, 0x9B, 0x22, 0x1A, 0x51, 0x0D, 0xFD, 0xAC, 0xCA, 0xD4, 0xDD,
        0x14, 0xF0, 0x8A, 0x55, 0x6F, 0xF4, 0x19, 0xB5, 0xB5, 0xAC, 0x52, 0x76, 0xBE, 0xF2, 0xCB, 0x74,
        0xB5, 0xF4, 0xE2, 0x63, 0x2F, 0x9B, 0x86, 0x9D, 0x64, 0xA7, 0x3E, 0x8A, 0x9A, 0x54, 0x76, 0xB3,
        0xB8, 0x92, 0xE2, 0x43, 0xB4, 0x54, 0xA2, 0x45, 0x97, 0xEE, 0x59, 0x54, 0x74, 0x55, 0x25, 0xA5,
        0xC4, 0x4E, 0x15, 0x2C, 0x47, 0x11, 0xA4, 0x95, 0x49, 0x85, 0x25, 0x52, 0x70, 0x4C, 0x29, 0x44,
        0x34, 0xAF, 0x24, 0x2B, 0x0D, 0x6D, 0x55, 0x13, 0x8B, 0x28, 0x82, 0x61, 0x16, 0x44, 0x21, 0x3C,
        0x94, 0xED, 0xB5, 0x69, 0xF6, 0x90, 0xCB, 0x22, 0xA9, 0x32, 0xCB, 0x81, 0x10, 0x8A, 0x45, 0x07,
        0x45, 0x5B, 0xD0, 0x98, 0x56, 0x8E, 0xC2, 0x89, 0x40, 0xA9, 0x11, 0xE1, 0x7B, 0x7E, 0x07, 0x3B,
        0xE8, 0x23, 0x2B, 0xBB, 0xED, 0x6D, 0x49, 0x45, 0x1E, 0x87, 0xB0, 0x6E, 0x58, 0xDA, 0xD4, 0x68,
        0x6E, 0x62, 0x78, 0x19, 0x4B, 0xB9, 0x33, 0x24, 0xD0, 0x8A, 0x1A, 0x17, 0x8A, 0xE8, 0x5C, 0x9E,
        0x81, 0xE9, 0xD2, 0x73, 0x15, 0x64, 0x3C, 0x85, 0x30, 0x31, 0x54, 0xBF, 0xB4, 0xAC, 0x5C, 0x75,
        0x47, 0x61, 0xA7, 0xF5, 0xA9, 0x3A, 0x95, 0x72, 0x37, 0xC4, 0x8A, 0x44, 0xC9, 0x72, 0xF1, 0xD0,
        0x68, 0x4A, 0x21, 0xF1, 0x92, 0xFD, 0xA7, 0x31, 0x7F, 0x69, 0xCC, 0x4C, 0xCF, 0xE6, 0x5E, 0xAC,
        0xFF, 0xDA, 0x00, 0x08, 0x01, 0x01, 0x01, 0x06, 0x3F, 0x00, 0xFF, 0x00, 0x66, 0x4F, 0x08, 0x8D,
        0xA4, 0xC0, 0xD8, 0xB2, 0x90, 0x05, 0xEB, 0xFF, 0x00, 0xAE, 0xFF, 0x00, 0x88, 0x7F, 0x65, 0x00,
        0x60, 0x70, 0x0F, 0x6E, 0x43, 0xFB, 0x29, 0x64, 0x43, 0x75, 0x61, 0x70, 0x47, 0x71, 0xF9, 0x1F,
        0x72, 0x57, 0x30, 0x96, 0xE5, 0xBD, 0xB8, 0x9C, 0x69, 0x24, 0xDC, 0x6C, 0xE4, 0x8A, 0x07, 0x20,
        0x75, 0x6F, 0x71, 0xAF, 0x0E, 0xCA, 0x0B, 0x90, 0xC8, 0x8B, 0x85, 0xBE, 0xB6, 0xEF, 0xB5, 0x15,
        0xC8, 0x5D, 0x75, 0x61, 0x71, 0x71, 0xF4, 0xD7, 0x53, 0x35, 0xC3, 0xCD, 0x71, 0x6F, 0xC5, 0x40,
        0x64, 0x2E, 0xDA, 0xA8, 0xB8, 0xD4, 0x7C, 0xD4, 0x03, 0x10, 0xB7, 0xD0, 0x5C, 0xDA, 0xF5, 0x67,
        0x75, 0x53, 0xF3, 0x90, 0x2B, 0x26, 0x60, 0x17, 0xBC, 0x9D, 0x28, 0x06, 0x60, 0x0B, 0x68, 0x01,
        0x36, 0xBF, 0xD1, 0x45, 0x43, 0x02, 0xCB, 0xE2, 0x00, 0xEA, 0x2F, 0xDF, 0x44, 0xAB, 0x06, 0x03,
        0x42, 0x41, 0x06, 0xD5, 0x64, 0x75, 0x63, 0xDC, 0x08, 0x3F, 0xAA, 0xB7, 0x1B, 0x60, 0x96, 0x3B,
        0x7B, 0x5D, 0xAF, 0xC6, 0xF4, 0xD3, 0xCA, 0x79, 0x13, 0xBB, 0x89, 0xEE, 0x14, 0x92, 0x6E, 0x36,
        0x92, 0x45, 0x03, 0x90, 0x3A, 0xA7, 0x50, 0x2F, 0xC0, 0xF0, 0xAD, 0x64, 0x50, 0x7B, 0x89, 0x03,
        0x8D, 0x17, 0x0E, 0xA5, 0x47, 0x16, 0x04, 0x58, 0x7D, 0x74, 0x70, 0x65, 0x6B, 0x71, 0xB1, 0x07,
        0xF5, 0x53, 0x37, 0x1C, 0x41, 0x36, 0xFA, 0x05, 0x09, 0x22, 0xD8, 0xC8, 0xE8, 0x78, 0x30, 0x3A,
        0x69, 0xF5, 0x52, 0xCB, 0x22, 0xF4, 0x89, 0x00, 0xB2, 0xB1, 0xF0, 0xDF, 0xB1, 0xA8, 0x95, 0x75,
        0x21, 0x78, 0x90, 0x41, 0xB7, 0xD3, 0x5F, 0x98, 0x9F, 0x88, 0x57, 0x3B, 0xAA, 0xDF, 0x85, 0xC8,
        0x15, 0x71, 0xA8, 0x3C, 0x0F, 0xC9, 0x61, 0x22, 0x12, 0x78, 0x0C, 0x85, 0x5D, 0xD8, 0x28, 0xEF,
        0x26, 0xD4, 0x5C, 0x3A, 0x94, 0x1C, 0x5A, 0xE2, 0xDF, 0x8A, 0xB1, 0x0E, 0xA5, 0x8F, 0x01, 0x71,
        0x7D, 0x6A, 0xEE, 0xC1, 0x41, 0xE0, 0x49, 0x02, 0xB3, 0xC9, 0x70, 0x1C, 0x5A, 0xE2, 0xDF, 0x8A,
        0x81, 0x66, 0x0A, 0x0F, 0x02, 0x4D, 0xAF, 0x40, 0x3B, 0xAA, 0x93, 0xC2, 0xE4, 0x0F, 0xD7, 0x57,
        0x46, 0x0C, 0x07, 0x12, 0x0D, 0xFE, 0x56, 0x9D, 0xA3, 0x55, 0xD6, 0xC3, 0xAA, 0x85, 0xC0, 0x1D,
        0xF8, 0x68, 0xBF, 0x8E, 0x94, 0x2B, 0x27, 0xBB, 0x05, 0xF6, 0x92, 0x58, 0x2B, 0x65, 0xE5, 0x8E,
        0x08, 0xC3, 0x72, 0xFF, 0x00, 0xCC, 0x92, 0xBA, 0x1B, 0x65, 0x92, 0x57, 0x0B, 0x9B, 0x3B, 0x28,
        0x58, 0x80, 0x1E, 0x7D, 0xC3, 0x34, 0x69, 0xF7, 0x13, 0xA9, 0x4C, 0xD6, 0x58, 0x62, 0x42, 0x43,
        0xC9, 0x23, 0x62, 0x05, 0xBB, 0xBC, 0xD5, 0x1E, 0xE3, 0x73, 0x09, 0x4D, 0xBC, 0xE4, 0xF4, 0x65,
        0xBD, 0xD5, 0xC0, 0xD7, 0x24, 0xF4, 0xB0, 0x65, 0xF0, 0xF2, 0xD7, 0xFF, 0x00, 0xA4, 0x76, 0xAF,
        0xEE, 0x5C, 0x7A, 0xDA, 0x5A, 0xD7, 0xC3, 0x2C, 0x6F, 0x9E, 0x39, 0x7A, 0xB4, 0xED, 0xB1, 0xDB,
        0x3E, 0xE1, 0x23, 0x38, 0xB3, 0x2D, 0xAC, 0x09, 0xD7, 0xB6, 0xA1, 0x8F, 0x71, 0xB4, 0x78, 0xDF,
        0x72, 0xE2, 0x38, 0x14, 0xDB, 0x99, 0x89, 0x03, 0x15, 0xD7, 0xD6, 0xA1, 0xF0, 0xD6, 0xDB, 0xB0,
        0xDE, 0xB7, 0x08, 0x6E, 0x2E, 0x74, 0xCF, 0x8D, 0xF1, 0xF0, 0xD7, 0xB8, 0xF4, 0x5B, 0xDE, 0xF3,
        0xE9, 0x74, 0x46, 0xA7, 0x2E, 0x18, 0xE9, 0x42, 0x1D, 0xFC, 0x27, 0x6F, 0x21, 0x5C, 0xD4, 0x1B,
        0x1B, 0x8E, 0x1A, 0x32, 0x96, 0x5A, 0x59, 0xF6, 0xDB, 0x29, 0x64, 0x85, 0xFC, 0x0F, 0x6B, 0x02,
        0x3B, 0xD7, 0x2B, 0x53, 0xED, 0xF7, 0x51, 0x98, 0x66, 0x8A, 0xD9, 0xC6, 0xDC, 0x45, 0xC0, 0x75,
        0xFD, 0x96, 0xA4, 0xDC, 0x6D, 0xF6, 0x52, 0x49, 0x0C, 0x82, 0xE8, 0xE2, 0xD6, 0x23, 0xBF, 0x8D,
        0x1D, 0x80, 0xDA, 0x39, 0xDD, 0xAA, 0xE6, 0xD0, 0xE9, 0x70, 0xBA, 0x73, 0x7E, 0xD5, 0x09, 0xB7,
        0xBB, 0x49, 0x21, 0x88, 0x9B, 0x75, 0x08, 0xBA, 0x83, 0xEB, 0x32, 0xF8, 0x68, 0xFC, 0x49, 0x76,
        0xAC, 0x76, 0x42, 0xE7, 0xAD, 0xA5, 0xAC, 0x0E, 0x2C, 0xD8, 0xDF, 0x2F, 0x15, 0x24, 0xF0, 0x6C,
        0x64, 0x78, 0xA4, 0x01, 0x91, 0xC5, 0xAC, 0x41, 0xE0, 0x78, 0xD0, 0xDB, 0xFB, 0x8C, 0x9D, 0x52,
        0xA6, 0x40, 0xBA, 0x78, 0x41, 0xC7, 0x2E, 0x3E, 0x66, 0xA5, 0x93, 0x7D, 0xB5, 0x92, 0x08, 0xDC,
        0xE2, 0x1D, 0x87, 0x2D, 0xFB, 0xB2, 0x15, 0x26, 0xEB, 0x69, 0xB6, 0x69, 0xB6, 0xF0, 0x92, 0x1E,
        0x41, 0x6D, 0x08, 0x19, 0x37, 0x13, 0xCD, 0xCA, 0x68, 0x11, 0xDB, 0xFA, 0x39, 0x0A, 0x7D, 0xB4,
        0xBC, 0xA9, 0xF3, 0x77, 0xB5, 0x12, 0x75, 0x27, 0x8D, 0x3E, 0xE6, 0x45, 0x26, 0x45, 0xCA, 0xC4,
        0x1D, 0x34, 0x1F, 0x21, 0xD9, 0x4A, 0x75, 0x5D, 0x62, 0x27, 0xBB, 0xB5, 0x7E, 0x49, 0xFE, 0xEF,
        0xF7, 0x96, 0xA3, 0x97, 0x71, 0x3A, 0xCB, 0xB6, 0x5E, 0x9B, 0x74, 0x80, 0xC4, 0xDB, 0xD1, 0x19,
        0x5A, 0xB6, 0x93, 0xC1, 0x11, 0x95, 0xDE, 0x1F, 0xCB, 0x07, 0x52, 0x0D, 0xFB, 0x7D, 0x5A, 0xF8,
        0x93, 0x4D, 0x11, 0x89, 0x9A, 0x2E, 0x68, 0x9B, 0x88, 0xD2, 0x97, 0x6D, 0x1D, 0xC4, 0x3B, 0x60,
        0x64, 0x99, 0xBE, 0x72, 0xD6, 0x8D, 0x2B, 0xE1, 0xE7, 0x6F, 0xF9, 0xA9, 0xB7, 0x0E, 0x80, 0x76,
        0x95, 0x19, 0x5A, 0xB6, 0xBB, 0xA2, 0xA5, 0x20, 0x12, 0xA4, 0x71, 0xA9, 0xF3, 0x68, 0xD2, 0x1A,
        0xDD, 0x18, 0x76, 0x47, 0x71, 0xD2, 0x24, 0x4B, 0x2B, 0x39, 0x50, 0xA6, 0xDE, 0x8A, 0xF9, 0x74,
        0xA5, 0x66, 0x25, 0x99, 0x24, 0x01, 0x49, 0xEC, 0xB3, 0x57, 0xC3, 0x84, 0xFB, 0x66, 0x80, 0x2C,
        0x8B, 0x8B, 0x31, 0xBE, 0x5E, 0x1A, 0xDE, 0xC3, 0xB6, 0x1E, 0xDB, 0x72, 0x12, 0x38, 0xC0, 0xEC,
        0x2D, 0x6C, 0x9E, 0xB7, 0x8A, 0xAC, 0x43, 0x09, 0xC2, 0x92, 0x3B, 0x46, 0x81, 0xAB, 0x69, 0x24,
        0x1B, 0x46, 0xDA, 0x05, 0x20, 0xC9, 0x2B, 0x39, 0xB3, 0x0F, 0xAF, 0xCD, 0x5F, 0x10, 0x62, 0xA4,
        0x02, 0x56, 0xC7, 0xB2, 0x98, 0x6E, 0x71, 0x30, 0xF1, 0x6C, 0xF8, 0x53, 0x99, 0x64, 0x88, 0xED,
        0x72, 0x5C, 0x15, 0x47, 0x35, 0xAF, 0xEC, 0xF5, 0xA8, 0x77, 0x01, 0x2D, 0x2C, 0x8F, 0x1A, 0xBB,
        0x5C, 0xEA, 0x31, 0xAD, 0xB6, 0xDA, 0x15, 0x29, 0x0C, 0xB3, 0x8E, 0xA2, 0xDC, 0xEB, 0x7B, 0x56,
        0xDE, 0x2D, 0xB0, 0x31, 0xA4, 0x91, 0xB6, 0x6B, 0x72, 0x6F, 0xE2, 0xEF, 0xA9, 0x3E, 0xCB, 0x7E,
        0xA3, 0x5D, 0x78, 0x37, 0x66, 0x24, 0x5C, 0xC8, 0x8F, 0x1D, 0x39, 0x7D, 0x6F, 0x5A, 0xB6, 0x32,
        0x3A, 0xE4, 0x65, 0x90, 0xAC, 0x91, 0xA9, 0xB6, 0x78, 0xE9, 0xFB, 0x54, 0xC7, 0xDD, 0x9B, 0x69,
        0xB6, 0x68, 0xCA, 0x49, 0x13, 0x31, 0x39, 0x5F, 0x4A, 0x9F, 0x6E, 0x63, 0xF6, 0x51, 0xC6, 0xAC,
        0xAB, 0x73, 0xA1, 0xE5, 0xED, 0xAD, 0xC2, 0xC3, 0xB2, 0x3B, 0x97, 0x88, 0x0E, 0xAB, 0x17, 0x2A,
        0x06, 0x9E, 0x88, 0xA5, 0x1B, 0x57, 0x55, 0x75, 0x91, 0x87, 0xB4, 0xE6, 0x01, 0x7C, 0xAB, 0xC6,
        0x89, 0xDC, 0xC9, 0x13, 0x43, 0x8B, 0x64, 0x10, 0x58, 0xF0, 0x3E, 0xAD, 0x19, 0x86, 0xD7, 0x40,
        0xDA, 0xEE, 0xC3, 0x1D, 0x2C, 0x7C, 0x95, 0xB2, 0x4E, 0x9B, 0x6E, 0xE3, 0x30, 0x06, 0x11, 0x02,
        0x57, 0x23, 0x63, 0xCF, 0x5F, 0x11, 0x2F, 0x11, 0xDB, 0xC0, 0xF1, 0x9C, 0x20, 0x66, 0xB9, 0x04,
        0x0B, 0xE5, 0x51, 0xEF, 0x90, 0x1F, 0x79, 0x2C, 0x3D, 0xA6, 0x46, 0xFE, 0x2B, 0x56, 0xDA, 0x0D,
        0xC5, 0xDE, 0x23, 0x06, 0x78, 0x5C, 0x81, 0x95, 0x8F, 0x36, 0x95, 0xBF, 0x08, 0xF7, 0x85, 0xC0,
        0x64, 0x8B, 0xC8, 0x41, 0xAD, 0xB3, 0xEB, 0xEE, 0xFB, 0x73, 0x1C, 0x42, 0xFE, 0x94, 0x84, 0x5D,
        0xDB, 0xFA, 0xA9, 0xDF, 0x7D, 0x03, 0xEE, 0x22, 0x99, 0x40, 0xDB, 0xAA, 0xB5, 0xB5, 0x16, 0xBD,
        0xAB, 0x72, 0x62, 0x8D, 0x88, 0x59, 0x8F, 0x2F, 0x68, 0xD3, 0x45, 0xAF, 0x6B, 0x96, 0x23, 0xD1,
        0x8E, 0xC4, 0x9F, 0xBE, 0x7D, 0x9A, 0xFE, 0xDD, 0x2C, 0xF1, 0x25, 0x95, 0x7F, 0x76, 0xCD, 0x97,
        0xDE, 0xF0, 0xF2, 0xB5, 0x2C, 0x69, 0x0C, 0x99, 0x1E, 0x2A, 0x98, 0xFE, 0xD5, 0x63, 0x06, 0xDD,
        0x03, 0x11, 0xCE, 0x4B, 0x2B, 0x8B, 0xFF, 0x00, 0xD3, 0x0C, 0xB9, 0x7D, 0xFA, 0xDA, 0xED, 0xC3,
        0x06, 0x52, 0xD9, 0xCA, 0x86, 0xFD, 0x3E, 0x9A, 0xEB, 0x26, 0x71, 0xA9, 0x5C, 0xB9, 0x6B, 0xE3,
        0x5D, 0x0D, 0xBB, 0x0D, 0xBC, 0x0D, 0x86, 0xEC, 0x47, 0x61, 0x72, 0xA0, 0x07, 0x1B, 0x6D, 0x79,
        0x6B, 0xE1, 0x09, 0xB3, 0x21, 0xB6, 0x1B, 0xA4, 0x58, 0xF6, 0x61, 0x06, 0x89, 0x96, 0x05, 0x99,
        0xF5, 0xFE, 0x16, 0x0F, 0xF6, 0x23, 0xA6, 0xF8, 0x0F, 0xBC, 0x6D, 0x8E, 0xCB, 0xDD, 0xBD, 0xD9,
        0x76, 0xB9, 0xFB, 0x7C, 0xC0, 0x39, 0x7B, 0x3C, 0x71, 0xFC, 0x9F, 0x5E, 0xBE, 0x3B, 0xB4, 0xDD,
        0x23, 0xBF, 0x41, 0xD9, 0x24, 0x58, 0xB4, 0x76, 0x01, 0x3F, 0x75, 0xC7, 0xC6, 0xBE, 0x0A, 0xF8,
        0x2F, 0xC5, 0x76, 0xED, 0xB9, 0x87, 0xAD, 0xBD, 0x81, 0x0E, 0xD3, 0x78, 0x6E, 0xE2, 0xEF, 0xE2,
        0x5F, 0xFB, 0x7F, 0x82, 0xA2, 0x8D, 0xE1, 0x98, 0xFC, 0x4C, 0x81, 0x84, 0xC1, 0x87, 0x48, 0x7B,
        0x36, 0xE2, 0xB9, 0x65, 0xF9, 0x7E, 0xAD, 0x7C, 0x5F, 0xE2, 0xFB, 0x92, 0xA9, 0x06, 0xC2, 0x47,
        0xC5, 0xE4, 0x38, 0xA7, 0x51, 0xF4, 0xC8, 0xBF, 0xA9, 0x1F, 0xFE, 0x4A, 0x8F, 0xE2, 0x1D, 0x68,
        0x37, 0x5B, 0xCF, 0x87, 0xB1, 0x13, 0xC9, 0xB6, 0x6C, 0xD0, 0xAB, 0x68, 0xE3, 0x2C, 0x51, 0xB9,
        0x57, 0xA3, 0x2F, 0x86, 0xBF, 0xF5, 0xD7, 0xF8, 0xA3, 0x4B, 0xB6, 0xDD, 0x99, 0x21, 0x5D, 0xB6,
        0xDF, 0x6E, 0xDC, 0xAD, 0xAC, 0x58, 0x36, 0xE2, 0x39, 0x31, 0xF6, 0x7F, 0x95, 0xD4, 0xF4, 0xE3,
        0xEA, 0x57, 0xC4, 0x3F, 0xE9, 0x7F, 0xE1, 0x8A, 0xBE, 0x10, 0x9B, 0x88, 0x77, 0x53, 0xAB, 0x62,
        0x02, 0xEC, 0xCF, 0x38, 0x38, 0xBF, 0x33, 0x7A, 0x94, 0x60, 0x86, 0x66, 0x99, 0x24, 0xD9, 0xB4,
        0x83, 0xA8, 0x6E, 0xEB, 0x77, 0x54, 0xC5, 0x9B, 0xEE, 0x56, 0xE3, 0xFF, 0x00, 0x5F, 0xF8, 0x7C,
        0x93, 0xEF, 0x77, 0x7F, 0x10, 0xDC, 0x14, 0xCA, 0x65, 0xB2, 0x46, 0x59, 0xD4, 0x30, 0x4D, 0x7C,
        0x09, 0x8F, 0xFF, 0x00, 0x25, 0x47, 0xF0, 0x2F, 0x78, 0xDB, 0x1D, 0x92, 0xED, 0xBD, 0xD9, 0xB6,
        0xA5, 0xFD, 0xB9, 0x90, 0x8F, 0xE1, 0x63, 0x8E, 0x2D, 0x0F, 0xAF, 0x5F, 0x10, 0xF8, 0x74, 0xF2,
        0x33, 0x0D, 0xAC, 0x78, 0xAA, 0x92, 0x48, 0xB6, 0x6B, 0x83, 0xAA, 0xFA, 0x39, 0xA5, 0x6F, 0x0C,
        0xCE, 0xF2, 0x91, 0xB6, 0xB7, 0x33, 0x16, 0x36, 0xC8, 0x68, 0xB9, 0x54, 0xD1, 0xED, 0xA2, 0xDC,
        0x6D, 0x56, 0x09, 0x01, 0x31, 0x6F, 0x01, 0x69, 0x1C, 0xE4, 0xB6, 0x58, 0xD8, 0xF9, 0x99, 0xF9,
        0x39, 0x3F, 0xCB, 0xAF, 0x86, 0x7C, 0x2C, 0xEE, 0x76, 0xD0, 0xD9, 0x4B, 0x6F, 0x62, 0x95, 0xF1,
        0x95, 0xDA, 0x41, 0xC9, 0xD1, 0x5C, 0x5B, 0x2F, 0x6E, 0x5B, 0xC4, 0xD5, 0xBA, 0xD9, 0x6D, 0x94,
        0x14, 0x1E, 0xDA, 0x1D, 0x55, 0x40, 0x8D, 0xF5, 0x5F, 0x19, 0x5F, 0x07, 0xE5, 0xD1, 0x4B, 0x32,
        0xCC, 0x3D, 0x1C, 0x84, 0x9F, 0x68, 0x7B, 0x28, 0xE8, 0x16, 0x05, 0x6F, 0xDF, 0xA7, 0xE8, 0xB2,
        0x89, 0x45, 0xBA, 0x67, 0x14, 0x1E, 0xAF, 0x61, 0xFB, 0xDF, 0x24, 0xFA, 0x81, 0xE3, 0xFD, 0x5F,
        0x22, 0x49, 0x11, 0xB4, 0x8A, 0x41, 0x5B, 0x77, 0xD2, 0x3C, 0x8B, 0x83, 0xB2, 0x82, 0xCB, 0xDC,
        0x69, 0xA0, 0x96, 0xF8, 0x3D, 0xAF, 0x63, 0x63, 0xA1, 0xBD, 0x2B, 0x31, 0x92, 0x40, 0xA6, 0xF8,
        0x3B, 0x5D, 0x74, 0xEF, 0x15, 0x1E, 0xE8, 0xDC, 0x49, 0x12, 0x95, 0x40, 0x0E, 0x96, 0x3E, 0xAD,
        0x4D, 0xB8, 0x19, 0x67, 0xB8, 0x5C, 0x64, 0xD7, 0x4B, 0x70, 0xE5, 0xA7, 0xD9, 0xA8, 0x61, 0x1C,
        0x86, 0xEE, 0x6F, 0xCC, 0x4F, 0xDA, 0xA8, 0x27, 0xE6, 0xCF, 0x6C, 0xB8, 0x47, 0xAE, 0x96, 0xE1,
        0xCD, 0x51, 0x17, 0x04, 0x74, 0x1B, 0x34, 0x0B, 0xA0, 0xBF, 0xCF, 0x4D, 0x33, 0x66, 0x8C, 0xFE,
        0x30, 0x8D, 0x60, 0x4F, 0xCE, 0xB4, 0xDB, 0x30, 0x19, 0x61, 0x66, 0xCC, 0x80, 0x75, 0xBD, 0x40,
        0xCF, 0x7B, 0xED, 0x8E, 0x51, 0xD8, 0xF7, 0x5B, 0xC5, 0xFE, 0xEA, 0x6D, 0xF0, 0x04, 0xCC, 0xE2,
        0xD7, 0x27, 0x41, 0xA5, 0xB9, 0x45, 0x4B, 0xB7, 0xB1, 0x68, 0xE7, 0x62, 0xEE, 0x18, 0xDF, 0x53,
        0xE5, 0xA4, 0x94, 0x19, 0x19, 0xA3, 0x37, 0x40, 0xCC, 0x6C, 0x08, 0xA9, 0x77, 0x01, 0x98, 0xB4,
        0xD6, 0xBA, 0x93, 0xA0, 0xB7, 0x96, 0x9A, 0x29, 0x57, 0x24, 0x61, 0x62, 0x29, 0x58, 0xE6, 0xE1,
        0x0D, 0xC2, 0x3B, 0x5D, 0x74, 0xF5, 0x69, 0x63, 0x96, 0xF8, 0xA3, 0x06, 0x18, 0x9B, 0x6A, 0x2B,
        0xA5, 0x30, 0xB8, 0x06, 0xEA, 0x46, 0x84, 0x1E, 0xF5, 0x35, 0xD6, 0x4C, 0x9E, 0x4B, 0x58, 0x33,
        0x9B, 0xDB, 0xEC, 0xD1, 0x53, 0xC1, 0x81, 0x07, 0xEB, 0xAC, 0x43, 0x4B, 0x8F, 0x76, 0x5A, 0x7E,
        0xAA, 0x5D, 0xB3, 0x26, 0x31, 0xC7, 0xAA, 0x63, 0xA1, 0x5F, 0xA0, 0xD7, 0x5A, 0x32, 0xED, 0x25,
        0x88, 0x05, 0xDA, 0xFA, 0x1A, 0x7D, 0xD8, 0xBF, 0x56, 0x45, 0x0A, 0xDA, 0xE9, 0x61, 0x6E, 0xCF,
        0xAA, 0x9A, 0x67, 0xC9, 0x1D, 0xFC, 0x78, 0x1B, 0x03, 0xF4, 0xD1, 0x8E, 0x00, 0x42, 0xB1, 0xC8,
        0x82, 0x6F, 0xAD, 0x15, 0x3C, 0x08, 0xB1, 0xFA, 0xE8, 0x0C, 0xA4, 0x2B, 0x7B, 0x94, 0xCB, 0x43,
        0xFD, 0x55, 0x1E, 0x60, 0xA1, 0x88, 0x59, 0x19, 0x0E, 0x24, 0x0F, 0x2D, 0x6E, 0x13, 0x6D, 0x93,
        0x49, 0x34, 0x65, 0x4E, 0x4D, 0x72, 0x4D, 0x8E, 0x3C, 0x6A, 0x26, 0xDD, 0x2B, 0x89, 0x46, 0xAF,
        0x11, 0x6E, 0x5B, 0x83, 0xE5, 0x14, 0x8F, 0x28, 0x65, 0x74, 0x16, 0x0C, 0x87, 0x13, 0x6F, 0x2D,
        0x4B, 0x02, 0xE6, 0x56, 0x70, 0x04, 0x8C, 0x5A, 0xE4, 0xDB, 0x85, 0x45, 0xB5, 0xB1, 0x58, 0xA1,
        0x60, 0xEB, 0x63, 0xAE, 0x5D, 0xEC, 0x68, 0xEF, 0x58, 0x16, 0x9A, 0xD6, 0x5B, 0x9B, 0x85, 0xEC,
        0xE4, 0x5A, 0x75, 0x8C, 0x12, 0x24, 0x62, 0xED, 0x96, 0xBA, 0x9F, 0x93, 0x4D, 0x28, 0x24, 0x68,
        0x63, 0x37, 0x39, 0xB0, 0x62, 0x4B, 0x0F, 0x2B, 0xFC, 0x86, 0x7D, 0xA4, 0xCF, 0x04, 0xA5, 0x71,
        0x2E, 0x86, 0xC7, 0x13, 0xAE, 0x3F, 0xB3, 0x53, 0x40, 0x9B, 0x89, 0x16, 0x2D, 0xC9, 0xBC, 0xE8,
        0x0E, 0x8E, 0x4F, 0x6B, 0xF9, 0xAA, 0x18, 0xA3, 0xDD, 0x4C, 0xA9, 0xB6, 0x37, 0x80, 0x06, 0xD1,
        0x09, 0x0C, 0x9C, 0x9F, 0x72, 0x47, 0x5A, 0xF7, 0xB1, 0x2B, 0x8D, 0xCE, 0x7D, 0x4E, 0xBD, 0xCE,
        0x79, 0x1D, 0x73, 0xCA, 0xA4, 0x96, 0x3D, 0xEC, 0xCB, 0x24, 0xC4, 0x19, 0x58, 0x31, 0xBB, 0x15,
        0x18, 0x29, 0x6F, 0xB9, 0x51, 0xEE, 0x27, 0xDD, 0x4B, 0x2C, 0xD1, 0x10, 0xD1, 0x3B, 0x39, 0x25,
        0x08, 0x37, 0x0D, 0x1F, 0x93, 0xC3, 0x43, 0x7C, 0xDB, 0x89, 0x0E, 0xED, 0x78, 0x4F, 0x91, 0xCC,
        0x58, 0x61, 0xE2, 0xFB, 0x35, 0x34, 0x2F, 0xB9, 0x91, 0xA2, 0xDC, 0x3F, 0x52, 0x74, 0x2D, 0xA3,
        0xBF, 0x2F, 0x3B, 0xF9, 0xBC, 0x09, 0x52, 0xC1, 0x04, 0xEF, 0x14, 0x3B, 0x81, 0x69, 0xA3, 0x53,
        0x65, 0x60, 0x46, 0x3C, 0xCB, 0xF6, 0x4D, 0x45, 0x3C, 0xFB, 0x99, 0x24, 0x97, 0x6E, 0x41, 0x81,
        0xD9, 0xAE, 0x50, 0x83, 0x92, 0xE1, 0xF7, 0x85, 0x3C, 0xFB, 0x99, 0x1A, 0x69, 0xA4, 0xB6, 0x72,
        0x39, 0xB9, 0x36, 0x18, 0x2F, 0xEC, 0xAD, 0x2C, 0x10, 0x6F, 0x66, 0x8E, 0x24, 0x16, 0x44, 0x56,
        0x36, 0x03, 0xB8, 0x51, 0xDD, 0xC5, 0xB9, 0x95, 0x77, 0x2C, 0x2C, 0xF3, 0xE6, 0x4B, 0x90, 0x7B,
        0x19, 0xDB, 0x99, 0xB8, 0x52, 0xEE, 0x62, 0x91, 0x92, 0x75, 0x25, 0x84, 0xA0, 0xF3, 0x5D, 0xBC,
        0x4D, 0x97, 0xD7, 0x5E, 0xF6, 0x65, 0x73, 0xB9, 0xCF, 0xA9, 0xD7, 0xB9, 0xCF, 0x31, 0xAE, 0x79,
        0x53, 0xEE, 0xD7, 0x77, 0x2A, 0xEE, 0x24, 0x50, 0x92, 0x4A, 0x18, 0xE4, 0xCA, 0x38, 0x2B, 0x1F,
        0xBB, 0x46, 0x4D, 0x9C, 0xCF, 0xB7, 0x72, 0xB8, 0xB3, 0x46, 0x6C, 0x48, 0xE3, 0x63, 0x48, 0xD3,
        0xEF, 0x26, 0x94, 0xC6, 0xC1, 0x90, 0x33, 0x92, 0x03, 0x29, 0xC9, 0x58, 0x2F, 0x87, 0x2F, 0x5A,
        0x8C, 0xF2, 0xBB, 0xCB, 0x21, 0x00, 0x17, 0x91, 0xCB, 0xB6, 0x9E, 0x1B, 0x32, 0xF4, 0xBC, 0x35,
        0x0C, 0xBB, 0xC7, 0x59, 0x70, 0x8C, 0x07, 0x97, 0x75, 0x33, 0x34, 0x99, 0x76, 0xA4, 0x50, 0xBF,
        0xB3, 0x58, 0xF2, 0xF5, 0xDE, 0x8C, 0x28, 0xEB, 0x12, 0x46, 0xB7, 0x2E, 0x02, 0xAA, 0x1E, 0xCC,
        0x51, 0x81, 0xCD, 0xDB, 0xEC, 0xA5, 0x08, 0x36, 0xE9, 0x98, 0x99, 0x4F, 0xB4, 0x63, 0x71, 0xF7,
        0x6F, 0x40, 0x88, 0x59, 0xE4, 0xB1, 0x17, 0x77, 0x05, 0x75, 0x1C, 0x71, 0x31, 0xD3, 0x28, 0xC7,
        0x9B, 0x89, 0x28, 0x84, 0xFD, 0x4C, 0xCB, 0x92, 0xFE, 0x87, 0xEF, 0x71, 0x8F, 0x69, 0x10, 0xE7,
        0xF9, 0xD7, 0xFC, 0x3F, 0x24, 0xA3, 0x70, 0x48, 0xDC, 0x6B, 0x88, 0xD6, 0xFE, 0xAE, 0x36, 0xF9,
        0x3D, 0xEA, 0x41, 0xEC, 0xE2, 0xF0, 0xFC, 0xED, 0xFE, 0x1F, 0x90, 0xC9, 0x21, 0xB2, 0x8F, 0xAC,
        0x92, 0x78, 0x05, 0x1E, 0x93, 0x50, 0x88, 0x07, 0x47, 0x22, 0xEA, 0x24, 0x52, 0xB7, 0xB7, 0x1C,
        0x72, 0xFE, 0x64, 0xC9, 0x2B, 0x05, 0x45, 0xE2, 0x69, 0xB0, 0x8D, 0xD5, 0x00, 0xF1, 0xBA, 0xE2,
        0x09, 0xEE, 0x55, 0x6E, 0x6F, 0xE6, 0x11, 0x58, 0xD8, 0xC8, 0x71, 0x4F, 0x9C, 0xDA, 0xFF, 0x00,
        0xA7, 0x18, 0x88, 0x77, 0x70, 0x2E, 0xCB, 0x1A, 0x97, 0xB5, 0xF8, 0x65, 0x8F, 0x86, 0x84, 0xB1,
        0x9C, 0x91, 0xB8, 0x1E, 0x1F, 0xC8, 0x2C, 0xC6, 0xC0, 0x6A, 0x49, 0xE1, 0x41, 0x61, 0x47, 0x75,
        0x37, 0x26, 0x5C, 0x4A, 0xA0, 0x1F, 0x69, 0xED, 0x9F, 0xDD, 0xFE, 0x4E, 0xA2, 0x95, 0x09, 0x25,
        0x16, 0xE5, 0x54, 0x92, 0x40, 0x27, 0x8D, 0xBF, 0x45, 0x20, 0xEA, 0x0E, 0x84, 0x53, 0xFB, 0xB2,
        0x67, 0x11, 0x37, 0x53, 0x71, 0xA5, 0xFB, 0x2B, 0xF2, 0xBF, 0xAC, 0x50, 0x06, 0x2C, 0x41, 0x3A,
        0x9B, 0x8D, 0x29, 0x20, 0x8F, 0xC2, 0x82, 0xD7, 0xEF, 0x3D, 0xA7, 0xE4, 0x88, 0x9D, 0x00, 0x9E,
        0x32, 0x4F, 0x77, 0x35, 0x6D, 0x54, 0x30, 0x3C, 0xD2, 0x1B, 0x03, 0x7D, 0x30, 0x35, 0xB3, 0xCD,
        0x14, 0x46, 0x64, 0x88, 0x75, 0x03, 0x92, 0xC7, 0x5E, 0xD5, 0xB5, 0x3E, 0xEA, 0x28, 0x96, 0x3B,
        0x49, 0xA4, 0xA6, 0x53, 0xD4, 0xB8, 0x7C, 0x4F, 0xB3, 0xFF, 0x00, 0x86, 0xA7, 0x23, 0x42, 0x10,
        0x90, 0x78, 0x6A, 0x2B, 0x6E, 0x65, 0x45, 0x8C, 0x63, 0x21, 0x52, 0x8C, 0x58, 0x92, 0x12, 0xFC,
        0xC2, 0xCB, 0x5B, 0x59, 0x56, 0x35, 0x88, 0xE8, 0xCF, 0x37, 0x57, 0x26, 0x7B, 0x8E, 0x65, 0xE9,
        0xFA, 0xF5, 0xB7, 0x8D, 0xCF, 0xB3, 0x79, 0x40, 0x71, 0x7B, 0x02, 0x2C, 0xC6, 0xC7, 0xEF, 0x56,
        0xEA, 0x15, 0x17, 0x85, 0x11, 0x5D, 0x17, 0x22, 0x40, 0x72, 0x1E, 0xE4, 0x73, 0x56, 0xC1, 0x08,
        0xB2, 0x4F, 0x63, 0x30, 0xC8, 0x80, 0xC4, 0x21, 0x65, 0xCB, 0x5A, 0x93, 0x6E, 0x8C, 0x56, 0x05,
        0xDC, 0x41, 0x6B, 0x37, 0x87, 0x21, 0xCF, 0x8B, 0x13, 0xCB, 0x5B, 0xC8, 0x63, 0x91, 0xDA, 0x31,
        0xB7, 0x12, 0x6A, 0xE5, 0x88, 0x6B, 0x91, 0xA3, 0x7A, 0x35, 0xB6, 0x68, 0x3D, 0x34, 0x73, 0x2E,
        0x2C, 0x58, 0xB0, 0x09, 0x9E, 0xBC, 0xD5, 0xB5, 0x9A, 0x38, 0xD2, 0x15, 0x99, 0xC0, 0xC8, 0x4A,
        0x59, 0xCA, 0xB0, 0x3C, 0xAE, 0x86, 0x95, 0x36, 0x80, 0xCF, 0x14, 0x6E, 0xE2, 0x16, 0x27, 0xB7,
        0x03, 0x9C, 0x5F, 0xE6, 0xAC, 0x55, 0xB7, 0x89, 0x14, 0x6E, 0x9A, 0x45, 0x69, 0x33, 0x92, 0x42,
        0x80, 0x9D, 0x33, 0xCB, 0xD7, 0xCB, 0xF7, 0x74, 0x90, 0x95, 0x0E, 0x83, 0x72, 0xE9, 0xD1, 0xEA,
        0x72, 0xD8, 0x2E, 0x41, 0x3A, 0xDE, 0x55, 0x6A, 0xDD, 0x34, 0x88, 0xAA, 0x15, 0x4B, 0x45, 0x1A,
        0xC8, 0x5F, 0x02, 0x17, 0x56, 0xC8, 0x1F, 0x4E, 0x90, 0x46, 0xB8, 0x86, 0x01, 0x9B, 0x52, 0x75,
        0xB7, 0xCF, 0x51, 0xC9, 0x33, 0x12, 0xED, 0xBA, 0x64, 0x6B, 0xB9, 0x1C, 0xA3, 0x30, 0xBC, 0xA0,
        0xF2, 0xD4, 0x4E, 0x0B, 0x3A, 0xC7, 0xB8, 0x96, 0x34, 0x5B, 0x92, 0x4A, 0xE3, 0xC9, 0x1F, 0xAD,
        0xCF, 0x5B, 0x82, 0xED, 0x94, 0xE2, 0x68, 0x1B, 0x89, 0x00, 0x16, 0xFD, 0xD8, 0xF5, 0x35, 0xC2,
        0xA6, 0x6D, 0xD4, 0x61, 0x55, 0x76, 0xE7, 0x91, 0x1C, 0x9B, 0xF3, 0x85, 0xF1, 0x72, 0xE3, 0x51,
        0x8C, 0x23, 0x81, 0x5E, 0x37, 0x2C, 0x12, 0x42, 0xE0, 0xDB, 0x12, 0x0B, 0xE5, 0xE5, 0xAD, 0x9E,
        0xE8, 0x0F, 0x6B, 0x36, 0xE2, 0xEC, 0xF7, 0x3A, 0xAB, 0x17, 0xD2, 0x84, 0x84, 0x46, 0xD0, 0x89,
        0x19, 0x4F, 0x31, 0xEA, 0x58, 0xC8, 0x57, 0xC3, 0x6C, 0x6B, 0x7C, 0x23, 0x45, 0x68, 0x95, 0xE5,
        0x19, 0x97, 0x21, 0x87, 0xD9, 0x5B, 0x56, 0xE0, 0xEE, 0x79, 0x8C, 0x68, 0x81, 0x32, 0x62, 0x2C,
        0x0A, 0x65, 0xCB, 0xCC, 0xBE, 0x95, 0x46, 0x77, 0x03, 0xA8, 0x46, 0xDA, 0x36, 0xD4, 0x9E, 0x24,
        0xB6, 0xBC, 0xA6, 0xB7, 0x4B, 0x36, 0xA2, 0x10, 0xAB, 0x10, 0x2C, 0x46, 0x2B, 0x86, 0x5C, 0xBC,
        0xD5, 0x13, 0xB1, 0x25, 0x8C, 0x40, 0x96, 0x3C, 0x6F, 0x6A, 0x87, 0xDE, 0x89, 0x45, 0x8A, 0x0E,
        0xA4, 0x28, 0x1B, 0xF3, 0x2C, 0x39, 0xE4, 0x2D, 0xE7, 0x55, 0xFD, 0xDD, 0x6C, 0xE5, 0x8E, 0x24,
        0x84, 0x4C, 0xE2, 0xCC, 0x25, 0x2E, 0xEC, 0xAC, 0xA4, 0xE2, 0xE8, 0x6A, 0x0D, 0xB4, 0xB0, 0xB8,
        0xC2, 0x64, 0x06, 0x6B, 0x82, 0xA7, 0xDA, 0x5F, 0xBF, 0x3E, 0x6A, 0x95, 0xF0, 0x51, 0x2F, 0x59,
        0x80, 0xDD, 0x34, 0xB6, 0x2B, 0x8B, 0xFF, 0x00, 0x0F, 0xD5, 0x5A, 0xDD, 0x34, 0xED, 0x8C, 0xCB,
        0x2B, 0x2A, 0x48, 0x58, 0x82, 0x80, 0x05, 0xC3, 0x11, 0x90, 0xF0, 0xD4, 0x4A, 0xC9, 0x90, 0x68,
        0x99, 0xDB, 0x53, 0xAB, 0x06, 0x4E, 0x7F, 0x15, 0x36, 0xE0, 0x46, 0x80, 0xAC, 0xC7, 0xDB, 0xF5,
        0x0F, 0x52, 0xC2, 0x4B, 0x69, 0x15, 0x6E, 0xE6, 0x8E, 0x15, 0x0D, 0x11, 0x61, 0xD6, 0x69, 0x4A,
        0xB8, 0x65, 0x1E, 0x28, 0xE3, 0xFE, 0xED, 0x48, 0xF7, 0xD4, 0xC2, 0x4E, 0x5F, 0x3E, 0x35, 0xB0,
        0x78, 0x97, 0x17, 0x90, 0x80, 0xE6, 0xE4, 0xDE, 0xF1, 0x96, 0xD6, 0xE6, 0xA1, 0xDC, 0xA1, 0xFF,
        0x00, 0x53, 0xD5, 0x51, 0x9E, 0x64, 0xB6, 0xB2, 0x60, 0x56, 0xD9, 0x79, 0x2B, 0x7B, 0xB9, 0x73,
        0xFE, 0xA2, 0x39, 0x24, 0xC1, 0xF2, 0x20, 0x8C, 0x4F, 0xB3, 0xC5, 0x6F, 0x5B, 0x83, 0x35, 0x9B,
        0xA3, 0xB7, 0x50, 0xBC, 0xD6, 0xB3, 0x90, 0xEE, 0x78, 0x11, 0xCD, 0x50, 0x6E, 0x58, 0x96, 0x8E,
        0x6D, 0xB8, 0x53, 0xAD, 0xFD, 0xA2, 0x2E, 0x51, 0xFF, 0x00, 0xDC, 0xF0, 0xD0, 0x58, 0xEE, 0xCE,
        0x36, 0xC0, 0xCC, 0xD7, 0xB9, 0x52, 0x5C, 0x99, 0x25, 0x09, 0xE9, 0xE1, 0x7A, 0xD9, 0x94, 0x1D,
        0x45, 0x96, 0x4B, 0x33, 0xE4, 0xC7, 0x35, 0xC1, 0x9B, 0x9B, 0x9B, 0xCD, 0x5B, 0x8E, 0x9C, 0x29,
        0x6D, 0xBA, 0xE3, 0xD4, 0x79, 0x4A, 0x90, 0x42, 0xDC, 0x74, 0xD2, 0xA2, 0x62, 0xD9, 0x39, 0x45,
        0x2D, 0xDF, 0xA8, 0xAD, 0xE0, 0x2C, 0x14, 0xDE, 0x33, 0x62, 0x6D, 0xA6, 0x35, 0x0C, 0x60, 0x07,
        0x80, 0xC7, 0x23, 0x00, 0x09, 0xB6, 0x59, 0xAE, 0x4D, 0xCA, 0x6B, 0xDD, 0xBA, 0x42, 0x4B, 0xEE,
        0x25, 0x11, 0xA3, 0xB9, 0x45, 0x01, 0x00, 0xF1, 0x37, 0xF7, 0x56, 0x9F, 0x6E, 0xF6, 0x48, 0xBD,
        0xED, 0x11, 0xA3, 0x57, 0x2C, 0xA1, 0x4A, 0xE4, 0xC9, 0xD4, 0xF1, 0x63, 0x9D, 0x4B, 0x24, 0x12,
        0x60, 0x99, 0x44, 0xC5, 0x15, 0xAE, 0x14, 0x87, 0xF1, 0xF1, 0x3E, 0x35, 0xA9, 0xE6, 0x90, 0x95,
        0x59, 0xB6, 0xB2, 0x34, 0x71, 0x79, 0x50, 0x15, 0x09, 0x90, 0xF3, 0xB7, 0x8E, 0xB6, 0xA2, 0x19,
        0x5D, 0xFA, 0xAA, 0xC1, 0xC3, 0x39, 0x70, 0x40, 0x4C, 0x87, 0x29, 0xBE, 0x3C, 0xD5, 0xB5, 0xDC,
        0xA1, 0xFF, 0x00, 0x52, 0xF2, 0x26, 0x6F, 0x91, 0x2C, 0x72, 0x6B, 0x49, 0x71, 0x95, 0x15, 0x70,
        0x1B, 0x5B, 0xAA, 0xB3, 0x60, 0x09, 0x1E, 0x89, 0x61, 0x5B, 0x88, 0x1E, 0x31, 0x8B, 0x49, 0x12,
        0xA4, 0x2B, 0x21, 0xC0, 0x16, 0x1C, 0x4C, 0xDE, 0x25, 0xF5, 0xEA, 0x68, 0x42, 0xAC, 0x6A, 0x23,
        0x46, 0xE9, 0xA3, 0x97, 0x17, 0x25, 0xB9, 0xB9, 0xBD, 0x2A, 0x29, 0x32, 0xE6, 0xAB, 0x08, 0x20,
        0x5C, 0x80, 0x0E, 0x44, 0x7A, 0x35, 0xB7, 0x82, 0x5D, 0x61, 0xCA, 0x7E, 0x42, 0xC4, 0x0B, 0xAB,
        0x72, 0x76, 0xFA, 0x34, 0x13, 0x6D, 0xCC, 0x23, 0xDD, 0xE3, 0x12, 0x96, 0x38, 0xD8, 0xA5, 0xD9,
        0x32, 0xE6, 0xE5, 0xAD, 0xE3, 0xCC, 0x04, 0x4C, 0x8B, 0x03, 0x00, 0xAC, 0x58, 0x0E, 0x7F, 0x17,
        0xA3, 0x52, 0xEE, 0x1C, 0x95, 0x49, 0x76, 0xD3, 0x18, 0xA3, 0xE1, 0x64, 0x18, 0xE0, 0xE7, 0xD7,
        0x7F, 0x1D, 0x1D, 0xB3, 0x64, 0x12, 0x14, 0x12, 0x36, 0xE3, 0xCE, 0x9A, 0x18, 0xA3, 0xBF, 0x9F,
        0xF8, 0x9F, 0x62, 0xB7, 0x2E, 0xB0, 0xA9, 0x68, 0x45, 0x9A, 0x57, 0x94, 0xAB, 0x06, 0x0B, 0x95,
        0xE3, 0x8F, 0xEB, 0xA0, 0x61, 0x55, 0x94, 0xBE, 0xDE, 0x26, 0x70, 0xEC, 0x54, 0x5F, 0x9B, 0x9B,
        0x83, 0x56, 0xD1, 0xEC, 0x5E, 0x57, 0x13, 0x20, 0x4B, 0xDF, 0x26, 0x2F, 0xC8, 0xBF, 0x8A, 0xBA,
        0x32, 0x93, 0x39, 0x3B, 0xB2, 0x24, 0x05, 0xB0, 0x0D, 0xC8, 0x1F, 0x1C, 0xFD, 0x14, 0xCE, 0xA6,
        0x24, 0x2C, 0x68, 0xC5, 0x71, 0x85, 0x5F, 0xA9, 0x8D, 0x87, 0x33, 0x65, 0xEB, 0xFE, 0x84, 0x51,
        0xC0, 0x65, 0x61, 0x62, 0x0E, 0xA0, 0x8A, 0x26, 0x28, 0x91, 0x09, 0x16, 0x25, 0x40, 0x1A, 0x52,
        0xA6, 0x23, 0x14, 0x20, 0xAA, 0xDB, 0x40, 0x47, 0x0A, 0x32, 0x34, 0x28, 0x5C, 0xF1, 0x62, 0xA2,
        0xF4, 0x51, 0x80, 0x65, 0x6D, 0x08, 0x3C, 0x08, 0xA5, 0x62, 0xA0, 0x94, 0xF0, 0x9E, 0xEB, 0xE9,
        0xA5, 0x75, 0x12, 0x14, 0x57, 0xBD, 0xF2, 0x0A, 0x2F, 0x7A, 0x29, 0x2A, 0x87, 0x43, 0xC5, 0x58,
        0x5C, 0x51, 0x48, 0x91, 0x51, 0x5B, 0x88, 0x02, 0xC0, 0xFD, 0x34, 0x22, 0x78, 0xD5, 0xA3, 0x16,
        0xB2, 0x11, 0x70, 0x2D, 0xC2, 0x8C, 0x2B, 0x12, 0x88, 0x9B, 0x8A, 0x58, 0x58, 0xD4, 0xB0, 0x44,
        0x8B, 0x08, 0x94, 0x10, 0xC5, 0x05, 0xAA, 0xF1, 0x44, 0xA8, 0xD6, 0xB1, 0x60, 0x00, 0x26, 0xB3,
        0x58, 0x50, 0x35, 0xEF, 0x70, 0xA2, 0xF7, 0xA4, 0x01, 0x00, 0xE9, 0xF8, 0x2C, 0x38, 0x5F, 0xCB,
        0x58, 0xBC, 0x48, 0xCB, 0x72, 0xD6, 0x20, 0x71, 0x3C, 0x5A, 0xBA, 0x5D, 0x24, 0xE9, 0x93, 0x7C,
        0x2C, 0x2D, 0x71, 0xDB, 0x4D, 0x1C, 0x71, 0xAA, 0xA3, 0x78, 0x94, 0x00, 0x01, 0xFA, 0x68, 0x01,
        0xA0, 0x1C, 0x29, 0x64, 0x68, 0xD7, 0x20, 0xC1, 0x9C, 0xE2, 0x2E, 0xC0, 0x0B, 0x62, 0xD4, 0x8A,
        0xB1, 0xA8, 0x11, 0x9B, 0xA0, 0x03, 0xC2, 0x7D, 0x5A, 0x24, 0xA0, 0x25, 0x88, 0x2D, 0x71, 0xC4,
        0xAF, 0x84, 0x9F, 0xB3, 0x45, 0x99, 0x41, 0x24, 0x62, 0x49, 0x1C, 0x54, 0xFA, 0x34, 0x71, 0x81,
        0x05, 0xF4, 0x3C, 0xA2, 0x94, 0x15, 0x1C, 0x86, 0xEB, 0xA7, 0x02, 0x3B, 0xAB, 0xA8, 0xB0, 0xA0,
        0x7B, 0xDF, 0x2C, 0x45, 0xEF, 0xDF, 0x4C, 0x98, 0x8C, 0x64, 0xB9, 0x71, 0x6D, 0x0D, 0xFC, 0x59,
        0x50, 0x69, 0x62, 0x47, 0x20, 0x58, 0x16, 0x00, 0xE9, 0xDD, 0x59, 0x85, 0x01, 0xAC, 0x16, 0xFF,
        0x00, 0x30, 0xE0, 0xB5, 0x9C, 0xD1, 0x24, 0x8C, 0x05, 0xAE, 0xC0, 0x13, 0x6A, 0xB5, 0xB4, 0xE1,
        0x6E, 0xCB, 0x52, 0x28, 0x45, 0xB4, 0x7E, 0x01, 0x6F, 0x0F, 0xD9, 0xAC, 0xD2, 0x04, 0x57, 0xBD,
        0xF2, 0x0A, 0x2F, 0x7E, 0x34, 0x03, 0x80, 0xC0, 0x10, 0x45, 0xFB, 0xC6, 0xA0, 0xD7, 0x55, 0xE1,
        0x46, 0x90, 0xEA, 0x58, 0xA8, 0xBD, 0xEB, 0xA9, 0x24, 0x28, 0xEF, 0xE6, 0x65, 0x04, 0xE9, 0x41,
        0xF1, 0x19, 0x28, 0xB0, 0x6B, 0x6A, 0x07, 0x96, 0x84, 0x82, 0x04, 0x0E, 0x0E, 0x59, 0x62, 0x2F,
        0x7F, 0x35, 0x75, 0x24, 0x85, 0x1D, 0xCF, 0x16, 0x2A, 0x09, 0xAC, 0x2C, 0x30, 0xB6, 0x38, 0xF6,
        0x5B, 0x86, 0x34, 0xB7, 0x51, 0xEC, 0xFC, 0x1F, 0x36, 0x98, 0xF2, 0xD2, 0xDA, 0x35, 0x69, 0x52,
        0xE7, 0xAA, 0x54, 0x65, 0x72, 0x6F, 0x7A, 0xEA, 0xBC, 0x28, 0xD2, 0x5C, 0x1C, 0x8A, 0x8B, 0xDC,
        0x53, 0x97, 0x89, 0x65, 0x67, 0x76, 0x72, 0xCC, 0xA0, 0x9E, 0x63, 0x95, 0xAA, 0x1D, 0xBE, 0x7F,
        0xE9, 0xE1, 0x6C, 0x8C, 0x65, 0x45, 0xD8, 0x86, 0xCD, 0x79, 0xBD, 0x15, 0xAC, 0xEC, 0x33, 0xB6,
        0x39, 0x76, 0xDB, 0xCB, 0x4A, 0x02, 0x28, 0x08, 0x6E, 0x80, 0x0D, 0x01, 0xEF, 0x5A, 0xEA, 0x49,
        0x12, 0x3B, 0xF9, 0x8A, 0x82, 0x74, 0xA2, 0x51, 0x15, 0x6E, 0x00, 0x36, 0x16, 0xD0, 0x78, 0x7F,
        0x0D, 0x06, 0x9A, 0x25, 0x90, 0x81, 0x60, 0x58, 0x5C, 0xDA, 0x94, 0xAA, 0x05, 0xC0, 0x62, 0xB6,
        0x16, 0xB0, 0xF2, 0x8A, 0x28, 0xF1, 0x2B, 0x29, 0x6C, 0xC8, 0x22, 0xFC, 0xC7, 0xD2, 0xA3, 0x10,
        0x85, 0x04, 0x6D, 0xE2, 0x5C, 0x45, 0x8D, 0xA8, 0xA2, 0xC2, 0x8A, 0x8D, 0x6C, 0x94, 0x28, 0xB1,
        0xB7, 0x0B, 0xD6, 0x65, 0x41, 0x6B, 0x63, 0x7B, 0x76, 0x1F, 0x46, 0xB2, 0x86, 0x24, 0x8D, 0x8E,
        0x97, 0x50, 0x01, 0xB5, 0x75, 0x56, 0x14, 0x12, 0x5E, 0xF9, 0x85, 0x17, 0xB9, 0xAC, 0x25, 0x40,
        0xEB, 0xC6, 0xCC, 0x2F, 0x46, 0x11, 0x12, 0x08, 0xDB, 0x56, 0x4B, 0x0B, 0x1F, 0xA6, 0x89, 0x86,
        0x35, 0x8C, 0x9D, 0x09, 0x51, 0x6A, 0xCE, 0xC3, 0x3B, 0x63, 0x97, 0x6D, 0xBB, 0xAB, 0xA6, 0xF1,
        0x2B, 0x20, 0x25, 0x82, 0x90, 0x08, 0xB9, 0xE2, 0x69, 0x51, 0x63, 0x55, 0x54, 0x39, 0x20, 0x03,
        0x40, 0x7C, 0xC2, 0x9B, 0x34, 0x56, 0xCC, 0x00, 0xF7, 0x17, 0xB8, 0x1A, 0xAE, 0x5F, 0x66, 0xAE,
        0xE8, 0x1B, 0x94, 0xA5, 0xC8, 0xF4, 0x4F, 0x89, 0x7E, 0xCD, 0x74, 0xD9, 0x41, 0x42, 0x2D, 0x89,
        0xE1, 0x6A, 0xEA, 0x49, 0x0A, 0x3B, 0x8F, 0x48, 0xA8, 0x27, 0x4A, 0xC9, 0x54, 0x29, 0xB0, 0x5B,
        0x81, 0xD8, 0x38, 0x2D, 0x29, 0x08, 0xA0, 0xA5, 0xF0, 0x36, 0xE1, 0x97, 0x8B, 0x1F, 0xB5, 0x4C,
        0xAF, 0x1A, 0xB2, 0xB9, 0xC9, 0x81, 0x1A, 0x13, 0xE6, 0xA2, 0x21, 0x45, 0x8C, 0x1E, 0x21, 0x45,
        0xBF, 0xA4, 0x67, 0xFA, 0x31, 0xFF, 0xD9,
    };

    inline constexpr std::size_t mm_tablo_size = sizeof(mm_tablo);
}
